Dates,Dates,G007026E45991N,G007050E45972N,G007281E45526N,G007297E45961N,G007394E45986N,G007419E45967N,G007510E46381N,G007549E46005N,G007581E46002N,G007603E46067N,G007625E45991N,G007639E46058N,G007682E46077N,G007702E46120N,G007730E45943N,G007761E45922N,G007800E45965N,G007807E46481N,G007833E46493N,G007846E45906N,G007860E46128N,G007880E45990N,G007892E46055N,G007896E46027N,G007908E45948N,G007922E46000N,G007930E46472N,G007964E46423N,G008016E46459N,G008051E46567N,G008098E46566N,G008131E46609N,G008144E46504N,G008147E46640N,G008156E46616N,G008187E46569N,G008379E46648N,G008431E46695N,G008861E46827N,G009837E46351N,G009860E46370N,G009889E46366N,G009942E46399N,G009969E46369N,G010535E46167N,G010577E46153N,G010609E46395N,G011184E46953N,G021992E70174N,G022083E70150N,G041229E43392N,G041338E43356N,G041406E43354N,G041420E43362N,G041426E43326N,G041439E43313N,G041493E43296N,G041519E43299N,G041523E43281N,G041561E43266N,G041572E43240N,G041626E43230N,G041652E43255N,G041673E43238N,G041692E43207N,G041693E43224N,G041772E43227N,G041843E43225N,G041904E43293N,G041997E43219N,G042051E43198N,G042078E43218N,G042093E43100N,G042100E43207N,G042112E43216N,G042177E43228N,G042208E43222N,G042234E43233N,G042280E43217N,G042321E43226N,G043762E42752N,G043763E42801N,G043771E42740N,G043772E42828N,G043844E42752N,G043845E42727N,G043884E42750N,G044389E42749N,G044447E42733N,G044467E42706N,G044477E42719N,G044483E42698N,G044503E42719N,G044517E42715N,G044537E42706N,G045335E42577N,G045645E42509N,G047796E38263N,G050944E36380N,G050969E36388N,G072154E36611N,G072276E36720N,G073881E36791N,G075110E36318N,G075212E36027N,G075248E38558N,G076135E33464N,G076139E33764N,G076233E33705N,G076553E35339N,G076582E35961N,G077195E35779N,G077441E36518N,G077780E36712N,G077972E34575N,G079397E36144N,G079448E36046N,G079544E31011N,G079568E34309N,G080251E42005N,G080422E35819N,G080574E35527N,G080581E42004N,G080842E42199N,G080860E34368N,G080949E42400N,G081057E35255N,G081184E35317N,G081637E42410N,G082076E35436N,G083476E28736N,G084142E28500N,G084689E28511N,G084759E28427N,G084939E43518N,G085638E34457N,G085758E28296N,G085885E34389N,G086280E28276N,G086633E28122N,G086719E28132N,G087182E36381N,G087347E36344N,G087851E49154N,G089107E33816N,G089122E33894N,G090157E28136N,G090936E36102N,G091091E33424N,G091092E33366N,G211128E60439N,G212558E63648N,G213319E63433N,G222166E59371N,G222767E59342N,G222945E59218N,G223019E59160N,G223058E59316N,G223217E59479N,G223301E58723N,G223304E59444N,G223515E59091N,G223711E59237N,G223858E59202N,G225242E59366N,G225315E59267N,G225357E59279N,G225688E59122N,G226067E58945N,G226234E58919N,G226274E58882N,G226677E58330N,G226792E58448N,G226839E58334N,G226922E58043N,G227371E58087N,G227390E57963N,G227438E57917N,G227454E58004N,G227482E57968N,G227526E57562N,G227627E57972N,G227643E57506N,G227691E57501N,G227784E57753N,G235042E57853N,G239484E53002N,G239808E52894N,G240244E52815N,G240543E53417N,G241920E52410N,G242130E52179N,G242143E52208N,G242234E52184N,G242636E52211N,G242657E52180N,G242731E52135N,G242954E51919N,G243063E50807N,G243112E51724N,G282656E09382S,G286639E49733S,G286738E50402S,G286764E50376S,G286773E49566S,G286852E49174S,G286866E49224S,G286875E49227S,G286878E49177S,G286883E50681S,G286900E49352S,G286902E49166S,G286920E49359S,G286924E49328S,G286929E49140S,G286934E49316S,G286954E49103S,G286984E49869S,G287357E15537S,G287591E48477S,G287611E48517S,G287660E48530S,G287664E48504S,G287940E42132S,G288117E41158S,G289903E32043S,G289924E32060S,G289971E32602S,G289972E33043S,G289986E32570S,G289994E32681S,G289995E32986S,G290007E31452S,G290035E33013S,G290117E33830S,G290133E33763S,G290159E33735S,G290163E33530S,G290191E33451S,G290195E33749S,G290197E33544S,G290207E30395S,G290237E33382S,G290237E33400S,G291155E27738S
0,1979-01-01,,,,,,,,,,,,,,,,,,,,,,,,,,,,,,,,,,,,,,,,,,,,,,,,,,,,,,,,,,,,,,,,,,,,,,,,,,,,,,,,,,,,,,,,,,,,,,,,,,,,,,,,,,,,,,,,,,,,,,,,,,,,,,,,,,,,,,,,,,,,,,,,,,,,,,,,,,,,,,,,,,,,,,,,,,,,,,,,,,,,,,,,,,,,,,,,,,,,,,,,,,,,,,,,,,,,,,,,,,,,,,,,,,,,,,,,,,,,,,,,,,,,,
1,1979-02-01,,,,,,,,,,,,,,,,,,,,,,,,,,,,,,,,,,,,,,,,,,,,,,,,,,,,,,,,,,,,,,,,,,,,,,,,,,,,,,,,,,,,,,,,,,,,,,,,,,,,,,,,,,,,,,,,,,,,,,,,,,,,,,,,,,,,,,,,,,,,,,,,,,,,,,,,,,,,,,,,,,,,,,,,,,,,,,,,,,,,,,,,,,,,,,,,,,,,,,,,,,,,,,,,,,,,,,,,,,,,,,,,,,,,,,,,,,,,,,,,,,,,,
2,1979-03-01,,,,,,,,,,,,,,,,,,,,,,,,,,,,,,,,,,,,,,,,,,,,,,,,,,,,,,,,,,,,,,,,,,,,,,,,,,,,,,,,,,,,,,,,,,,,,,,,,,,,,,,,,,,,,,,,,,,,,,,,,,,,,,,,,,,,,,,,,,,,,,,,,,,,,,,,,,,,,,,,,,,,,,,,,,,,,,,,,,,,,,,,,,,,,,,,,,,,,,,,,,,,,,,,,,,,,,,,,,,,,,,,,,,,,,,,,,,,,,,,,,,,,
3,1979-04-01,,,,,,,,,,,,,,,,,,,,,,,,,,,,,,,,,,,,,,,,,,,,,,,,,,,,,,,,,,,,,,,,,,,,,,,,,,,,,,,,,,,,,,,,,,,,,,,,,,,,,,,,,,,,,,,,,,,,,,,,,,,,,,,,,,,,,,,,,,,,,,,,,,,,,,,,,,,,,,,,,,,,,,,,,,,,,,,,,,,,,,,,,,,,,,,,,,,,,,,,,,,,,,,,,,,,,,,,,,,,,,,,,,,,,,,,,,,,,,,,,,,,,
4,1979-05-01,,,,,,,,,,,,,,,,,,,,,,,,,,,,,,,,,,,,,,,,,,,,,,,,,,,,,,,,,,,,,,,,,,,,,,,,,,,,,,,,,,,,,,,,,,,,,,,,,,,,,,,,,,,,,,,,,,,,,,,,,,,,,,,,,,,,,,,,,,,,,,,,,,,,,,,,,,,,,,,,,,,,,,,,,,,,,,,,,,,,,,,,,,,,,,,,,,,,,,,,,,,,,,,,,,,,,,,,,,,,,,,,,,,,,,,,,,,,,,,,,,,,,
5,1979-06-01,,,,,,,,,,,,,,,,,,,,,,,,,,,,,,,,,,,,,,,,,,,,,,,,,,,,,,,,,,,,,,,,,,,,,,,,,,,,,,,,,,,,,,,,,,,,,,,,,,,,,,,,,,,,,,,,,,,,,,,,,,,,,,,,,,,,,,,,,,,,,,,,,,,,,,,,,,,,,,,,,,,,,,,,,,,,,,,,,,,,,,,,,,,,,,,,,,,,,,,,,,,,,,,,,,,,,,,,,,,,,,,,,,,,,,,,,,,,,,,,,,,,,
6,1979-07-01,,,,,,,,,,,,,,,,,,,,,,,,,,,,,,,,,,,,,,,,,,,,,,,,,,,,,,,,,,,,,,,,,,,,,,,,,,,,,,,,,,,,,,,,,,,,,,,,,,,,,,,,,,,,,,,,,,,,,,,,,,,,,,,,,,,,,,,,,,,,,,,,,,,,,,,,,,,,,,,,,,,,,,,,,,,,,,,,,,,,,,,,,,,,,,,,,,,,,,,,,,,,,,,,,,,,,,,,,,,,,,,,,,,,,,,,,,,,,,,,,,,,,
7,1979-08-01,,,,,,,,,,,,,,,,,,,,,,,,,,,,,,,,,,,,,,,,,,,,,,,,,,,,,,,,,,,,,,,,,,,,,,,,,,,,,,,,,,,,,,,,,,,,,,,,,,,,,,,,,,,,,,,,,,,,,,,,,,,,,,,,,,,,,,,,,,,,,,,,,,,,,,,,,,,,,,,,,,,,,,,,,,,,,,,,,,,,,,,,,,,,,,,,,,,,,,,,,,,,,,,,,,,,,,,,,,,,,,,,,,,,,,,,,,,,,,,,,,,,,
8,1979-09-01,,,,,,,,,,,,,,,,,,,,,,,,,,,,,,,,,,,,,,,,,,,,,,,,,,,,,,,,,,,,,,,,,,,,,,,,,,,,,,,,,,,,,,,,,,,,,,,,,,,,,,,,,,,,,,,,,,,,,,,,,,,,,,,,,,,,,,,,,,,,,,,,,,,,,,,,,,,,,,,,,,,,,,,,,,,,,,,,,,,,,,,,,,,,,,,,,,,,,,,,,,,,,,,,,,,,,,,,,,,,,,,,,,,,,,,,,,,,,,,,,,,,,
9,1979-10-01,,,,,,,,,,,,,,,,,,,,,,,,,,,,,,,,,,,,,,,,,,,,,,,,,,,,,,,,,,,,,,,,,,,,,,,,,,,,,,,,,,,,,,,,,,,,,,,,,,,,,,,,,,,,,,,,,,,,,,,,,,,,,,,,,,,,,,,,,,,,,,,,,,,,,,,,,,,,,,,,,,,,,,,,,,,,,,,,,,,,,,,,,,,,,,,,,,,,,,,,,,,,,,,,,,,,,,,,,,,,,,,,,,,,,,,,,,,,,,,,,,,,,
10,1979-11-01,,,,,,,,,,,,,,,,,,,,,,,,,,,,,,,,,,,,,,,,,,,,,,,,,,,,,,,,,,,,,,,,,,,,,,,,,,,,,,,,,,,,,,,,,,,,,,,,,,,,,,,,,,,,,,,,,,,,,,,,,,,,,,,,,,,,,,,,,,,,,,,,,,,,,,,,,,,,,,,,,,,,,,,,,,,,,,,,,,,,,,,,,,,,,,,,,,,,,,,,,,,,,,,,,,,,,,,,,,,,,,,,,,,,,,,,,,,,,,,,,,,,,
11,1979-12-01,,,,,,,,,,,,,,,,,,,,,,,,,,,,,,,,,,,,,,,,,,,,,,,,,,,,,,,,,,,,,,,,,,,,,,,,,,,,,,,,,,,,,,,,,,,,,,,,,,,,,,,,,,,,,,,,,,,,,,,,,,,,,,,,,,,,,,,,,,,,,,,,,,,,,,,,,,,,,,,,,,,,,,,,,,,,,,,,,,,,,,,,,,,,,,,,,,,,,,,,,,,,,,,,,,,,,,,,,,,,,,,,,,,,,,,,,,,,,,,,,,,,,
12,1980-01-01,,,,,,,,,,,,,,,,,,,,,,,,,,,,,,,,,,,,,,,,,,,,,,,,,,,,,,,,,,,,,,,,,,,,,,,,,,,,,,,,,,,,,,,,,,,,,,,,,,,,,,,,,,,,,,,,,,,,,,,,,,,,,,,,,,,,,,,,,,,,,,,,,,,,,,,,,,,,,,,,,,,,,,,,,,,,,,,,,,,,,,,,,,,,,,,,,,,,,,,,,,,,,,,,,,,,,,,,,,,,,,,,,,,,,,,,,,,,,,,,,,,,,
13,1980-02-01,,,,,,,,,,,,,,,,,,,,,,,,,,,,,,,,,,,,,,,,,,,,,,,,,,,,,,,,,,,,,,,,,,,,,,,,,,,,,,,,,,,,,,,,,,,,,,,,,,,,,,,,,,,,,,,,,,,,,,,,,,,,,,,,,,,,,,,,,,,,,,,,,,,,,,,,,,,,,,,,,,,,,,,,,,,,,,,,,,,,,,,,,,,,,,,,,,,,,,,,,,,,,,,,,,,,,,,,,,,,,,,,,,,,,,,,,,,,,,,,,,,,,
14,1980-03-01,,,,,,,,,,,,,,,,,,,,,,,,,,,,,,,,,,,,,,,,,,,,,,,,,,,,,,,,,,,,,,,,,,,,,,,,,,,,,,,,,,,,,,,,,,,,,,,,,,,,,,,,,,,,,,,,,,,,,,,,,,,,,,,,,,,,,,,,,,,,,,,,,,,,,,,,,,,,,,,,,,,,,,,,,,,,,,,,,,,,,,,,,,,,,,,,,,,,,,,,,,,,,,,,,,,,,,,,,,,,,,,,,,,,,,,,,,,,,,,,,,,,,
15,1980-04-01,,,,,,,,,,,,,,,,,,,,,,,,,,,,,,,,,,,,,,,,,,,,,,,,,,,,,,,,,,,,,,,,,,,,,,,,,,,,,,,,,,,,,,,,,,,,,,,,,,,,,,,,,,,,,,,,,,,,,,,,,,,,,,,,,,,,,,,,,,,,,,,,,,,,,,,,,,,,,,,,,,,,,,,,,,,,,,,,,,,,,,,,,,,,,,,,,,,,,,,,,,,,,,,,,,,,,,,,,,,,,,,,,,,,,,,,,,,,,,,,,,,,,
16,1980-05-01,,,,,,,,,,,,,,,,,,,,,,,,,,,,,,,,,,,,,,,,,,,,,,,,,,,,,,,,,,,,,,,,,,,,,,,,,,,,,,,,,,,,,,,,,,,,,,,,,,,,,,,,,,,,,,,,,,,,,,,,,,,,,,,,,,,,,,,,,,,,,,,,,,,,,,,,,,,,,,,,,,,,,,,,,,,,,,,,,,,,,,,,,,,,,,,,,,,,,,,,,,,,,,,,,,,,,,,,,,,,,,,,,,,,,,,,,,,,,,,,,,,,,
17,1980-06-01,,,,,,,,,,,,,,,,,,,,,,,,,,,,,,,,,,,,,,,,,,,,,,,,,,,,,,,,,,,,,,,,,,,,,,,,,,,,,,,,,,,,,,,,,,,,,,,,,,,,,,,,,,,,,,,,,,,,,,,,,,,,,,,,,,,,,,,,,,,,,,,,,,,,,,,,,,,,,,,,,,,,,,,,,,,,,,,,,,,,,,,,,,,,,,,,,,,,,,,,,,,,,,,,,,,,,,,,,,,,,,,,,,,,,,,,,,,,,,,,,,,,,
18,1980-07-01,,,,,,,,,,,,,,,,,,,,,,,,,,,,,,,,,,,,,,,,,,,,,,,,,,,,,,,,,,,,,,,,,,,,,,,,,,,,,,,,,,,,,,,,,,,,,,,,,,,,,,,,,,,,,,,,,,,,,,,,,,,,,,,,,,,,,,,,,,,,,,,,,,,,,,,,,,,,,,,,,,,,,,,,,,,,,,,,,,,,,,,,,,,,,,,,,,,,,,,,,,,,,,,,,,,,,,,,,,,,,,,,,,,,,,,,,,,,,,,,,,,,,
19,1980-08-01,,,,,,,,,,,,,,,,,,,,,,,,,,,,,,,,,,,,,,,,,,,,,,,,,,,,,,,,,,,,,,,,,,,,,,,,,,,,,,,,,,,,,,,,,,,,,,,,,,,,,,,,,,,,,,,,,,,,,,,,,,,,,,,,,,,,,,,,,,,,,,,,,,,,,,,,,,,,,,,,,,,,,,,,,,,,,,,,,,,,,,,,,,,,,,,,,,,,,,,,,,,,,,,,,,,,,,,,,,,,,,,,,,,,,,,,,,,,,,,,,,,,,
20,1980-09-01,,,,,,,,,,,,,,,,,,,,,,,,,,,,,,,,,,,,,,,,,,,,,,,,,,,,,,,,,,,,,,,,,,,,,,,,,,,,,,,,,,,,,,,,,,,,,,,,,,,,,,,,,,,,,,,,,,,,,,,,,,,,,,,,,,,,,,,,,,,,,,,,,,,,,,,,,,,,,,,,,,,,,,,,,,,,,,,,,,,,,,,,,,,,,,,,,,,,,,,,,,,,,,,,,,,,,,,,,,,,,,,,,,,,,,,,,,,,,,,,,,,,,
21,1980-10-01,,,,,,,,,,,,,,,,,,,,,,,,,,,,,,,,,,,,,,,,,,,,,,,,,,,,,,,,,,,,,,,,,,,,,,,,,,,,,,,,,,,,,,,,,,,,,,,,,,,,,,,,,,,,,,,,,,,,,,,,,,,,,,,,,,,,,,,,,,,,,,,,,,,,,,,,,,,,,,,,,,,,,,,,,,,,,,,,,,,,,,,,,,,,,,,,,,,,,,,,,,,,,,,,,,,,,,,,,,,,,,,,,,,,,,,,,,,,,,,,,,,,,
22,1980-11-01,,,,,,,,,,,,,,,,,,,,,,,,,,,,,,,,,,,,,,,,,,,,,,,,,,,,,,,,,,,,,,,,,,,,,,,,,,,,,,,,,,,,,,,,,,,,,,,,,,,,,,,,,,,,,,,,,,,,,,,,,,,,,,,,,,,,,,,,,,,,,,,,,,,,,,,,,,,,,,,,,,,,,,,,,,,,,,,,,,,,,,,,,,,,,,,,,,,,,,,,,,,,,,,,,,,,,,,,,,,,,,,,,,,,,,,,,,,,,,,,,,,,,
23,1980-12-01,,,,,,,,,,,,,,,,,,,,,,,,,,,,,,,,,,,,,,,,,,,,,,,,,,,,,,,,,,,,,,,,,,,,,,,,,,,,,,,,,,,,,,,,,,,,,,,,,,,,,,,,,,,,,,,,,,,,,,,,,,,,,,,,,,,,,,,,,,,,,,,,,,,,,,,,,,,,,,,,,,,,,,,,,,,,,,,,,,,,,,,,,,,,,,,,,,,,,,,,,,,,,,,,,,,,,,,,,,,,,,,,,,,,,,,,,,,,,,,,,,,,,
24,1981-01-01,,,,,,,,,,,,,,,,,,,,,,,,,,,,,,,,,,,,,,,,,,,,,,,,,,,,,,,,,,,,,,,,,,,,,,,,,,,,,,,,,,,,,,,,,,,,,,,,,,,,,,,,,,,,,,,,,,,,,,,,,,,,,,,,,,,,,,,,,,,,,,,,,,,,,,,,,,,,,,,,,,,,,,,,,,,,,,,,,,,,,,,,,,,,,,,,,,,,,,,,,,,,,,,,,,,,,,,,,,,,,,,,,,,,,,,,,,,,,,,,,,,,,
25,1981-02-01,,,,,,,,,,,,,,,,,,,,,,,,,,,,,,,,,,,,,,,,,,,,,,,,,,,,,,,,,,,,,,,,,,,,,,,,,,,,,,,,,,,,,,,,,,,,,,,,,,,,,,,,,,,,,,,,,,,,,,,,,,,,,,,,,,,,,,,,,,,,,,,,,,,,,,,,,,,,,,,,,,,,,,,,,,,,,,,,,,,,,,,,,,,,,,,,,,,,,,,,,,,,,,,,,,,,,,,,,,,,,,,,,,,,,,,,,,,,,,,,,,,,,
26,1981-03-01,,,,,,,,,,,,,,,,,,,,,,,,,,,,,,,,,,,,,,,,,,,,,,,,,,,,,,,,,,,,,,,,,,,,,,,,,,,,,,,,,,,,,,,,,,,,,,,,,,,,,,,,,,,,,,,,,,,,,,,,,,,,,,,,,,,,,,,,,,,,,,,,,,,,,,,,,,,,,,,,,,,,,,,,,,,,,,,,,,,,,,,,,,,,,,,,,,,,,,,,,,,,,,,,,,,,,,,,,,,,,,,,,,,,,,,,,,,,,,,,,,,,,
27,1981-04-01,,,,,,,,,,,,,,,,,,,,,,,,,,,,,,,,,,,,,,,,,,,,,,,,,,,,,,,,,,,,,,,,,,,,,,,,,,,,,,,,,,,,,,,,,,,,,,,,,,,,,,,,,,,,,,,,,,,,,,,,,,,,,,,,,,,,,,,,,,,,,,,,,,,,,,,,,,,,,,,,,,,,,,,,,,,,,,,,,,,,,,,,,,,,,,,,,,,,,,,,,,,,,,,,,,,,,,,,,,,,,,,,,,,,,,,,,,,,,,,,,,,,,
28,1981-05-01,,,,,,,,,,,,,,,,,,,,,,,,,,,,,,,,,,,,,,,,,,,,,,,,,,,,,,,,,,,,,,,,,,,,,,,,,,,,,,,,,,,,,,,,,,,,,,,,,,,,,,,,,,,,,,,,,,,,,,,,,,,,,,,,,,,,,,,,,,,,,,,,,,,,,,,,,,,,,,,,,,,,,,,,,,,,,,,,,,,,,,,,,,,,,,,,,,,,,,,,,,,,,,,,,,,,,,,,,,,,,,,,,,,,,,,,,,,,,,,,,,,,,
29,1981-06-01,,,,,,,,,,,,,,,,,,,,,,,,,,,,,,,,,,,,,,,,,,,,,,,,,,,,,,,,,,,,,,,,,,,,,,,,,,,,,,,,,,,,,,,,,,,,,,,,,,,,,,,,,,,,,,,,,,,,,,,,,,,,,,,,,,,,,,,,,,,,,,,,,,,,,,,,,,,,,,,,,,,,,,,,,,,,,,,,,,,,,,,,,,,,,,,,,,,,,,,,,,,,,,,,,,,,,,,,,,,,,,,,,,,,,,,,,,,,,,,,,,,,,
30,1981-07-01,,,,,,,,,,,,,,,,,,,,,,,,,,,,,,,,,,,,,,,,,,,,,,,,,,,,,,,,,,,,,,,,,,,,,,,,,,,,,,,,,,,,,,,,,,,,,,,,,,,,,,,,,,,,,,,,,,,,,,,,,,,,,,,,,,,,,,,,,,,,,,,,,,,,,,,,,,,,,,,,,,,,,,,,,,,,,,,,,,,,,,,,,,,,,,,,,,,,,,,,,,,,,,,,,,,,,,,,,,,,,,,,,,,,,,,,,,,,,,,,,,,,,
31,1981-08-01,,,,,,,,,,,,,,,,,,,,,,,,,,,,,,,,,,,,,,,,,,,,,,,,,,,,,,,,,,,,,,,,,,,,,,,,,,,,,,,,,,,,,,,,,,,,,,,,,,,,,,,,,,,,,,,,,,,,,,,,,,,,,,,,,,,,,,,,,,,,,,,,,,,,,,,,,,,,,,,,,,,,,,,,,,,,,,,,,,,,,,,,,,,,,,,,,,,,,,,,,,,,,,,,,,,,,,,,,,,,,,,,,,,,,,,,,,,,,,,,,,,,,
32,1981-09-01,,,,,,,,,,,,,,,,,,,,,,,,,,,,,,,,,,,,,,,,,,,,,,,,,,,,,,,,,,,,,,,,,,,,,,,,,,,,,,,,,,,,,,,,,,,,,,,,,,,,,,,,,,,,,,,,,,,,,,,,,,,,,,,,,,,,,,,,,,,,,,,,,,,,,,,,,,,,,,,,,,,,,,,,,,,,,,,,,,,,,,,,,,,,,,,,,,,,,,,,,,,,,,,,,,,,,,,,,,,,,,,,,,,,,,,,,,,,,,,,,,,,,
33,1981-10-01,,,,,,,,,,,,,,,,,,,,,,,,,,,,,,,,,,,,,,,,,,,,,,,,,,,,,,,,,,,,,,,,,,,,,,,,,,,,,,,,,,,,,,,,,,,,,,,,,,,,,,,,,,,,,,,,,,,,,,,,,,,,,,,,,,,,,,,,,,,,,,,,,,,,,,,,,,,,,,,,,,,,,,,,,,,,,,,,,,,,,,,,,,,,,,,,,,,,,,,,,,,,,,,,,,,,,,,,,,,,,,,,,,,,,,,,,,,,,,,,,,,,,
34,1981-11-01,,,,,,,,,,,,,,,,,,,,,,,,,,,,,,,,,,,,,,,,,,,,,,,,,,,,,,,,,,,,,,,,,,,,,,,,,,,,,,,,,,,,,,,,,,,,,,,,,,,,,,,,,,,,,,,,,,,,,,,,,,,,,,,,,,,,,,,,,,,,,,,,,,,,,,,,,,,,,,,,,,,,,,,,,,,,,,,,,,,,,,,,,,,,,,,,,,,,,,,,,,,,,,,,,,,,,,,,,,,,,,,,,,,,,,,,,,,,,,,,,,,,,
35,1981-12-01,,,,,,,,,,,,,,,,,,,,,,,,,,,,,,,,,,,,,,,,,,,,,,,,,,,,,,,,,,,,,,,,,,,,,,,,,,,,,,,,,,,,,,,,,,,,,,,,,,,,,,,,,,,,,,,,,,,,,,,,,,,,,,,,,,,,,,,,,,,,,,,,,,,,,,,,,,,,,,,,,,,,,,,,,,,,,,,,,,,,,,,,,,,,,,,,,,,,,,,,,,,,,,,,,,,,,,,,,,,,,,,,,,,,,,,,,,,,,,,,,,,,,
36,1982-01-01,,,,,,,,,,,,,,,,,,,,,,,,,,,,,,,,,,,,,,,,,,,,,,,,,,,,,,,,,,,,,,,,,,,,,,,,,,,,,,,,,,,,,,,,,,,,,,,,,,,,,,,,,,,,,,,,,,,,,,,,,,,,,,,,,,,,,,,,,,,,,,,,,,,,,,,,,,,,,,,,,,,,,,,,,,,,,,,,,,,,,,,,,,,,,,,,,,,,,,,,,,,,,,,,,,,,,,,,,,,,,,,,,,,,,,,,,,,,,,,,,,,,,
37,1982-02-01,,,,,,,,,,,,,,,,,,,,,,,,,,,,,,,,,,,,,,,,,,,,,,,,,,,,,,,,,,,,,,,,,,,,,,,,,,,,,,,,,,,,,,,,,,,,,,,,,,,,,,,,,,,,,,,,,,,,,,,,,,,,,,,,,,,,,,,,,,,,,,,,,,,,,,,,,,,,,,,,,,,,,,,,,,,,,,,,,,,,,,,,,,,,,,,,,,,,,,,,,,,,,,,,,,,,,,,,,,,,,,,,,,,,,,,,,,,,,,,,,,,,,
38,1982-03-01,,,,,,,,,,,,,,,,,,,,,,,,,,,,,,,,,,,,,,,,,,,,,,,,,,,,,,,,,,,,,,,,,,,,,,,,,,,,,,,,,,,,,,,,,,,,,,,,,,,,,,,,,,,,,,,,,,,,,,,,,,,,,,,,,,,,,,,,,,,,,,,,,,,,,,,,,,,,,,,,,,,,,,,,,,,,,,,,,,,,,,,,,,,,,,,,,,,,,,,,,,,,,,,,,,,,,,,,,,,,,,,,,,,,,,,,,,,,,,,,,,,,,
39,1982-04-01,,,,,,,,,,,,,,,,,,,,,,,,,,,,,,,,,,,,,,,,,,,,,,,,,,,,,,,,,,,,,,,,,,,,,,,,,,,,,,,,,,,,,,,,,,,,,,,,,,,,,,,,,,,,,,,,,,,,,,,,,,,,,,,,,,,,,,,,,,,,,,,,,,,,,,,,,,,,,,,,,,,,,,,,,,,,,,,,,,,,,,,,,,,,,,,,,,,,,,,,,,,,,,,,,,,,,,,,,,,,,,,,,,,,,,,,,,,,,,,,,,,,,
40,1982-05-01,,,,,,,,,,,,,,,,,,,,,,,,,,,,,,,,,,,,,,,,,,,,,,,,,,,,,,,,,,,,,,,,,,,,,,,,,,,,,,,,,,,,,,,,,,,,,,,,,,,,,,,,,,,,,,,,,,,,,,,,,,,,,,,,,,,,,,,,,,,,,,,,,,,,,,,,,,,,,,,,,,,,,,,,,,,,,,,,,,,,,,,,,,,,,,,,,,,,,,,,,,,,,,,,,,,,,,,,,,,,,,,,,,,,,,,,,,,,,,,,,,,,,
41,1982-06-01,,,,,,,,,,,,,,,,,,,,,,,,,,,,,,,,,,,,,,,,,,,,,,,,,,,,,,,,,,,,,,,,,,,,,,,,,,,,,,,,,,,,,,,,,,,,,,,,,,,,,,,,,,,,,,,,,,,,,,,,,,,,,,,,,,,,,,,,,,,,,,,,,,,,,,,,,,,,,,,,,,,,,,,,,,,,,,,,,,,,,,,,,,,,,,,,,,,,,,,,,,,,,,,,,,,,,,,,,,,,,,,,,,,,,,,,,,,,,,,,,,,,,
42,1982-07-01,,,,,,,,,,,,,,,,,,,,,,,,,,,,,,,,,,,,,,,,,,,,,,,,,,,,,,,,,,,,,,,,,,,,,,,,,,,,,,,,,,,,,,,,,,,,,,,,,,,,,,,,,,,,,,,,,,,,,,,,,,,,,,,,,,,,,,,,,,,,,,,,,,,,,,,,,,,,,,,,,,,,,,,,,,,,,,,,,,,,,,,,,,,,,,,,,,,,,,,,,,,,,,,,,,,,,,,,,,,,,,,,,,,,,,,,,,,,,,,,,,,,,
43,1982-08-01,,,,,,,,,,,,,,,,,,,,,,,,,,,,,,,,,,,,,,,,,,,,,,,,,,,,,,,,,,,,,,,,,,,,,,,,,,,,,,,,,,,,,,,,,,,,,,,,,,,,,,,,,,,,,,,,,,,,,,,,,,,,,,,,,,,,,,,,,,,,,,,,,,,,,,,,,,,,,,,,,,,,,,,,,,,,,,,,,,,,,,,,,,,,,,,,,,,,,,,,,,,,,,,,,,,,,,,,,,,,,,,,,,,,,,,,,,,,,,,,,,,,,
44,1982-09-01,,,,,,,,,,,,,,,,,,,,,,,,,,,,,,,,,,,,,,,,,,,,,,,,,,,,,,,,,,,,,,,,,,,,,,,,,,,,,,,,,,,,,,,,,,,,,,,,,,,,,,,,,,,,,,,,,,,,,,,,,,,,,,,,,,,,,,,,,,,,,,,,,,,,,,,,,,,,,,,,,,,,,,,,,,,,,,,,,,,,,,,,,,,,,,,,,,,,,,,,,,,,,,,,,,,,,,,,,,,,,,,,,,,,,,,,,,,,,,,,,,,,,
45,1982-10-01,,,,,,,,,,,,,,,,,,,,,,,,,,,,,,,,,,,,,,,,,,,,,,,,,,,,,,,,,,,,,,,,,,,,,,,,,,,,,,,,,,,,,,,,,,,,,,,,,,,,,,,,,,,,,,,,,,,,,,,,,,,,,,,,,,,,,,,,,,,,,,,,,,,,,,,,,,,,,,,,,,,,,,,,,,,,,,,,,,,,,,,,,,,,,,,,,,,,,,,,,,,,,,,,,,,,,,,,,,,,,,,,,,,,,,,,,,,,,,,,,,,,,
46,1982-11-01,,,,,,,,,,,,,,,,,,,,,,,,,,,,,,,,,,,,,,,,,,,,,,,,,,,,,,,,,,,,,,,,,,,,,,,,,,,,,,,,,,,,,,,,,,,,,,,,,,,,,,,,,,,,,,,,,,,,,,,,,,,,,,,,,,,,,,,,,,,,,,,,,,,,,,,,,,,,,,,,,,,,,,,,,,,,,,,,,,,,,,,,,,,,,,,,,,,,,,,,,,,,,,,,,,,,,,,,,,,,,,,,,,,,,,,,,,,,,,,,,,,,,
47,1982-12-01,,,,,,,,,,,,,,,,,,,,,,,,,,,,,,,,,,,,,,,,,,,,,,,,,,,,,,,,,,,,,,,,,,,,,,,,,,,,,,,,,,,,,,,,,,,,,,,,,,,,,,,,,,,,,,,,,,,,,,,,,,,,,,,,,,,,,,,,,,,,,,,,,,,,,,,,,,,,,,,,,,,,,,,,,,,,,,,,,,,,,,,,,,,,,,,,,,,,,,,,,,,,,,,,,,,,,,,,,,,,,,,,,,,,,,,,,,,,,,,,,,,,,
48,1983-01-01,,,,,,,,,,,,,,,,,,,,,,,,,,,,,,,,,,,,,,,,,,,,,,,,,,,,,,,,,,,,,,,,,,,,,,,,,,,,,,,,,,,,,,,,,,,,,,,,,,,,,,,,,,,,,,,,,,,,,,,,,,,,,,,,,,,,,,,,,,,,,,,,,,,,,,,,,,,,,,,,,,,,,,,,,,,,,,,,,,,,,,,,,,,,,,,,,,,,,,,,,,,,,,,,,,,,,,,,,,,,,,,,,,,,,,,,,,,,,,,,,,,,,
49,1983-02-01,,,,,,,,,,,,,,,,,,,,,,,,,,,,,,,,,,,,,,,,,,,,,,,,,,,,,,,,,,,,,,,,,,,,,,,,,,,,,,,,,,,,,,,,,,,,,,,,,,,,,,,,,,,,,,,,,,,,,,,,,,,,,,,,,,,,,,,,,,,,,,,,,,,,,,,,,,,,,,,,,,,,,,,,,,,,,,,,,,,,,,,,,,,,,,,,,,,,,,,,,,,,,,,,,,,,,,,,,,,,,,,,,,,,,,,,,,,,,,,,,,,,,
50,1983-03-01,,,,,,,,,,,,,,,,,,,,,,,,,,,,,,,,,,,,,,,,,,,,,,,,,,,,,,,,,,,,,,,,,,,,,,,,,,,,,,,,,,,,,,,,,,,,,,,,,,,,,,,,,,,,,,,,,,,,,,,,,,,,,,,,,,,,,,,,,,,,,,,,,,,,,,,,,,,,,,,,,,,,,,,,,,,,,,,,,,,,,,,,,,,,,,,,,,,,,,,,,,,,,,,,,,,,,,,,,,,,,,,,,,,,,,,,,,,,,,,,,,,,,
51,1983-04-01,,,,,,,,,,,,,,,,,,,,,,,,,,,,,,,,,,,,,,,,,,,,,,,,,,,,,,,,,,,,,,,,,,,,,,,,,,,,,,,,,,,,,,,,,,,,,,,,,,,,,,,,,,,,,,,,,,,,,,,,,,,,,,,,,,,,,,,,,,,,,,,,,,,,,,,,,,,,,,,,,,,,,,,,,,,,,,,,,,,,,,,,,,,,,,,,,,,,,,,,,,,,,,,,,,,,,,,,,,,,,,,,,,,,,,,,,,,,,,,,,,,,,
52,1983-05-01,,,,,,,,,,,,,,,,,,,,,,,,,,,,,,,,,,,,,,,,,,,,,,,,,,,,,,,,,,,,,,,,,,,,,,,,,,,,,,,,,,,,,,,,,,,,,,,,,,,,,,,,,,,,,,,,,,,,,,,,,,,,,,,,,,,,,,,,,,,,,,,,,,,,,,,,,,,,,,,,,,,,,,,,,,,,,,,,,,,,,,,,,,,,,,,,,,,,,,,,,,,,,,,,,,,,,,,,,,,,,,,,,,,,,,,,,,,,,,,,,,,,,
53,1983-06-01,,,,,,,,,,,,,,,,,,,,,,,,,,,,,,,,,,,,,,,,,,,,,,,,,,,,,,,,,,,,,,,,,,,,,,,,,,,,,,,,,,,,,,,,,,,,,,,,,,,,,,,,,,,,,,,,,,,,,,,,,,,,,,,,,,,,,,,,,,,,,,,,,,,,,,,,,,,,,,,,,,,,,,,,,,,,,,,,,,,,,,,,,,,,,,,,,,,,,,,,,,,,,,,,,,,,,,,,,,,,,,,,,,,,,,,,,,,,,,,,,,,,,
54,1983-07-01,,,,,,,,,,,,,,,,,,,,,,,,,,,,,,,,,,,,,,,,,,,,,,,,,,,,,,,,,,,,,,,,,,,,,,,,,,,,,,,,,,,,,,,,,,,,,,,,,,,,,,,,,,,,,,,,,,,,,,,,,,,,,,,,,,,,,,,,,,,,,,,,,,,,,,,,,,,,,,,,,,,,,,,,,,,,,,,,,,,,,,,,,,,,,,,,,,,,,,,,,,,,,,,,,,,,,,,,,,,,,,,,,,,,,,,,,,,,,,,,,,,,,
55,1983-08-01,,,,,,,,,,,,,,,,,,,,,,,,,,,,,,,,,,,,,,,,,,,,,,,,,,,,,,,,,,,,,,,,,,,,,,,,,,,,,,,,,,,,,,,,,,,,,,,,,,,,,,,,,,,,,,,,,,,,,,,,,,,,,,,,,,,,,,,,,,,,,,,,,,,,,,,,,,,,,,,,,,,,,,,,,,,,,,,,,,,,,,,,,,,,,,,,,,,,,,,,,,,,,,,,,,,,,,,,,,,,,,,,,,,,,,,,,,,,,,,,,,,,,
56,1983-09-01,,,,,,,,,,,,,,,,,,,,,,,,,,,,,,,,,,,,,,,,,,,,,,,,,,,,,,,,,,,,,,,,,,,,,,,,,,,,,,,,,,,,,,,,,,,,,,,,,,,,,,,,,,,,,,,,,,,,,,,,,,,,,,,,,,,,,,,,,,,,,,,,,,,,,,,,,,,,,,,,,,,,,,,,,,,,,,,,,,,,,,,,,,,,,,,,,,,,,,,,,,,,,,,,,,,,,,,,,,,,,,,,,,,,,,,,,,,,,,,,,,,,,
57,1983-10-01,,,,,,,,,,,,,,,,,,,,,,,,,,,,,,,,,,,,,,,,,,,,,,,,,,,,,,,,,,,,,,,,,,,,,,,,,,,,,,,,,,,,,,,,,,,,,,,,,,,,,,,,,,,,,,,,,,,,,,,,,,,,,,,,,,,,,,,,,,,,,,,,,,,,,,,,,,,,,,,,,,,,,,,,,,,,,,,,,,,,,,,,,,,,,,,,,,,,,,,,,,,,,,,,,,,,,,,,,,,,,,,,,,,,,,,,,,,,,,,,,,,,,
58,1983-11-01,,,,,,,,,,,,,,,,,,,,,,,,,,,,,,,,,,,,,,,,,,,,,,,,,,,,,,,,,,,,,,,,,,,,,,,,,,,,,,,,,,,,,,,,,,,,,,,,,,,,,,,,,,,,,,,,,,,,,,,,,,,,,,,,,,,,,,,,,,,,,,,,,,,,,,,,,,,,,,,,,,,,,,,,,,,,,,,,,,,,,,,,,,,,,,,,,,,,,,,,,,,,,,,,,,,,,,,,,,,,,,,,,,,,,,,,,,,,,,,,,,,,,
59,1983-12-01,,,,,,,,,,,,,,,,,,,,,,,,,,,,,,,,,,,,,,,,,,,,,,,,,,,,,,,,,,,,,,,,,,,,,,,,,,,,,,,,,,,,,,,,,,,,,,,,,,,,,,,,,,,,,,,,,,,,,,,,,,,,,,,,,,,,,,,,,,,,,,,,,,,,,,,,,,,,,,,,,,,,,,,,,,,,,,,,,,,,,,,,,,,,,,,,,,,,,,,,,,,,,,,,,,,,,,,,,,,,,,,,,,,,,,,,,,,,,,,,,,,,,
60,1984-01-01,,,,,,,,,,,,,,,,,,,,,,,,,,,,,,,,,,,,,,,,,,,,,,,,,,,,,,,,,,,,,,,,,,,,,,,,,,,,,,,,,,,,,,,,,,,,,,,,,,,,,,,,,,,,,,,,,,,,,,,,,,,,,,,,,,,,,,,,,,,,,,,,,,,,,,,,,,,,,,,,,,,,,,,,,,,,,,,,,,,,,,,,,,,,,,,,,,,,,,,,,,,,,,,,,,,,,,,,,,,,,,,,,,,,,,,,,,,,,,,,,,,,,
61,1984-02-01,,,,,,,,,,,,,,,,,,,,,,,,,,,,,,,,,,,,,,,,,,,,,,,,,,,,,,,,,,,,,,,,,,,,,,,,,,,,,,,,,,,,,,,,,,,,,,,,,,,,,,,,,,,,,,,,,,,,,,,,,,,,,,,,,,,,,,,,,,,,,,,,,,,,,,,,,,,,,,,,,,,,,,,,,,,,,,,,,,,,,,,,,,,,,,,,,,,,,,,,,,,,,,,,,,,,,,,,,,,,,,,,,,,,,,,,,,,,,,,,,,,,,
62,1984-03-01,,,,,,,,,,,,,,,,,,,,,,,,,,,,,,,,,,,,,,,,,,,,,,,,,,,,,,,,,,,,,,,,,,,,,,,,,,,,,,,,,,,,,,,,,,,,,,,,,,,,,,,,,,,,,,,,,,,,,,,,,,,,,,,,,,,,,,,,,,,,,,,,,,,,,,,,,,,,,,,,,,,,,,,,,,,,,,,,,,,,,,,,,,,,,,,,,,,,,,,,,,,,,,,,,,,,,,,,,,,,,,,,,,,,,,,,,,,,,,,,,,,,,
63,1984-04-01,,,,,,,,,,,,,,,,,,,,,,,,,,,,,,,,,,,,,,,,,,,,,,,,,,,,,,,,,,,,,,,,,,,,,,,,,,,,,,,,,,,,,,,,,,,,,,,,,,,,,,,,,,,,,,,,,,,,,,,,,,,,,,,,,,,,,,,,,,,,,,,,,,,,,,,,,,,,,,,,,,,,,,,,,,,,,,,,,,,,,,,,,,,,,,,,,,,,,,,,,,,,,,,,,,,,,,,,,,,,,,,,,,,,,,,,,,,,,,,,,,,,,
64,1984-05-01,,,,,,,,,,,,,,,,,,,,,,,,,,,,,,,,,,,,,,,,,,,,,,,,,,,,,,,,,,,,,,,,,,,,,,,,,,,,,,,,,,,,,,,,,,,,,,,,,,,,,,,,,,,,,,,,,,,,,,,,,,,,,,,,,,,,,,,,,,,,,,,,,,,,,,,,,,,,,,,,,,,,,,,,,,,,,,,,,,,,,,,,,,,,,,,,,,,,,,,,,,,,,,,,,,,,,,,,,,,,,,,,,,,,,,,,,,,,,,,,,,,,,
65,1984-06-01,,,,,,,,,,,,,,,,,,,,,,,,,,,,,,,,,,,,,,,,,,,,,,,,,,,,,,,,,,,,,,,,,,,,,,,,,,,,,,,,,,,,,,,,,,,,,,,,,,,,,,,,,,,,,,,,,,,,,,,,,,,,,,,,,,,,,,,,,,,,,,,,,,,,,,,,,,,,,,,,,,,,,,,,,,,,,,,,,,,,,,,,,,,,,,,,,,,,,,,,,,,,,,,,,,,,,,,,,,,,,,,,,,,,,,,,,,,,,,,,,,,,,
66,1984-07-01,6.849059765625,9.800228320312499,,,,,,,9.706893749999999,,17.4925142578125,16.9839509765625,6.2507671875,5.81851845703125,9.98131552734375,9.1173673828125,48.00550781249999,14.03257412109375,6.1515052734374995,11.871658886718748,7.798992187500001,13.642388378906249,9.562797070312499,9.6368466796875,8.625386718749999,4.67849619140625,10.6173052734375,18.24423046875,6.715692333984375,11.63686552734375,8.7629009765625,9.06490177734375,39.104658984375,5.116509316406249,9.185985703124999,29.0479505859375,14.745458671875,6.418412314453124,12.651303955078124,5.636435229492188,7.937425634765624,4.94837841796875,17.946537890625,6.074457275390625,16.68645703125,6.630069287109375,13.03761884765625,7.667991650390626,9.666295751953125,13.045151513671875,,,,,,,,,,,,,,,,,,,,,,,,,,,,,,,2.9580064453125,1.6534008544921874,1.8311436584472656,1.756596533203125,14.13638349609375,4.049469799804688,2.0702511474609375,2.4146624267578125,4.433161596679687,1.344268212890625,6.346282763671875,2.3222162109375,2.444971728515625,7.8530783203125,2.287999072265625,2.59194673828125,2.0432457641601562,1.373438232421875,4.6049501953125,2.6153738525390624,,,,,,,,,,,,,,,,,,,,,,,,,,,,,,,,,,,,,,,,,,,,,,,,,,,,86.31956484375,46.452153515625,41.0606841796875,20.67856734375,18.81754453125,54.008146582031245,22.2378514453125,25.798271484375,40.79953037109375,23.548305761718748,52.65469423828125,36.641559375,18.837397705078125,30.5182705078125,19.598205636160714,48.82155267857143,20.016728487723213,48.117867689732144,19.78923892299107,23.832955245535715,23.163805245535713,39.78721808035714,36.446138839285716,37.346998359375,23.87824478236607,27.602712421874998,51.106641328125,40.933928069196426,19.0626936328125,25.273730126953126,19.849850463867188,29.316447509765624,4.390943701171874,,32.417190234375,21.598282177734376,28.5228263671875,18.4076841796875,30.847558007812502,22.482888046874997,50.46439640625,22.791916757812498,36.884903906249995,21.484719140625,30.51882685546875,33.7600828125,19.662683203125,18.7292953125,38.526556640624996,,,,,3.8942384765624998,17.968158984375,18.0282357421875,18.04019765625,7.736530078125,,16.47852890625,26.7856892578125,16.583719921874998,27.538991015624998,11.598797460937499,11.486583984374999,9.03456826171875,,,28.245847851562498,24.4656755859375,7.032432568359375,12.031516406249999,,,6.3414439453125,9.025449609375,,,18.7127384765625,,,15.165685546875,,,,,,,,,10.07310234375,,,11.73070107421875
67,1984-08-01,,,,,,,,,,,,,,,,,,,,,,,,,,,,,,,,,,,,,,,,,,,,,,,,,,,,,,,,,,,,,,,,,,,,,,,,,,,,,,,,,,,,,,,,,,,,,,,,,,,,,,,,,,,,,,,,,,,,,,,,,,,,,,,,,,,,,,,,,,,,,,,,,,,,,,,,,,,,,,,,,,,,,,,,,,,,,,,,,,,,,,,,,,,,,,,,,,,,,,,,,,,,,,,,,,,,,,,,,,,,,,,,,,,,,,,,,,,,,,,,,,,,,
68,1984-09-01,,,,,,,,,,,,,,,,,,,,,,,,,,,,,,,,,,,,,,,,,,,,,,,,,,,,,,,,,,,,,,,,,,,,,,,,,,,,,,,,,,,,,,,,,,,,,,,,,,,,,,,,,,,,,,,,,,,,,,,,,,,,,,,,,,,,,,,,,,,,,,,,,,,,,,,,,,,,,,,,,,,,,,,,,,,,,,,,,,,,,,,,,,,,,,,,,,,,,,,,,,,,,,,,,,,,,,,,,,,,,,,,,,,,,,,,,,,,,,,,,,,,,
69,1984-10-01,,,,,,,,,,,,,,,,,,,,,,,,,,,,,,,,,,,,,,,,,,,,,,,,,,,,,,,,,,,,,,,,,,,,,,,,,,,,,,,,,,,,,,,,,,,,,,,,,,,,,,,,,,,,,,,,,,,,,,,,,,,,,,,,,,,,,,,,,,,,,,,,,,,,,,,,,,,,,,,,,,,,,,,,,,,,,,,,,,,,,,,,,,,,,,,,,,,,,,,,,,,,,,,,,,,,,,,,,,,,,,,,,,,,,,,,,,,,,,,,,,,,,
70,1984-11-01,,,,,,,,,,,,,,,,,,,,,,,,,,,,,,,,,,,,,,,,,,,,,,,,,,,,,,,,,,,,,,,,,,,,,,,,,,,,,,,,,,,,,,,,,,,,,,,,,,,,,,,,,,,,,,,,,,,,,,,,,,,,,,,,,,,,,,,,,,,,,,,,,,,,,,,,,,,,,,,,,,,,,,,,,,,,,,,,,,,,,,,,,,,,,,,,,,,,,,,,,,,,,,,,,,,,,,,,,,,,,,,,,,,,,,,,,,,,,,,,,,,,,
71,1984-12-01,,,,,,,,,,,,,,,,,,,,,,,,,,,,,,,,,,,,,,,,,,,,,,,,,,,,,,,,,,,,,,,,,,,,,,,,,,,,,,,,,,,,,,,,,,,,,,,,,,,,,,,,,,,,,,,,,,,,,,,,,,,,,,,,,,,,,,,,,,,,,,,,,,,,,,,,,,,,,,,,,,,,,,,,,,,,,,,,,,,,,,,,,,,,,,,,,,,,,,,,,,,,,,,,,,,,,,,,,,,,,,,,,,,,,,,,,,,,,,,,,,,,,
72,1985-01-01,,,,,,,,,,,,,,,,,,,,,,,,,,,,,,,,,,,,,,,,,,,,,,,,,,,,,,,,,,,,,,,,,,,,,,,,,,,,,,,,,,,,,,,,,,,,,,,,,,,,,,,,,,,,,,,,,,,,,,,,,,,,,,,,,,,,,,,,,,,,,,,,,,,,,,,,,,,,,,,,,,,,,,,,,,,,,,,,,,,,,,,,,,,,,,,,,,,,,,,,,,,,,,,,,,,,,,,,,,,,,,,,,,,,,,,,,,,,,,,,,,,,,
73,1985-02-01,,,,,,,,,,,,,,,,,,,,,,,,,,,,,,,,,,,,,,,,,,,,,,,,,,,,,,,,,,,,,,,,,,,,,,,,,,,,,,,,,,,,,,,,,,,,,,,,,,,,,,,,,,,,,,,,,,,,,,,,,,,,,,,,,,,,,,,,,,,,,,,,,,,,,,,,,,,,,,,,,,,,,,,,,,,,,,,,,,,,,,,,,,,,,,,,,,,,,,,,,,,,,,,,,,,,,,,,,,,,,,,,,,,,,,,,,,,,,,,,,,,,,
74,1985-03-01,,,,,,,,,,,,,,,,,,,,,,,,,,,,,,,,,,,,,,,,,,,,,,,,,,,,,,,,,,,,,,,,,,,,,,,,,,,,,,,,,,,,,,,,,,,,,,,,,,,,,,,,,,,,,,,,,,,,,,,,,,,,,,,,,,,,,,,,,,,,,,,,,,,,,,,,,,,,,,,,,,,,,,,,,,,,,,,,,,,,,,,,,,,,,,,,,,,,,,,,,,,,,,,,,,,,,,,,,,,,,,,,,,,,,,,,,,,,,,,,,,,,,
75,1985-04-01,,,,,,,,,,,,,,,,,,,,,,,,,,,,,,,,,,,,,,,,,,,,,,,,,,,,,,,,,,,,,,,,,,,,,,,,,,,,,,,,,,,,,,,,,,,,,,,,,,,,,,,,,,,,,,,,,,,,,,,,,,,,,,,,,,,,,,,,,,,,,,,,,,,,,,,,,,,,,,,,,,,,,,,,,,,,,,,,,,,,,,,,,,,,,,,,,,,,,,,,,,,,,,,,,,,,,,,,,,,,,,,,,,,,,,,,,,,,,,,,,,,,,
76,1985-05-01,,,,,,,,,,,,,,,,,,,,,,,,,,,,,,,,,,,,,,,,,,,,,,,,,,,,,,,,,,,,,,,,,,,,,,,,,,,,,,,,,,,,,,,,,,,,,,,,,,,,,,,,,,,,,,,,,,,,,,,,,,,,,,,,,,,,,,,,,,,,,,,,,,,,,,,,,,,,,,,,,,,,,,,,,,,,,,,,,,,,,,,,,,,,,,,,,,,,,,,,,,,,,,,,,,,,,,,,,,,,,,,,,,,,,,,,,,,,,,,,,,,,,
77,1985-06-01,,,,,,,,,,,,,,,,,,,,,,,,,,,,,,,,,,,,,,,,,,,,,,,,,,,,,,,,,,,,,,,,,,,,,,,,,,,,,,,,,,,,,,,,,,,,,,,,,,,,,,,,,,,,,,,,,,,,,,,,,,,,,,,,,,,,,,,,,,,,,,,,,,,,,,,,,,,,,,,,,,,,,,,,,,,,,,,,,,,,,,,,,,,,,,,,,,,,,,,,,,,,,,,,,,,,,,,,,,,,,,,,,,,,,,,,,,,,,,,,,,,,,
78,1985-07-01,,,,,,,,,,,,,,,,,,,,,,,,,,,,,,,,,,,,,,,,,,,,,,,,7.66741376953125,,,2.9554506958007813,2.3708256591796877,2.174831982421875,2.7661106689453123,2.0644130126953124,3.8340483398437497,7.16618671875,2.8313993408203126,6.42427119140625,4.7096419921875,4.78541689453125,5.109637939453125,2.089691015625,2.403491748046875,1.6919299072265626,1.7460502075195312,2.42933466796875,2.3451840087890625,1.7196976318359374,1.7880739013671874,2.2701900146484375,3.1312412841796875,2.499712646484375,2.11201171875,2.95302919921875,2.7635255859375,1.763013098144531,1.93533837890625,2.1761771484375,2.114756103515625,,,,,,,,,,,,,,,,2.5927646484375,,,4.60331982421875,2.6162914306640626,,,,,,,,,,,,,,,,,,,,,,,,,,,,,,,,,,,,,,,,,,,,,,,,,,,,86.30713125,46.47015,41.058080859374996,20.6890740234375,18.81909404296875,53.9978748046875,22.2286130859375,25.79310703125,40.7737001953125,23.569039453125,52.669930078125,36.659729296875,18.8830576171875,30.5006625,,,,,,,23.092372265625002,39.8593283203125,36.473530078124995,37.330815234374995,23.81399765625,27.594221484374998,51.130699804687495,40.8846421875,19.067911523437502,25.2678666796875,19.863042626953124,29.292658242187496,4.385263974609375,,32.429016796875,21.583121484375,28.52052890625,18.409485937499998,30.845083007812498,22.473325195312498,50.4187678125,22.8100707421875,36.8835946875,21.5004796875,30.569082187499998,33.73813828125,19.662733007812502,18.7292607421875,38.519562890625,,,,,,,,,,,,,,,,,,,,,,,,10.8712212890625,8.40497080078125,,,10.794378515625,10.60979765625,18.715369921875,10.8115857421875,15.3478828125,,18.665827734375,11.308168652343749,,,7.356097265624999,16.522695703125,,9.8281107421875,,,12.567163183593749,11.72877802734375
79,1985-08-01,,,,,,,,,,,,,,,,,,,,,,,,,,,,,,,,,,,,,,,,,,,,,,,,,,,,,,,,,,,,,,,,,,,,,,,,,,,,,,,,,,,,,,,,,,,,,,,,,,,,,,,,,,,,,,,,,,,,,,,,,,,,,,,,,,,,,,,,,,,,,,,,,,,,,,,,,,,,,,,,,,,,,,,,,,,,,,,,,,,,,,,,,,,,,,,,,,,,,,,,,,,,,,,,,,,,,,,,,,,,,,,,,,,,,,,,,,,,,,,,,,,,,
80,1985-09-01,,,,,,,,,,,,,,,,,,,,,,,,,,,,,,,,,,,,,,,,,,,,,,,,,,,,,,,,,,,,,,,,,,,,,,,,,,,,,,,,,,,,,,,,,,,,,,,,,,,,,,,,,,,,,,,,,,,,,,,,,,,,,,,,,,,,,,,,,,,,,,,,,,,,,,,,,,,,,,,,,,,,,,,,,,,,,,,,,,,,,,,,,,,,,,,,,,,,,,,,,,,,,,,,,,,,,,,,,,,,,,,,,,,,,,,,,,,,,,,,,,,,,
81,1985-10-01,,,,,,,,,,,,,,,,,,,,,,,,,,,,,,,,,,,,,,,,,,,,,,,,,,,,,,,,,,,,,,,,,,,,,,,,,,,,,,,,,,,,,,,,,,,,,,,,,,,,,,,,,,,,,,,,,,,,,,,,,,,,,,,,,,,,,,,,,,,,,,,,,,,,,,,,,,,,,,,,,,,,,,,,,,,,,,,,,,,,,,,,,,,,,,,,,,,,,,,,,,,,,,,,,,,,,,,,,,,,,,,,,,,,,,,,,,,,,,,,,,,,,
82,1985-11-01,,,,,,,,,,,,,,,,,,,,,,,,,,,,,,,,,,,,,,,,,,,,,,,,,,,,,,,,,,,,,,,,,,,,,,,,,,,,,,,,,,,,,,,,,,,,,,,,,,,,,,,,,,,,,,,,,,,,,,,,,,,,,,,,,,,,,,,,,,,,,,,,,,,,,,,,,,,,,,,,,,,,,,,,,,,,,,,,,,,,,,,,,,,,,,,,,,,,,,,,,,,,,,,,,,,,,,,,,,,,,,,,,,,,,,,,,,,,,,,,,,,,,
83,1985-12-01,,,,,,,,,,,,,,,,,,,,,,,,,,,,,,,,,,,,,,,,,,,,,,,,,,,,,,,,,,,,,,,,,,,,,,,,,,,,,,,,,,,,,,,,,,,,,,,,,,,,,,,,,,,,,,,,,,,,,,,,,,,,,,,,,,,,,,,,,,,,,,,,,,,,,,,,,,,,,,,,,,,,,,,,,,,,,,,,,,,,,,,,,,,,,,,,,,,,,,,,,,,,,,,,,,,,,,,,,,,,,,,,,,,,,,,,,,,,,,,,,,,,,
84,1986-01-01,,,,,,,,,,,,,,,,,,,,,,,,,,,,,,,,,,,,,,,,,,,,,,,,,,,,,,,,,,,,,,,,,,,,,,,,,,,,,,,,,,,,,,,,,,,,,,,,,,,,,,,,,,,,,,,,,,,,,,,,,,,,,,,,,,,,,,,,,,,,,,,,,,,,,,,,,,,,,,,,,,,,,,,,,,,,,,,,,,,,,,,,,,,,,,,,,,,,,,,,,,,,,,,,,,,,,,,,,,,,,,,,,,,,,,,,,,,,,,,,,,,,,
85,1986-02-01,,,,,,,,,,,,,,,,,,,,,,,,,,,,,,,,,,,,,,,,,,,,,,,,,,,,,,,,,,,,,,,,,,,,,,,,,,,,,,,,,,,,,,,,,,,,,,,,,,,,,,,,,,,,,,,,,,,,,,,,,,,,,,,,,,,,,,,,,,,,,,,,,,,,,,,,,,,,,,,,,,,,,,,,,,,,,,,,,,,,,,,,,,,,,,,,,,,,,,,,,,,,,,,,,,,,,,,,,,,,,,,,,,,,,,,,,,,,,,,,,,,,,
86,1986-03-01,,,,,,,,,,,,,,,,,,,,,,,,,,,,,,,,,,,,,,,,,,,,,,,,,,,,,,,,,,,,,,,,,,,,,,,,,,,,,,,,,,,,,,,,,,,,,,,,,,,,,,,,,,,,,,,,,,,,,,,,,,,,,,,,,,,,,,,,,,,,,,,,,,,,,,,,,,,,,,,,,,,,,,,,,,,,,,,,,,,,,,,,,,,,,,,,,,,,,,,,,,,,,,,,,,,,,,,,,,,,,,,,,,,,,,,,,,,,,,,,,,,,,
87,1986-04-01,,,,,,,,,,,,,,,,,,,,,,,,,,,,,,,,,,,,,,,,,,,,,,,,,,,,,,,,,,,,,,,,,,,,,,,,,,,,,,,,,,,,,,,,,,,,,,,,,,,,,,,,,,,,,,,,,,,,,,,,,,,,,,,,,,,,,,,,,,,,,,,,,,,,,,,,,,,,,,,,,,,,,,,,,,,,,,,,,,,,,,,,,,,,,,,,,,,,,,,,,,,,,,,,,,,,,,,,,,,,,,,,,,,,,,,,,,,,,,,,,,,,,
88,1986-05-01,,,,,,,,,,,,,,,,,,,,,,,,,,,,,,,,,,,,,,,,,,,,,,,,,,,,,,,,,,,,,,,,,,,,,,,,,,,,,,,,,,,,,,,,,,,,,,,,,,,,,,,,,,,,,,,,,,,,,,,,,,,,,,,,,,,,,,,,,,,,,,,,,,,,,,,,,,,,,,,,,,,,,,,,,,,,,,,,,,,,,,,,,,,,,,,,,,,,,,,,,,,,,,,,,,,,,,,,,,,,,,,,,,,,,,,,,,,,,,,,,,,,,
89,1986-06-01,,,,,,,,,,,,,,,,,,,,,,,,,,,,,,,,,,,,,,,,,,,,,,,,,,,,,,,,,,,,,,,,,,,,,,,,,,,,,,,,,,,,,,,,,,,,,,,,,,,,,,,,,,,,,,,,,,,,,,,,,,,,,,,,,,,,,,,,,,,,,,,,,,,,,,,,,,,,,,,,,,,,,,,,,,,,,,,,,,,,,,,,,,,,,,,,,,,,,,,,,,,,,,,,,,,,,,,,,,,,,,,,,,,,,,,,,,,,,,,,,,,,,
90,1986-07-01,,,,,,,,,,,17.4925142578125,16.986997265625,6.250762353515625,5.81851845703125,9.986536230468749,9.119125195312499,47.99728828125,14.030577246093749,6.1515052734374995,11.870566699218749,7.7989921875,13.64308681640625,9.5632998046875,9.63647490234375,8.627881640625,4.679219091796875,10.6173052734375,18.24423046875,6.7141828125,11.643216503906249,8.76281484375,9.05326083984375,39.10741875,5.11901455078125,9.1853947265625,29.0575916015625,14.7525451171875,6.4132606933593745,12.662308740234375,5.63421708984375,7.9380087890625,4.948442578124999,17.94724453125,6.07263134765625,,,,7.66741376953125,,,,,,2.766895751953125,2.0644130126953124,3.83470927734375,7.16618671875,2.831744091796875,6.42427119140625,4.7096419921875,4.78541689453125,5.109637939453125,2.0899773193359374,2.403491748046875,1.6924239624023436,1.7460502075195312,2.4296983154296874,2.3456726806640624,1.7196949951171874,1.7880739013671874,2.2701900146484375,3.1312412841796875,2.4992520996093748,2.1116865234374997,2.95302919921875,2.76314677734375,1.7627253662109374,1.935121552734375,2.176177995954241,2.1146812395368304,2.9531123500279017,1.653364128766741,1.832901039341518,1.7566434762137277,14.124552790178571,4.04844873046875,2.0696364153180804,2.414471044921875,4.43218447265625,1.3440447509765625,6.346282763671875,2.32190859375,2.444971728515625,7.8543351562499995,2.287999072265625,2.5930573516845703,2.0466822509765623,1.3731777465820314,4.602913989257813,2.615150830078125,,,,,,,,,,,,,,,,,,,,,,,,,,,,,,,,,,,,,,,,,,,,,36.95480859375,42.0027890625,,,29.76791484375,34.165012499999996,18.30629794921875,86.25038906249999,46.4630484375,41.061046874999995,20.7399357421875,18.83436533203125,54.03004453125,22.2533623828125,25.77243076171875,40.674791852678574,23.598574804687498,52.6898654296875,36.69106333007812,18.93270087890625,30.4739759765625,19.5945612890625,48.838321875,19.996316015625,48.109681640625006,19.8175095703125,23.8334958984375,23.0023107421875,39.86557470703125,36.511449609375,37.3307765625,23.774201806640622,27.56164921875,51.145773046875,40.8240140625,19.078112109375,25.255350439453125,19.86760576171875,29.275889501953124,4.37128154296875,,32.439884765624996,21.568261992187498,28.504790859375,18.405882421875,30.8500013671875,22.45282119140625,50.365996875,22.807544866071428,36.867718526785715,21.523789034598217,30.74426869419643,33.6983220703125,19.675069921875,18.7266181640625,38.4799359375,5.86922080078125,,11.569532519531249,10.45840166015625,,,,,,33.3709453125,,,,,,,,6.7134155273437495,32.171009765625,,,7.032432568359375,12.0353642578125,10.869771752929687,8.403790209960938,6.333140039062499,9.0135732421875,10.774746888950892,10.600349334161931,18.709927382812502,10.793074857954545,15.339169975142045,15.1474845703125,18.628744921875,11.291256640625,23.764574832589286,13.4977658203125,7.352841992187499,16.5239873046875,8.864405859375,9.83339091796875,10.07149166015625,7.755874475097656,12.55232958984375,11.734269433593749
91,1986-08-01,,,,,,,,,,,,,,,,,,,,,,,,,,,,,,,,,,,,,,,,,,,,,,,,,,,,,,,,,,,,,,,,,,,,,,,,,,,,,,,,,,,,,,,,,,,,,,,,,,,,,,,,,,,,,,,,,,,,,,,,,,,,,,,,,,,,,,,,,,,,,,,,,,,,,,,,,,,,,,,,,,,,,,,,,,,,,,,,,,,,,,,,,,,,,,,,,,,,,,,,,,,,,,,,,,,,,,,,,,,,,,,,,,,,,,,,,,,,,,,,,,,,,
92,1986-09-01,,,,,,,,,,,,,,,,,,,,,,,,,,,,,,,,,,,,,,,,,,,,,,,,,,,,,,,,,,,,,,,,,,,,,,,,,,,,,,,,,,,,,,,,,,,,,,,,,,,,,,,,,,,,,,,,,,,,,,,,,,,,,,,,,,,,,,,,,,,,,,,,,,,,,,,,,,,,,,,,,,,,,,,,,,,,,,,,,,,,,,,,,,,,,,,,,,,,,,,,,,,,,,,,,,,,,,,,,,,,,,,,,,,,,,,,,,,,,,,,,,,,,
93,1986-10-01,,,,,,,,,,,,,,,,,,,,,,,,,,,,,,,,,,,,,,,,,,,,,,,,,,,,,,,,,,,,,,,,,,,,,,,,,,,,,,,,,,,,,,,,,,,,,,,,,,,,,,,,,,,,,,,,,,,,,,,,,,,,,,,,,,,,,,,,,,,,,,,,,,,,,,,,,,,,,,,,,,,,,,,,,,,,,,,,,,,,,,,,,,,,,,,,,,,,,,,,,,,,,,,,,,,,,,,,,,,,,,,,,,,,,,,,,,,,,,,,,,,,,
94,1986-11-01,,,,,,,,,,,,,,,,,,,,,,,,,,,,,,,,,,,,,,,,,,,,,,,,,,,,,,,,,,,,,,,,,,,,,,,,,,,,,,,,,,,,,,,,,,,,,,,,,,,,,,,,,,,,,,,,,,,,,,,,,,,,,,,,,,,,,,,,,,,,,,,,,,,,,,,,,,,,,,,,,,,,,,,,,,,,,,,,,,,,,,,,,,,,,,,,,,,,,,,,,,,,,,,,,,,,,,,,,,,,,,,,,,,,,,,,,,,,,,,,,,,,,
95,1986-12-01,,,,,,,,,,,,,,,,,,,,,,,,,,,,,,,,,,,,,,,,,,,,,,,,,,,,,,,,,,,,,,,,,,,,,,,,,,,,,,,,,,,,,,,,,,,,,,,,,,,,,,,,,,,,,,,,,,,,,,,,,,,,,,,,,,,,,,,,,,,,,,,,,,,,,,,,,,,,,,,,,,,,,,,,,,,,,,,,,,,,,,,,,,,,,,,,,,,,,,,,,,,,,,,,,,,,,,,,,,,,,,,,,,,,,,,,,,,,,,,,,,,,,
96,1987-01-01,,,,,,,,,,,,,,,,,,,,,,,,,,,,,,,,,,,,,,,,,,,,,,,,,,,,,,,,,,,,,,,,,,,,,,,,,,,,,,,,,,,,,,,,,,,,,,,,,,,,,,,,,,,,,,,,,,,,,,,,,,,,,,,,,,,,,,,,,,,,,,,,,,,,,,,,,,,,,,,,,,,,,,,,,,,,,,,,,,,,,,,,,,,,,,,,,,,,,,,,,,,,,,,,,,,,,,,,,,,,,,,,,,,,,,,,,,,,,,,,,,,,,
97,1987-02-01,,,,,,,,,,,,,,,,,,,,,,,,,,,,,,,,,,,,,,,,,,,,,,,,,,,,,,,,,,,,,,,,,,,,,,,,,,,,,,,,,,,,,,,,,,,,,,,,,,,,,,,,,,,,,,,,,,,,,,,,,,,,,,,,,,,,,,,,,,,,,,,,,,,,,,,,,,,,,,,,,,,,,,,,,,,,,,,,,,,,,,,,,,,,,,,,,,,,,,,,,,,,,,,,,,,,,,,,,,,,,,,,,,,,,,,,,,,,,,,,,,,,,
98,1987-03-01,,,,,,,,,,,,,,,,,,,,,,,,,,,,,,,,,,,,,,,,,,,,,,,,,,,,,,,,,,,,,,,,,,,,,,,,,,,,,,,,,,,,,,,,,,,,,,,,,,,,,,,,,,,,,,,,,,,,,,,,,,,,,,,,,,,,,,,,,,,,,,,,,,,,,,,,,,,,,,,,,,,,,,,,,,,,,,,,,,,,,,,,,,,,,,,,,,,,,,,,,,,,,,,,,,,,,,,,,,,,,,,,,,,,,,,,,,,,,,,,,,,,,
99,1987-04-01,,,,,,,,,,,,,,,,,,,,,,,,,,,,,,,,,,,,,,,,,,,,,,,,,,,,,,,,,,,,,,,,,,,,,,,,,,,,,,,,,,,,,,,,,,,,,,,,,,,,,,,,,,,,,,,,,,,,,,,,,,,,,,,,,,,,,,,,,,,,,,,,,,,,,,,,,,,,,,,,,,,,,,,,,,,,,,,,,,,,,,,,,,,,,,,,,,,,,,,,,,,,,,,,,,,,,,,,,,,,,,,,,,,,,,,,,,,,,,,,,,,,,
100,1987-05-01,,,,,,,,,,,,,,,,,,,,,,,,,,,,,,,,,,,,,,,,,,,,,,,,,,,,,,,,,,,,,,,,,,,,,,,,,,,,,,,,,,,,,,,,,,,,,,,,,,,,,,,,,,,,,,,,,,,,,,,,,,,,,,,,,,,,,,,,,,,,,,,,,,,,,,,,,,,,,,,,,,,,,,,,,,,,,,,,,,,,,,,,,,,,,,,,,,,,,,,,,,,,,,,,,,,,,,,,,,,,,,,,,,,,,,,,,,,,,,,,,,,,,
101,1987-06-01,,,,,,,,,,,,,,,,,,,,,,,,,,,,,,,,,,,,,,,,,,,,,,,,,,,,,,,,,,,,,,,,,,,,,,,,,,,,,,,,,,,,,,,,,,,,,,,,,,,,,,,,,,,,,,,,,,,,,,,,,,,,,,,,,,,,,,,,,,,,,,,,,,,,,,,,,,,,,,,,,,,,,,,,,,,,,,,,,,,,,,,,,,,,,,,,,,,,,,,,,,,,,,,,,,,,,,,,,,,,,,,,,,,,,,,,,,,,,,,,,,,,,
102,1987-07-01,6.845403955078124,9.79940185546875,5.541406787109375,16.4695693359375,5.746743896484375,8.3869927734375,8.42629482421875,9.43218193359375,9.706893749999999,4.894713720703125,17.49086015625,16.98012333984375,6.250383544921875,5.81851845703125,9.984945849609375,9.12319306640625,48.01372734375,14.023351318359374,6.1515052734374995,11.871265649414063,7.801700317382813,13.636463598632812,9.567413305664063,9.63877939453125,8.641264086914063,4.6774037109375,10.6148408203125,18.2336203125,6.7152884765625,11.656671020507812,8.764553540039062,9.045326249999999,39.1136185546875,5.124495146484375,9.184922578125,29.059551562499998,14.7512640234375,6.407489245605468,12.676995263671875,5.631411533203125,7.9345898437499995,4.947923935546875,17.943255,6.062603642578125,16.687175390625,6.632726513671874,13.0354904296875,7.66857568359375,9.66502529296875,13.048802490234374,2.9549488037109377,2.3707354248046877,2.175344384765625,2.7670752685546876,2.0640107666015624,3.83452294921875,7.166186718750001,2.8312781250000003,6.424271191406251,4.70912080078125,4.785621826171875,,,,,,,,,,,,,,,,,,,,2.9204455627441406,1.6527703124999997,1.8357151245117187,1.7558120361328122,14.0866027734375,4.041545172991071,2.0640597237723215,2.411952036830357,4.424889425223214,1.3438388201032365,6.3505686767578124,2.3237407470703126,2.4454122436523438,7.862934814453125,2.2867811279296872,2.5929349365234375,2.0515632275390625,1.369401434326172,4.602389666748047,2.6013750732421874,,,,,,,,,,,,,,,,,,,,,,,,,,,,,,,,,,,,,,,,,,,,,36.94820625,42.01880625,,38.576063671875,29.76791484375,34.15666640625,,86.21214609375,46.44251015625,41.1472423828125,20.77711171875,18.851164453124998,54.067964062499996,22.26388359375,25.733003906249998,40.609578515624996,23.629368164062498,52.6275140625,36.736435546875,18.9481974609375,30.403859765625,19.5812314453125,48.80382890625,19.98231767578125,48.101746289062504,19.825386328125,23.83351875,22.8765052734375,39.89861132812499,36.514776562499996,37.330407421875,23.637661962890625,27.5417859375,51.130409765625,40.6950099609375,19.086467578125,25.22662734375,19.8925751953125,29.2623908203125,4.3607460937499996,,32.481699609375,21.551453173828122,28.473909521484373,18.412340625,30.8503705078125,22.41428994140625,50.285540039062504,22.829896875,36.866832421874996,21.544037109375,30.903979687499998,33.64723828125,19.713535839843747,18.72060227050781,38.413066992187495,5.86922080078125,,,,,,,,,,,,,,,,,,32.152830468750004,,,,,10.867250390625,8.4014296875,6.316787329101563,8.9994251953125,10.709161523437498,10.55068125,18.683483203125,10.713803466796875,15.311041113281249,15.12622265625,18.4781876953125,11.230297734375,23.7862325390625,13.5013798828125,7.34802380859375,16.55115205078125,8.86445244140625,9.843727807617187,10.06821298828125,7.785694995117187,12.4866615234375,11.737695410156249
103,1987-08-01,,,,,,,,,,,,,,,,,,,,,,,,,,,,,,,,,,,,,,,,,,,,,,,,,,,,,,,,,,,,,,,,,,,,,,,,,,,,,,,,,,,,,,,,,,,,,,,,,,,,,,,,,,,,,,,,,,,,,,,,,,,,,,,,,,,,,,,,,,,,,,,,,,,,,,,,,,,,,,,,,,,,,,,,,,,,,,,,,,,,,,,,,,,,,,,,,,,,,,,,,,,,,,,,,,,,,,,,,,,,,,,,,,,,,,,,,,,,,,,,,,,,,
104,1987-09-01,,,,,,,,,,,,,,,,,,,,,,,,,,,,,,,,,,,,,,,,,,,,,,,,,,,,,,,,,,,,,,,,,,,,,,,,,,,,,,,,,,,,,,,,,,,,,,,,,,,,,,,,,,,,,,,,,,,,,,,,,,,,,,,,,,,,,,,,,,,,,,,,,,,,,,,,,,,,,,,,,,,,,,,,,,,,,,,,,,,,,,,,,,,,,,,,,,,,,,,,,,,,,,,,,,,,,,,,,,,,,,,,,,,,,,,,,,,,,,,,,,,,,
105,1987-10-01,,,,,,,,,,,,,,,,,,,,,,,,,,,,,,,,,,,,,,,,,,,,,,,,,,,,,,,,,,,,,,,,,,,,,,,,,,,,,,,,,,,,,,,,,,,,,,,,,,,,,,,,,,,,,,,,,,,,,,,,,,,,,,,,,,,,,,,,,,,,,,,,,,,,,,,,,,,,,,,,,,,,,,,,,,,,,,,,,,,,,,,,,,,,,,,,,,,,,,,,,,,,,,,,,,,,,,,,,,,,,,,,,,,,,,,,,,,,,,,,,,,,,
106,1987-11-01,,,,,,,,,,,,,,,,,,,,,,,,,,,,,,,,,,,,,,,,,,,,,,,,,,,,,,,,,,,,,,,,,,,,,,,,,,,,,,,,,,,,,,,,,,,,,,,,,,,,,,,,,,,,,,,,,,,,,,,,,,,,,,,,,,,,,,,,,,,,,,,,,,,,,,,,,,,,,,,,,,,,,,,,,,,,,,,,,,,,,,,,,,,,,,,,,,,,,,,,,,,,,,,,,,,,,,,,,,,,,,,,,,,,,,,,,,,,,,,,,,,,,
107,1987-12-01,,,,,,,,,,,,,,,,,,,,,,,,,,,,,,,,,,,,,,,,,,,,,,,,,,,,,,,,,,,,,,,,,,,,,,,,,,,,,,,,,,,,,,,,,,,,,,,,,,,,,,,,,,,,,,,,,,,,,,,,,,,,,,,,,,,,,,,,,,,,,,,,,,,,,,,,,,,,,,,,,,,,,,,,,,,,,,,,,,,,,,,,,,,,,,,,,,,,,,,,,,,,,,,,,,,,,,,,,,,,,,,,,,,,,,,,,,,,,,,,,,,,,
108,1988-01-01,,,,,,,,,,,,,,,,,,,,,,,,,,,,,,,,,,,,,,,,,,,,,,,,,,,,,,,,,,,,,,,,,,,,,,,,,,,,,,,,,,,,,,,,,,,,,,,,,,,,,,,,,,,,,,,,,,,,,,,,,,,,,,,,,,,,,,,,,,,,,,,,,,,,,,,,,,,,,,,,,,,,,,,,,,,,,,,,,,,,,,,,,,,,,,,,,,,,,,,,,,,,,,,,,,,,,,,,,,,,,,,,,,,,,,,,,,,,,,,,,,,,,
109,1988-02-01,,,,,,,,,,,,,,,,,,,,,,,,,,,,,,,,,,,,,,,,,,,,,,,,,,,,,,,,,,,,,,,,,,,,,,,,,,,,,,,,,,,,,,,,,,,,,,,,,,,,,,,,,,,,,,,,,,,,,,,,,,,,,,,,,,,,,,,,,,,,,,,,,,,,,,,,,,,,,,,,,,,,,,,,,,,,,,,,,,,,,,,,,,,,,,,,,,,,,,,,,,,,,,,,,,,,,,,,,,,,,,,,,,,,,,,,,,,,,,,,,,,,,
110,1988-03-01,,,,,,,,,,,,,,,,,,,,,,,,,,,,,,,,,,,,,,,,,,,,,,,,,,,,,,,,,,,,,,,,,,,,,,,,,,,,,,,,,,,,,,,,,,,,,,,,,,,,,,,,,,,,,,,,,,,,,,,,,,,,,,,,,,,,,,,,,,,,,,,,,,,,,,,,,,,,,,,,,,,,,,,,,,,,,,,,,,,,,,,,,,,,,,,,,,,,,,,,,,,,,,,,,,,,,,,,,,,,,,,,,,,,,,,,,,,,,,,,,,,,,
111,1988-04-01,,,,,,,,,,,,,,,,,,,,,,,,,,,,,,,,,,,,,,,,,,,,,,,,,,,,,,,,,,,,,,,,,,,,,,,,,,,,,,,,,,,,,,,,,,,,,,,,,,,,,,,,,,,,,,,,,,,,,,,,,,,,,,,,,,,,,,,,,,,,,,,,,,,,,,,,,,,,,,,,,,,,,,,,,,,,,,,,,,,,,,,,,,,,,,,,,,,,,,,,,,,,,,,,,,,,,,,,,,,,,,,,,,,,,,,,,,,,,,,,,,,,,
112,1988-05-01,,,,,,,,,,,,,,,,,,,,,,,,,,,,,,,,,,,,,,,,,,,,,,,,,,,,,,,,,,,,,,,,,,,,,,,,,,,,,,,,,,,,,,,,,,,,,,,,,,,,,,,,,,,,,,,,,,,,,,,,,,,,,,,,,,,,,,,,,,,,,,,,,,,,,,,,,,,,,,,,,,,,,,,,,,,,,,,,,,,,,,,,,,,,,,,,,,,,,,,,,,,,,,,,,,,,,,,,,,,,,,,,,,,,,,,,,,,,,,,,,,,,,
113,1988-06-01,,,,,,,,,,,,,,,,,,,,,,,,,,,,,,,,,,,,,,,,,,,,,,,,,,,,,,,,,,,,,,,,,,,,,,,,,,,,,,,,,,,,,,,,,,,,,,,,,,,,,,,,,,,,,,,,,,,,,,,,,,,,,,,,,,,,,,,,,,,,,,,,,,,,,,,,,,,,,,,,,,,,,,,,,,,,,,,,,,,,,,,,,,,,,,,,,,,,,,,,,,,,,,,,,,,,,,,,,,,,,,,,,,,,,,,,,,,,,,,,,,,,,
114,1988-07-01,6.836767529296875,9.7954154296875,5.540776171875,16.4622375,5.743812744140625,8.384949755859374,8.424649072265625,9.430654833984374,9.7053943359375,4.894336450195313,17.4892060546875,16.970298046875,6.246984814453125,5.81851845703125,9.995786938476563,9.124862915039063,48.064036816406244,14.01385341796875,6.148130712890625,11.875656445312499,7.8048975585937495,13.630215673828125,9.570734033203125,9.645263745117187,8.661678002929687,4.676863842773438,10.604759765625,18.21327626953125,6.718058020019531,11.680022021484374,8.76527314453125,9.010001293945312,39.14514580078125,5.129037268066406,9.178810180664062,29.0542693359375,14.75519853515625,6.400052050781251,12.717934277343751,5.620827978515625,7.93043291015625,4.9422780029296876,17.93947060546875,6.033488818359374,16.686657861328122,6.649681311035156,13.036142944335937,7.66793830078125,,,2.9542996142578124,2.3717832275390625,2.176202548828125,2.7688428369140623,2.062466279296875,3.831632841796875,7.16398505859375,2.8307652978515625,6.4244837109374995,4.70604873046875,4.786606494140625,5.109637939453125,2.0895490722656254,2.403491748046875,1.692408801269531,1.7460502075195312,2.4302568603515624,2.3454191162109375,1.7200697387695314,1.7882125488281249,2.2680353759765626,3.1312412841796875,2.4982020263671876,2.111872961425781,2.9532640869140625,2.763765966796875,1.7605987426757812,1.93480048828125,2.17531494140625,2.111735797119141,2.867367590332031,1.653224688720703,1.835662939453125,1.7548870330810546,14.062096362304686,4.040218432617188,2.0595623291015626,2.4053827697753905,4.4183712890625,1.3433025146484374,6.352547607421874,2.3254040039062502,2.445353173828125,7.87416328125,2.285537255859375,2.5875367571149552,2.0550092871093755,1.3592700439453125,4.61041611328125,2.580816796875,67.87655859374999,60.005281640625,47.045183203125,,,,,,,,,,,,,,,,,,,,,,,,,,,,39.80703515625,47.266555078125,44.659421484375,58.42557421875,,,24.4475419921875,,25.956125683593747,,,,,39.33819140625,36.9362724609375,42.03255234375,,38.59785,29.767939453125,34.160804296875,,,,40.99169631696429,20.794391015625,18.8573044921875,54.117362109375,22.288285546875,,40.576264453125,,52.639657031249996,36.757430859375,18.9409640625,,,,,,,,,,,,,,,,,,,,,,32.5121953125,21.521311962890625,28.4070146484375,18.424473486328125,30.85647978515625,22.387587890625,50.251042265625,22.8292013671875,36.8424225,21.5371156640625,30.997115859374997,33.593577890625,19.76908798828125,18.71417390625,38.381883398437495,5.86922080078125,,,,,,,,,,,,,,,,,,32.0718744140625,,,,,,,6.271866524832589,8.97654488002232,10.62306826171875,10.49056572265625,18.65644716796875,10.54811748046875,15.255540820312499,15.06755390625,18.3488845703125,11.146081138392857,23.816076478794646,13.4940427734375,7.34207724609375,16.5181623046875,8.8647380859375,9.85578837890625,10.038868286132812,7.809296044921875,12.36029970703125,11.76137490234375
115,1988-08-01,,,,,,,,,,,,,,,,,,,,,,,,,,,,,,,,,,,,,,,,,,,,,,,,,,,,,,,,,,,,,,,,,,,,,,,,,,,,,,,,,,,,,,,,,,,,,,,,,,,,,,,,,,,,,,,,,,,,,,,,,,,,,,,,,,,,,,,,,,,,,,,,,,,,,,,,,,,,,,,,,,,,,,,,,,,,,,,,,,,,,,,,,,,,,,,,,,,,,,,,,,,,,,,,,,,,,,,,,,,,,,,,,,,,,,,,,,,,,,,,,,,,,
116,1988-09-01,,,,,,,,,,,,,,,,,,,,,,,,,,,,,,,,,,,,,,,,,,,,,,,,,,,,,,,,,,,,,,,,,,,,,,,,,,,,,,,,,,,,,,,,,,,,,,,,,,,,,,,,,,,,,,,,,,,,,,,,,,,,,,,,,,,,,,,,,,,,,,,,,,,,,,,,,,,,,,,,,,,,,,,,,,,,,,,,,,,,,,,,,,,,,,,,,,,,,,,,,,,,,,,,,,,,,,,,,,,,,,,,,,,,,,,,,,,,,,,,,,,,,
117,1988-10-01,,,,,,,,,,,,,,,,,,,,,,,,,,,,,,,,,,,,,,,,,,,,,,,,,,,,,,,,,,,,,,,,,,,,,,,,,,,,,,,,,,,,,,,,,,,,,,,,,,,,,,,,,,,,,,,,,,,,,,,,,,,,,,,,,,,,,,,,,,,,,,,,,,,,,,,,,,,,,,,,,,,,,,,,,,,,,,,,,,,,,,,,,,,,,,,,,,,,,,,,,,,,,,,,,,,,,,,,,,,,,,,,,,,,,,,,,,,,,,,,,,,,,
118,1988-11-01,,,,,,,,,,,,,,,,,,,,,,,,,,,,,,,,,,,,,,,,,,,,,,,,,,,,,,,,,,,,,,,,,,,,,,,,,,,,,,,,,,,,,,,,,,,,,,,,,,,,,,,,,,,,,,,,,,,,,,,,,,,,,,,,,,,,,,,,,,,,,,,,,,,,,,,,,,,,,,,,,,,,,,,,,,,,,,,,,,,,,,,,,,,,,,,,,,,,,,,,,,,,,,,,,,,,,,,,,,,,,,,,,,,,,,,,,,,,,,,,,,,,,
119,1988-12-01,,,,,,,,,,,,,,,,,,,,,,,,,,,,,,,,,,,,,,,,,,,,,,,,,,,,,,,,,,,,,,,,,,,,,,,,,,,,,,,,,,,,,,,,,,,,,,,,,,,,,,,,,,,,,,,,,,,,,,,,,,,,,,,,,,,,,,,,,,,,,,,,,,,,,,,,,,,,,,,,,,,,,,,,,,,,,,,,,,,,,,,,,,,,,,,,,,,,,,,,,,,,,,,,,,,,,,,,,,,,,,,,,,,,,,,,,,,,,,,,,,,,,
120,1989-01-01,,,,,,,,,,,,,,,,,,,,,,,,,,,,,,,,,,,,,,,,,,,,,,,,,,,,,,,,,,,,,,,,,,,,,,,,,,,,,,,,,,,,,,,,,,,,,,,,,,,,,,,,,,,,,,,,,,,,,,,,,,,,,,,,,,,,,,,,,,,,,,,,,,,,,,,,,,,,,,,,,,,,,,,,,,,,,,,,,,,,,,,,,,,,,,,,,,,,,,,,,,,,,,,,,,,,,,,,,,,,,,,,,,,,,,,,,,,,,,,,,,,,,
121,1989-02-01,,,,,,,,,,,,,,,,,,,,,,,,,,,,,,,,,,,,,,,,,,,,,,,,,,,,,,,,,,,,,,,,,,,,,,,,,,,,,,,,,,,,,,,,,,,,,,,,,,,,,,,,,,,,,,,,,,,,,,,,,,,,,,,,,,,,,,,,,,,,,,,,,,,,,,,,,,,,,,,,,,,,,,,,,,,,,,,,,,,,,,,,,,,,,,,,,,,,,,,,,,,,,,,,,,,,,,,,,,,,,,,,,,,,,,,,,,,,,,,,,,,,,
122,1989-03-01,,,,,,,,,,,,,,,,,,,,,,,,,,,,,,,,,,,,,,,,,,,,,,,,,,,,,,,,,,,,,,,,,,,,,,,,,,,,,,,,,,,,,,,,,,,,,,,,,,,,,,,,,,,,,,,,,,,,,,,,,,,,,,,,,,,,,,,,,,,,,,,,,,,,,,,,,,,,,,,,,,,,,,,,,,,,,,,,,,,,,,,,,,,,,,,,,,,,,,,,,,,,,,,,,,,,,,,,,,,,,,,,,,,,,,,,,,,,,,,,,,,,,
123,1989-04-01,,,,,,,,,,,,,,,,,,,,,,,,,,,,,,,,,,,,,,,,,,,,,,,,,,,,,,,,,,,,,,,,,,,,,,,,,,,,,,,,,,,,,,,,,,,,,,,,,,,,,,,,,,,,,,,,,,,,,,,,,,,,,,,,,,,,,,,,,,,,,,,,,,,,,,,,,,,,,,,,,,,,,,,,,,,,,,,,,,,,,,,,,,,,,,,,,,,,,,,,,,,,,,,,,,,,,,,,,,,,,,,,,,,,,,,,,,,,,,,,,,,,,
124,1989-05-01,,,,,,,,,,,,,,,,,,,,,,,,,,,,,,,,,,,,,,,,,,,,,,,,,,,,,,,,,,,,,,,,,,,,,,,,,,,,,,,,,,,,,,,,,,,,,,,,,,,,,,,,,,,,,,,,,,,,,,,,,,,,,,,,,,,,,,,,,,,,,,,,,,,,,,,,,,,,,,,,,,,,,,,,,,,,,,,,,,,,,,,,,,,,,,,,,,,,,,,,,,,,,,,,,,,,,,,,,,,,,,,,,,,,,,,,,,,,,,,,,,,,,
125,1989-06-01,,,,,,,,,,,,,,,,,,,,,,,,,,,,,,,,,,,,,,,,,,,,,,,,,,,,,,,,,,,,,,,,,,,,,,,,,,,,,,,,,,,,,,,,,,,,,,,,,,,,,,,,,,,,,,,,,,,,,,,,,,,,,,,,,,,,,,,,,,,,,,,,,,,,,,,,,,,,,,,,,,,,,,,,,,,,,,,,,,,,,,,,,,,,,,,,,,,,,,,,,,,,,,,,,,,,,,,,,,,,,,,,,,,,,,,,,,,,,,,,,,,,,
126,1989-07-01,6.826255114746094,9.7883279296875,5.5379583984375,16.44022734375,5.7418586425781255,8.383593164062498,8.42155048828125,9.429994335937499,9.705390234375,4.893066064453125,17.476308984375,16.9517607421875,6.246687568359375,5.81403603515625,10.023674665178572,9.116106277901785,48.131348102678565,13.992422387695312,6.141084609375,11.887915304129464,7.814057017299107,13.618691517857142,9.578648144531249,9.651083956473213,8.72728706752232,4.671735456194196,10.582933761160714,18.136378627232144,6.722626590401786,11.716199246651785,8.759146163504465,8.946916824776785,39.20098761160715,5.1393811314174105,9.17387841796875,29.10401266741071,14.760570284598215,6.390472741699218,12.775021215820312,5.601332373046875,7.91644951171875,4.9326345703125005,17.93357080078125,5.995906787109376,16.685692382812498,6.671311743164062,13.033723974609375,7.65997294921875,,,2.9515831787109374,2.374512841796875,2.177044287109375,2.7714263671875,2.0616218505859374,3.823845458984375,7.172561370849609,2.830829721679687,6.4209831152343755,4.706511152343749,4.7854033593750005,5.106902958984375,2.0889903515625,2.4037337109375,1.6933118994140623,1.7459939575195311,2.43062173828125,2.347740483398437,1.7195283764648437,1.7880710009765621,2.262312421875,3.1305987158203123,2.4949797802734373,2.1124623779296874,2.95188943359375,2.76741720703125,1.7581226000976564,1.9346044482421874,2.1745223876953124,2.1092074741908484,2.807378173828125,1.6539731048583985,1.8360444946289063,1.7550085418701171,14.021728857421875,4.038505444335938,2.0567858642578125,2.3966423767089844,4.4142807128906245,1.3434153442382812,6.35599775390625,2.3267630126953125,2.4463072265625,7.8819345703125,2.2849138916015628,2.583668518066406,2.0563307373046875,1.345395146484375,4.613618973214286,2.551231556919643,67.8704765625,60.0101578125,,,,,,,,,,,,,,,,,,38.959906640625,,,54.250899609375,50.24358984375,,52.5565546875,,,,,39.80703515625,47.273663671875,44.650798828125,58.553585156249994,,35.956546875,24.412899023437497,35.982643359375,25.98080625,,49.884950390625,,,,36.958202343749996,42.02743359375,47.061594140625,,29.768030859375,34.152430078125,,,46.47915,40.832305078124996,,,,,25.744528125,,23.676971484375,,36.778348828125,18.9406810546875,30.3527671875,19.575012890625,48.810706640625,19.963811425781252,48.0937640625,19.823765625,23.83351611328125,22.71208271484375,39.8598275390625,36.46473046875,37.3121630859375,23.518150927734375,27.5046169921875,51.1610044921875,40.5917912109375,19.074608203125,25.2216615234375,19.8937378125,29.235475195312496,4.356587768554688,,32.5835859375,21.498605419921873,28.360038427734374,18.418897265625,30.855575390625,22.372319091796875,50.2278099609375,22.798601367187498,36.80724462890625,21.53326201171875,31.06854404296875,33.5610087890625,,18.7114130859375,,5.86922080078125,,,,,,,,,,,,,,,,,,31.91740078125,,,,,,,6.187912536621094,8.915060412597656,10.509011844308036,10.433423632812499,18.609620703125,10.36050966796875,15.259863867187498,14.989501098632811,18.26151953125,11.0598029296875,23.855001196289063,13.490364111328123,7.336659539794922,16.422158203124997,8.862158056640624,9.878425488281248,9.958994628906249,7.825193920898437,12.22618447265625,11.780370703125
127,1989-08-01,,,,,,,,,,,,,,,,,,,,,,,,,,,,,,,,,,,,,,,,,,,,,,,,,,,,,,,,,,,,,,,,,,,,,,,,,,,,,,,,,,,,,,,,,,,,,,,,,,,,,,,,,,,,,,,,,,,,,,,,,,,,,,,,,,,,,,,,,,,,,,,,,,,,,,,,,,,,,,,,,,,,,,,,,,,,,,,,,,,,,,,,,,,,,,,,,,,,,,,,,,,,,,,,,,,,,,,,,,,,,,,,,,,,,,,,,,,,,,,,,,,,,
128,1989-09-01,,,,,,,,,,,,,,,,,,,,,,,,,,,,,,,,,,,,,,,,,,,,,,,,,,,,,,,,,,,,,,,,,,,,,,,,,,,,,,,,,,,,,,,,,,,,,,,,,,,,,,,,,,,,,,,,,,,,,,,,,,,,,,,,,,,,,,,,,,,,,,,,,,,,,,,,,,,,,,,,,,,,,,,,,,,,,,,,,,,,,,,,,,,,,,,,,,,,,,,,,,,,,,,,,,,,,,,,,,,,,,,,,,,,,,,,,,,,,,,,,,,,,
129,1989-10-01,,,,,,,,,,,,,,,,,,,,,,,,,,,,,,,,,,,,,,,,,,,,,,,,,,,,,,,,,,,,,,,,,,,,,,,,,,,,,,,,,,,,,,,,,,,,,,,,,,,,,,,,,,,,,,,,,,,,,,,,,,,,,,,,,,,,,,,,,,,,,,,,,,,,,,,,,,,,,,,,,,,,,,,,,,,,,,,,,,,,,,,,,,,,,,,,,,,,,,,,,,,,,,,,,,,,,,,,,,,,,,,,,,,,,,,,,,,,,,,,,,,,,
130,1989-11-01,,,,,,,,,,,,,,,,,,,,,,,,,,,,,,,,,,,,,,,,,,,,,,,,,,,,,,,,,,,,,,,,,,,,,,,,,,,,,,,,,,,,,,,,,,,,,,,,,,,,,,,,,,,,,,,,,,,,,,,,,,,,,,,,,,,,,,,,,,,,,,,,,,,,,,,,,,,,,,,,,,,,,,,,,,,,,,,,,,,,,,,,,,,,,,,,,,,,,,,,,,,,,,,,,,,,,,,,,,,,,,,,,,,,,,,,,,,,,,,,,,,,,
131,1989-12-01,,,,,,,,,,,,,,,,,,,,,,,,,,,,,,,,,,,,,,,,,,,,,,,,,,,,,,,,,,,,,,,,,,,,,,,,,,,,,,,,,,,,,,,,,,,,,,,,,,,,,,,,,,,,,,,,,,,,,,,,,,,,,,,,,,,,,,,,,,,,,,,,,,,,,,,,,,,,,,,,,,,,,,,,,,,,,,,,,,,,,,,,,,,,,,,,,,,,,,,,,,,,,,,,,,,,,,,,,,,,,,,,,,,,,,,,,,,,,,,,,,,,,
132,1990-01-01,,,,,,,,,,,,,,,,,,,,,,,,,,,,,,,,,,,,,,,,,,,,,,,,,,,,,,,,,,,,,,,,,,,,,,,,,,,,,,,,,,,,,,,,,,,,,,,,,,,,,,,,,,,,,,,,,,,,,,,,,,,,,,,,,,,,,,,,,,,,,,,,,,,,,,,,,,,,,,,,,,,,,,,,,,,,,,,,,,,,,,,,,,,,,,,,,,,,,,,,,,,,,,,,,,,,,,,,,,,,,,,,,,,,,,,,,,,,,,,,,,,,,
133,1990-02-01,,,,,,,,,,,,,,,,,,,,,,,,,,,,,,,,,,,,,,,,,,,,,,,,,,,,,,,,,,,,,,,,,,,,,,,,,,,,,,,,,,,,,,,,,,,,,,,,,,,,,,,,,,,,,,,,,,,,,,,,,,,,,,,,,,,,,,,,,,,,,,,,,,,,,,,,,,,,,,,,,,,,,,,,,,,,,,,,,,,,,,,,,,,,,,,,,,,,,,,,,,,,,,,,,,,,,,,,,,,,,,,,,,,,,,,,,,,,,,,,,,,,,
134,1990-03-01,,,,,,,,,,,,,,,,,,,,,,,,,,,,,,,,,,,,,,,,,,,,,,,,,,,,,,,,,,,,,,,,,,,,,,,,,,,,,,,,,,,,,,,,,,,,,,,,,,,,,,,,,,,,,,,,,,,,,,,,,,,,,,,,,,,,,,,,,,,,,,,,,,,,,,,,,,,,,,,,,,,,,,,,,,,,,,,,,,,,,,,,,,,,,,,,,,,,,,,,,,,,,,,,,,,,,,,,,,,,,,,,,,,,,,,,,,,,,,,,,,,,,
135,1990-04-01,,,,,,,,,,,,,,,,,,,,,,,,,,,,,,,,,,,,,,,,,,,,,,,,,,,,,,,,,,,,,,,,,,,,,,,,,,,,,,,,,,,,,,,,,,,,,,,,,,,,,,,,,,,,,,,,,,,,,,,,,,,,,,,,,,,,,,,,,,,,,,,,,,,,,,,,,,,,,,,,,,,,,,,,,,,,,,,,,,,,,,,,,,,,,,,,,,,,,,,,,,,,,,,,,,,,,,,,,,,,,,,,,,,,,,,,,,,,,,,,,,,,,
136,1990-05-01,,,,,,,,,,,,,,,,,,,,,,,,,,,,,,,,,,,,,,,,,,,,,,,,,,,,,,,,,,,,,,,,,,,,,,,,,,,,,,,,,,,,,,,,,,,,,,,,,,,,,,,,,,,,,,,,,,,,,,,,,,,,,,,,,,,,,,,,,,,,,,,,,,,,,,,,,,,,,,,,,,,,,,,,,,,,,,,,,,,,,,,,,,,,,,,,,,,,,,,,,,,,,,,,,,,,,,,,,,,,,,,,,,,,,,,,,,,,,,,,,,,,,
137,1990-06-01,,,,,,,,,,,,,,,,,,,,,,,,,,,,,,,,,,,,,,,,,,,,,,,,,,,,,,,,,,,,,,,,,,,,,,,,,,,,,,,,,,,,,,,,,,,,,,,,,,,,,,,,,,,,,,,,,,,,,,,,,,,,,,,,,,,,,,,,,,,,,,,,,,,,,,,,,,,,,,,,,,,,,,,,,,,,,,,,,,,,,,,,,,,,,,,,,,,,,,,,,,,,,,,,,,,,,,,,,,,,,,,,,,,,,,,,,,,,,,,,,,,,,
138,1990-07-01,6.817945693359374,9.7854451171875,5.527241455078125,16.418246484375,5.737949780273437,8.3815576171875,8.41473193359375,9.42853359375,9.696130664062501,4.890190649414063,17.452125878906248,16.93132734375,6.240148681640624,5.809073510742188,10.0444330078125,9.112373144531249,48.198214453125,13.973103808593748,6.1307666015625,11.886773437499999,7.8222969726562495,13.605415136718749,9.57430693359375,9.6544248046875,8.9040375,4.670556445312499,10.55110927734375,18.0628734375,6.72930498046875,11.7460166015625,8.75624912109375,8.902977099609375,39.249990234375,5.161623266601563,9.176316284179688,29.172788085937498,14.758512451171875,6.37705927734375,12.897647753906249,5.581915649414062,7.904043603515625,4.920790283203124,17.95276171875,5.958137695312501,16.689731484375,6.7158309375,13.020108222656251,7.6504405517578125,,,2.951879458007812,2.379000860595703,2.1796720751953123,2.775570205078125,2.064281264648437,3.8119531640625,7.1757551953125,2.8304484082031247,6.416014013671874,4.707264331054687,4.784410107421875,5.1043572509765625,2.0874900146484374,2.4036049072265624,1.6961259704589842,1.7460453735351562,2.427944677734375,2.3487606079101564,1.7194038024902343,1.7882025512695312,2.2523997436523437,3.1279730712890625,2.492459033203125,2.1113446289062496,2.94741826171875,2.770195715332031,1.7545123718261717,1.9340507812499999,2.17365732421875,2.1056888122558592,2.7411962036132813,1.6551849517822266,1.83701953125,1.7537382202148437,13.997663305664062,4.036418371582031,2.054667755126953,2.388005584716797,4.406952172851563,1.3440051452636719,6.364353295898438,2.3288244873046873,2.445103125,7.893197314453126,2.2844879516601564,2.5785513793945314,2.054478515625,1.3164888427734376,4.611144506835937,2.5243621490478514,67.85820351562501,59.973739453125,,78.58305,59.0760703125,47.394478125,,,,,,,33.369732421875,34.922239453125,,44.6288203125,39.477188671875,,11.0715029296875,38.9511140625,46.710404296875,40.889914453125,54.219970898437495,50.2408640625,,52.559746874999995,,,39.073538671875,,,,44.5899919921875,58.81697753906249,,,24.39894287109375,,26.04055341796875,,,,,,36.983471484375,42.027247265625,47.0466404296875,38.615839453125,29.768030859375,34.1482921875,,,,40.82049140625,20.8349061328125,18.86360361328125,54.1174095703125,22.3354444921875,25.730078906249997,40.489590234375,23.7305344921875,52.603425,36.870591796875,18.819194363839284,30.2900361328125,19.55225302734375,48.775414453124995,19.938868359374997,48.070381640624994,19.8228123046875,23.84578359375,22.524724511718752,39.8086751953125,36.41150390625,37.28785078125,23.4558650390625,27.469226953125002,51.202267382812494,40.6323017578125,19.088341699218752,25.19780625,19.897728222656248,29.2193103515625,4.352436914062499,,32.647717265625,21.40881873046875,28.27603283203125,18.387272209821425,30.84645146484375,22.320407226562498,50.238816328125,22.7624203125,36.791465625,21.512060156249998,31.08686484375,33.526806328125,19.782847265624998,18.710920546875,38.368360546874996,5.8664083007812495,,,,,,,,,,,,,,,,,,31.760054296875,,,,,,,6.123419165039063,8.87660419921875,10.450428515625,10.40363236607143,18.56907861328125,10.174462709263393,15.277210714285713,14.9278658203125,18.20258236607143,10.97047265625,23.84204263392857,13.451352978515624,7.3292803292410715,16.27524814453125,8.832365625,9.900296630859375,9.879051049804687,7.83312275390625,12.143858203125,11.79769892578125
139,1990-08-01,,,,,,,,,,,,,,,,,,,,,,,,,,,,,,,,,,,,,,,,,,,,,,,,,,,,,,,,,,,,,,,,,,,,,,,,,,,,,,,,,,,,,,,,,,,,,,,,,,,,,,,,,,,,,,,,,,,,,,,,,,,,,,,,,,,,,,,,,,,,,,,,,,,,,,,,,,,,,,,,,,,,,,,,,,,,,,,,,,,,,,,,,,,,,,,,,,,,,,,,,,,,,,,,,,,,,,,,,,,,,,,,,,,,,,,,,,,,,,,,,,,,,
140,1990-09-01,,,,,,,,,,,,,,,,,,,,,,,,,,,,,,,,,,,,,,,,,,,,,,,,,,,,,,,,,,,,,,,,,,,,,,,,,,,,,,,,,,,,,,,,,,,,,,,,,,,,,,,,,,,,,,,,,,,,,,,,,,,,,,,,,,,,,,,,,,,,,,,,,,,,,,,,,,,,,,,,,,,,,,,,,,,,,,,,,,,,,,,,,,,,,,,,,,,,,,,,,,,,,,,,,,,,,,,,,,,,,,,,,,,,,,,,,,,,,,,,,,,,,
141,1990-10-01,,,,,,,,,,,,,,,,,,,,,,,,,,,,,,,,,,,,,,,,,,,,,,,,,,,,,,,,,,,,,,,,,,,,,,,,,,,,,,,,,,,,,,,,,,,,,,,,,,,,,,,,,,,,,,,,,,,,,,,,,,,,,,,,,,,,,,,,,,,,,,,,,,,,,,,,,,,,,,,,,,,,,,,,,,,,,,,,,,,,,,,,,,,,,,,,,,,,,,,,,,,,,,,,,,,,,,,,,,,,,,,,,,,,,,,,,,,,,,,,,,,,,
142,1990-11-01,,,,,,,,,,,,,,,,,,,,,,,,,,,,,,,,,,,,,,,,,,,,,,,,,,,,,,,,,,,,,,,,,,,,,,,,,,,,,,,,,,,,,,,,,,,,,,,,,,,,,,,,,,,,,,,,,,,,,,,,,,,,,,,,,,,,,,,,,,,,,,,,,,,,,,,,,,,,,,,,,,,,,,,,,,,,,,,,,,,,,,,,,,,,,,,,,,,,,,,,,,,,,,,,,,,,,,,,,,,,,,,,,,,,,,,,,,,,,,,,,,,,,
143,1990-12-01,,,,,,,,,,,,,,,,,,,,,,,,,,,,,,,,,,,,,,,,,,,,,,,,,,,,,,,,,,,,,,,,,,,,,,,,,,,,,,,,,,,,,,,,,,,,,,,,,,,,,,,,,,,,,,,,,,,,,,,,,,,,,,,,,,,,,,,,,,,,,,,,,,,,,,,,,,,,,,,,,,,,,,,,,,,,,,,,,,,,,,,,,,,,,,,,,,,,,,,,,,,,,,,,,,,,,,,,,,,,,,,,,,,,,,,,,,,,,,,,,,,,,
144,1991-01-01,,,,,,,,,,,,,,,,,,,,,,,,,,,,,,,,,,,,,,,,,,,,,,,,,,,,,,,,,,,,,,,,,,,,,,,,,,,,,,,,,,,,,,,,,,,,,,,,,,,,,,,,,,,,,,,,,,,,,,,,,,,,,,,,,,,,,,,,,,,,,,,,,,,,,,,,,,,,,,,,,,,,,,,,,,,,,,,,,,,,,,,,,,,,,,,,,,,,,,,,,,,,,,,,,,,,,,,,,,,,,,,,,,,,,,,,,,,,,,,,,,,,,
145,1991-02-01,,,,,,,,,,,,,,,,,,,,,,,,,,,,,,,,,,,,,,,,,,,,,,,,,,,,,,,,,,,,,,,,,,,,,,,,,,,,,,,,,,,,,,,,,,,,,,,,,,,,,,,,,,,,,,,,,,,,,,,,,,,,,,,,,,,,,,,,,,,,,,,,,,,,,,,,,,,,,,,,,,,,,,,,,,,,,,,,,,,,,,,,,,,,,,,,,,,,,,,,,,,,,,,,,,,,,,,,,,,,,,,,,,,,,,,,,,,,,,,,,,,,,
146,1991-03-01,,,,,,,,,,,,,,,,,,,,,,,,,,,,,,,,,,,,,,,,,,,,,,,,,,,,,,,,,,,,,,,,,,,,,,,,,,,,,,,,,,,,,,,,,,,,,,,,,,,,,,,,,,,,,,,,,,,,,,,,,,,,,,,,,,,,,,,,,,,,,,,,,,,,,,,,,,,,,,,,,,,,,,,,,,,,,,,,,,,,,,,,,,,,,,,,,,,,,,,,,,,,,,,,,,,,,,,,,,,,,,,,,,,,,,,,,,,,,,,,,,,,,
147,1991-04-01,,,,,,,,,,,,,,,,,,,,,,,,,,,,,,,,,,,,,,,,,,,,,,,,,,,,,,,,,,,,,,,,,,,,,,,,,,,,,,,,,,,,,,,,,,,,,,,,,,,,,,,,,,,,,,,,,,,,,,,,,,,,,,,,,,,,,,,,,,,,,,,,,,,,,,,,,,,,,,,,,,,,,,,,,,,,,,,,,,,,,,,,,,,,,,,,,,,,,,,,,,,,,,,,,,,,,,,,,,,,,,,,,,,,,,,,,,,,,,,,,,,,,
148,1991-05-01,,,,,,,,,,,,,,,,,,,,,,,,,,,,,,,,,,,,,,,,,,,,,,,,,,,,,,,,,,,,,,,,,,,,,,,,,,,,,,,,,,,,,,,,,,,,,,,,,,,,,,,,,,,,,,,,,,,,,,,,,,,,,,,,,,,,,,,,,,,,,,,,,,,,,,,,,,,,,,,,,,,,,,,,,,,,,,,,,,,,,,,,,,,,,,,,,,,,,,,,,,,,,,,,,,,,,,,,,,,,,,,,,,,,,,,,,,,,,,,,,,,,,
149,1991-06-01,,,,,,,,,,,,,,,,,,,,,,,,,,,,,,,,,,,,,,,,,,,,,,,,,,,,,,,,,,,,,,,,,,,,,,,,,,,,,,,,,,,,,,,,,,,,,,,,,,,,,,,,,,,,,,,,,,,,,,,,,,,,,,,,,,,,,,,,,,,,,,,,,,,,,,,,,,,,,,,,,,,,,,,,,,,,,,,,,,,,,,,,,,,,,,,,,,,,,,,,,,,,,,,,,,,,,,,,,,,,,,,,,,,,,,,,,,,,,,,,,,,,,
150,1991-07-01,6.818209716796875,9.783076025390624,5.517205224609375,16.3990705078125,5.735982568359375,8.3762173828125,8.41004208984375,9.421278222656248,9.69238212890625,4.886043090820312,17.43759140625,16.91049814453125,6.237514599609375,5.803521899414063,10.055709228515624,9.093493945312499,48.27658769531249,13.956789111328124,6.1249941650390625,11.905278369140625,7.83007470703125,13.596204785156251,9.5769791015625,9.659733251953124,9.090446630859374,4.669122290039062,10.515814892578126,17.986498535156247,6.729022119140624,11.764795605468748,8.754631222098213,8.848928069196429,39.2898064453125,5.189273751395089,9.165538727678571,29.25136607142857,14.768207979910713,6.363535034179687,13.14882622767857,5.566088056640625,7.90334806640625,4.91976087890625,17.952899765625,5.9281935644531245,16.677309375,6.75336357421875,13.00922578125,7.64328017578125,9.661870898437499,13.04475732421875,2.9508075753348213,2.379986279296875,2.1771779754638674,2.7832738677978517,2.0649411254882812,3.8076349548339845,7.164438409423828,2.8260244720458982,6.4093566796875,4.707281689453125,4.783933081054688,5.104881298828125,2.085490887451172,2.4019113098144533,1.6986280517578125,1.7457677490234373,2.430887969970703,2.3488652526855467,1.7191340606689454,1.7879826049804688,2.2455091735839843,3.12541435546875,2.488687536621094,2.1112360290527343,2.9468391174316406,2.7726766479492184,1.7512426483154298,1.934536981201172,2.1742179565429685,2.1021551147460937,2.6799823451450893,1.6553455444335938,1.8377424316406248,1.7503879237583706,13.921543275669643,4.038068219866071,2.0531019914899553,2.3772921177455357,4.40359716796875,1.3442364074707032,6.36845009765625,2.3312008300781253,2.4447078369140622,7.904404248046875,2.285036279296875,2.572226257324219,2.0516088134765624,1.2692821759905133,4.610067517089844,2.4955414123535156,67.702696875,59.8850015625,,,,,55.12690546875,54.245574609375005,48.433592578125,35.594485546875,20.724823828124997,38.583686718749995,33.370904882812496,34.90173896484375,29.416185351562497,,,,,,,,,50.21927578125,,52.534852734374994,,,39.056153906249996,,39.81287671875,47.3393334375,44.503011328125005,59.47688203125,,35.965449609375,24.3538892578125,35.971584375,26.103905859374997,,49.893633984375,,,39.33492890625,37.020469921875,42.019827539062504,47.001663281249996,38.621967187500005,,,,,,40.7556703125,20.8905064453125,18.8800365234375,54.09270703125,22.38155859375,25.73201953125,40.28511796875,23.8392228515625,52.627672265625,36.959994140625,18.650290429687498,30.2586908203125,19.5425865234375,48.65548271484375,19.911066210937502,48.00403125,19.801208935546875,23.872068896484375,22.46315712890625,39.753994921875,36.3931435546875,37.29039609375,23.397191015624998,27.444837304687496,51.2698359375,40.5846087890625,19.102846289062498,25.1569388671875,19.906715039062497,29.185188134765625,4.342211389160156,,32.684973046875,21.33155126953125,28.16709587402344,18.350250732421873,30.838707861328125,22.3010525390625,50.2597265625,22.7349130078125,36.794118515625,21.487647216796873,31.028825390625,33.462246796875,19.7995623046875,18.70931513671875,38.3277427734375,5.865848876953125,,,,,,,,,,,,,,,,,,31.503579609375,,,,,,,6.097906494140625,8.850416088867188,10.376172823660713,10.34654564732143,18.5318421875,10.013621358816964,15.273585853794643,14.861805029296875,18.13758373325893,10.890085473632812,23.799564404296873,13.434474023437499,7.317607939453124,16.0872690234375,8.8100384765625,9.92096947265625,9.801875390625,7.84285453125,12.1383453515625,11.831823193359375
151,1991-08-01,,,,,,,,,,,,,,,,,,,,,,,,,,,,,,,,,,,,,,,,,,,,,,,,,,,,,,,,,,,,,,,,,,,,,,,,,,,,,,,,,,,,,,,,,,,,,,,,,,,,,,,,,,,,,,,,,,,,,,,,,,,,,,,,,,,,,,,,,,,,,,,,,,,,,,,,,,,,,,,,,,,,,,,,,,,,,,,,,,,,,,,,,,,,,,,,,,,,,,,,,,,,,,,,,,,,,,,,,,,,,,,,,,,,,,,,,,,,,,,,,,,,,
152,1991-09-01,,,,,,,,,,,,,,,,,,,,,,,,,,,,,,,,,,,,,,,,,,,,,,,,,,,,,,,,,,,,,,,,,,,,,,,,,,,,,,,,,,,,,,,,,,,,,,,,,,,,,,,,,,,,,,,,,,,,,,,,,,,,,,,,,,,,,,,,,,,,,,,,,,,,,,,,,,,,,,,,,,,,,,,,,,,,,,,,,,,,,,,,,,,,,,,,,,,,,,,,,,,,,,,,,,,,,,,,,,,,,,,,,,,,,,,,,,,,,,,,,,,,,
153,1991-10-01,,,,,,,,,,,,,,,,,,,,,,,,,,,,,,,,,,,,,,,,,,,,,,,,,,,,,,,,,,,,,,,,,,,,,,,,,,,,,,,,,,,,,,,,,,,,,,,,,,,,,,,,,,,,,,,,,,,,,,,,,,,,,,,,,,,,,,,,,,,,,,,,,,,,,,,,,,,,,,,,,,,,,,,,,,,,,,,,,,,,,,,,,,,,,,,,,,,,,,,,,,,,,,,,,,,,,,,,,,,,,,,,,,,,,,,,,,,,,,,,,,,,,
154,1991-11-01,,,,,,,,,,,,,,,,,,,,,,,,,,,,,,,,,,,,,,,,,,,,,,,,,,,,,,,,,,,,,,,,,,,,,,,,,,,,,,,,,,,,,,,,,,,,,,,,,,,,,,,,,,,,,,,,,,,,,,,,,,,,,,,,,,,,,,,,,,,,,,,,,,,,,,,,,,,,,,,,,,,,,,,,,,,,,,,,,,,,,,,,,,,,,,,,,,,,,,,,,,,,,,,,,,,,,,,,,,,,,,,,,,,,,,,,,,,,,,,,,,,,,
155,1991-12-01,,,,,,,,,,,,,,,,,,,,,,,,,,,,,,,,,,,,,,,,,,,,,,,,,,,,,,,,,,,,,,,,,,,,,,,,,,,,,,,,,,,,,,,,,,,,,,,,,,,,,,,,,,,,,,,,,,,,,,,,,,,,,,,,,,,,,,,,,,,,,,,,,,,,,,,,,,,,,,,,,,,,,,,,,,,,,,,,,,,,,,,,,,,,,,,,,,,,,,,,,,,,,,,,,,,,,,,,,,,,,,,,,,,,,,,,,,,,,,,,,,,,,
156,1992-01-01,,,,,,,,,,,,,,,,,,,,,,,,,,,,,,,,,,,,,,,,,,,,,,,,,,,,,,,,,,,,,,,,,,,,,,,,,,,,,,,,,,,,,,,,,,,,,,,,,,,,,,,,,,,,,,,,,,,,,,,,,,,,,,,,,,,,,,,,,,,,,,,,,,,,,,,,,,,,,,,,,,,,,,,,,,,,,,,,,,,,,,,,,,,,,,,,,,,,,,,,,,,,,,,,,,,,,,,,,,,,,,,,,,,,,,,,,,,,,,,,,,,,,
157,1992-02-01,,,,,,,,,,,,,,,,,,,,,,,,,,,,,,,,,,,,,,,,,,,,,,,,,,,,,,,,,,,,,,,,,,,,,,,,,,,,,,,,,,,,,,,,,,,,,,,,,,,,,,,,,,,,,,,,,,,,,,,,,,,,,,,,,,,,,,,,,,,,,,,,,,,,,,,,,,,,,,,,,,,,,,,,,,,,,,,,,,,,,,,,,,,,,,,,,,,,,,,,,,,,,,,,,,,,,,,,,,,,,,,,,,,,,,,,,,,,,,,,,,,,,
158,1992-03-01,,,,,,,,,,,,,,,,,,,,,,,,,,,,,,,,,,,,,,,,,,,,,,,,,,,,,,,,,,,,,,,,,,,,,,,,,,,,,,,,,,,,,,,,,,,,,,,,,,,,,,,,,,,,,,,,,,,,,,,,,,,,,,,,,,,,,,,,,,,,,,,,,,,,,,,,,,,,,,,,,,,,,,,,,,,,,,,,,,,,,,,,,,,,,,,,,,,,,,,,,,,,,,,,,,,,,,,,,,,,,,,,,,,,,,,,,,,,,,,,,,,,,
159,1992-04-01,,,,,,,,,,,,,,,,,,,,,,,,,,,,,,,,,,,,,,,,,,,,,,,,,,,,,,,,,,,,,,,,,,,,,,,,,,,,,,,,,,,,,,,,,,,,,,,,,,,,,,,,,,,,,,,,,,,,,,,,,,,,,,,,,,,,,,,,,,,,,,,,,,,,,,,,,,,,,,,,,,,,,,,,,,,,,,,,,,,,,,,,,,,,,,,,,,,,,,,,,,,,,,,,,,,,,,,,,,,,,,,,,,,,,,,,,,,,,,,,,,,,,
160,1992-05-01,,,,,,,,,,,,,,,,,,,,,,,,,,,,,,,,,,,,,,,,,,,,,,,,,,,,,,,,,,,,,,,,,,,,,,,,,,,,,,,,,,,,,,,,,,,,,,,,,,,,,,,,,,,,,,,,,,,,,,,,,,,,,,,,,,,,,,,,,,,,,,,,,,,,,,,,,,,,,,,,,,,,,,,,,,,,,,,,,,,,,,,,,,,,,,,,,,,,,,,,,,,,,,,,,,,,,,,,,,,,,,,,,,,,,,,,,,,,,,,,,,,,,
161,1992-06-01,,,,,,,,,,,,,,,,,,,,,,,,,,,,,,,,,,,,,,,,,,,,,,,,,,,,,,,,,,,,,,,,,,,,,,,,,,,,,,,,,,,,,,,,,,,,,,,,,,,,,,,,,,,,,,,,,,,,,,,,,,,,,,,,,,,,,,,,,,,,,,,,,,,,,,,,,,,,,,,,,,,,,,,,,,,,,,,,,,,,,,,,,,,,,,,,,,,,,,,,,,,,,,,,,,,,,,,,,,,,,,,,,,,,,,,,,,,,,,,,,,,,,
162,1992-07-01,6.823390869140624,9.774467578125,5.5104653320312496,16.395734179687498,5.733964160156249,8.377620117187499,8.3991884765625,9.4164978515625,9.68704013671875,4.88395546875,17.424615234375,16.892442773437498,6.232671826171875,5.801553369140625,10.0718830078125,9.08562158203125,48.250721484375,13.94465888671875,6.116174414062499,11.925825292968748,7.833753808593751,13.5739447265625,9.5685638671875,9.667478613281249,9.25328056640625,4.6692345703125,10.481471484375,17.90477109375,6.7306070800781255,11.777093261718749,8.73907412109375,8.78094140625,39.315877734375,5.215587121582031,9.151004223632812,29.270767382812497,14.78351337890625,6.354609375,13.377594067382812,5.575136697823661,7.8971946428571425,4.921438371930804,17.983596595982142,5.911595131138393,16.669517343749998,6.808390576171876,12.999353906249999,7.6292279296875,9.645747890625,13.033932890625,2.9502617431640625,2.3804623901367186,2.1742653350830077,2.785472918701172,2.0659493957519532,3.789493176269531,7.151638183593749,2.8212207275390626,6.394224111328125,4.705054211425781,4.781422485351563,5.107783337402344,2.080414764404297,2.3978440063476563,1.7018882446289063,1.7464329986572267,2.4323751892089844,2.3493322265625,1.7195556060791015,1.7866684753417967,2.230045916748047,3.122303576660156,2.4837072692871094,2.1104068359375,2.9458573791503904,2.7758631774902343,1.7478279876708984,1.9341055480957032,2.174852103097098,2.0953861711774553,2.678962902832031,1.655439990234375,1.8425421936035156,1.7460413452148436,13.840481103515623,4.042251928710937,2.0524253173828124,2.368321435546875,4.39501435546875,1.3427068359375,6.3784258300781245,2.3343402832031246,2.445516357421875,7.9147611328125,2.285871533203125,2.563825012207031,2.045717523193359,1.220698388671875,4.6098127441406245,2.4748142211914064,67.5464296875,59.754757031249994,47.036629687499996,,,,55.0231751953125,54.243972070312495,48.419655468749994,35.574753515625,20.72468759765625,38.544360937499995,33.371220703125,34.86170859375,29.405204296875,,,,,,,,,,,,,,,44.814825,39.81290625,47.409479296875,44.31210732421875,60.6431513671875,39.7294171875,,24.295986328125,,26.12958662109375,35.959046484375,49.87655859375,50.847226171875,39.141551953124996,39.328400390625,37.05490546875,42.0319458984375,46.98120234375,38.62963564453125,29.785353222656248,34.13988896484375,,86.11795546875,,40.70199375,20.9123349609375,18.907287451171875,54.140129296874996,22.421187158203125,25.687841308593747,40.10843671875,23.96428505859375,52.654757519531245,37.0857521484375,18.43920226004464,30.170728125,19.509283426339287,48.4899328125,19.86121142578125,47.853191953125,19.7821248046875,23.8783011328125,22.325839804687497,39.728610703125,36.365710078125,37.256677734374996,23.3144184375,27.382518750000003,51.36167109375,40.64553984375,19.1226556640625,25.130063671875,19.86313078125,29.1322318359375,4.33314052734375,,32.709986132812496,21.315020507812502,28.107305859375,18.333783984375,30.83196796875,22.28991262207031,50.3223703125,22.72943466796875,36.766928320312495,21.4524544921875,30.885106054687498,33.4300599609375,19.8311560546875,18.7060869140625,38.260660546874995,5.8636116210937494,,,,,,,,,,,,,,,,,,31.184428359374998,,,,,,,6.063712060546874,8.8156271484375,10.321078125,10.299226245117188,18.507144140624998,9.92224775390625,15.26672021484375,14.788495898437498,18.101282080078125,10.844135532924108,23.741893024553573,13.42355009765625,7.297597998046875,15.8242681640625,8.8008486328125,9.9215326171875,9.740465332031249,7.84277255859375,12.138849609375,11.845977246093751
163,1992-08-01,,,,,,,,,,,,,,,,,,,,,,,,,,,,,,,,,,,,,,,,,,,,,,,,,,,,,,,,,,,,,,,,,,,,,,,,,,,,,,,,,,,,,,,,,,,,,,,,,,,,,,,,,,,,,,,,,,,,,,,,,,,,,,,,,,,,,,,,,,,,,,,,,,,,,,,,,,,,,,,,,,,,,,,,,,,,,,,,,,,,,,,,,,,,,,,,,,,,,,,,,,,,,,,,,,,,,,,,,,,,,,,,,,,,,,,,,,,,,,,,,,,,,
164,1992-09-01,,,,,,,,,,,,,,,,,,,,,,,,,,,,,,,,,,,,,,,,,,,,,,,,,,,,,,,,,,,,,,,,,,,,,,,,,,,,,,,,,,,,,,,,,,,,,,,,,,,,,,,,,,,,,,,,,,,,,,,,,,,,,,,,,,,,,,,,,,,,,,,,,,,,,,,,,,,,,,,,,,,,,,,,,,,,,,,,,,,,,,,,,,,,,,,,,,,,,,,,,,,,,,,,,,,,,,,,,,,,,,,,,,,,,,,,,,,,,,,,,,,,,
165,1992-10-01,,,,,,,,,,,,,,,,,,,,,,,,,,,,,,,,,,,,,,,,,,,,,,,,,,,,,,,,,,,,,,,,,,,,,,,,,,,,,,,,,,,,,,,,,,,,,,,,,,,,,,,,,,,,,,,,,,,,,,,,,,,,,,,,,,,,,,,,,,,,,,,,,,,,,,,,,,,,,,,,,,,,,,,,,,,,,,,,,,,,,,,,,,,,,,,,,,,,,,,,,,,,,,,,,,,,,,,,,,,,,,,,,,,,,,,,,,,,,,,,,,,,,
166,1992-11-01,,,,,,,,,,,,,,,,,,,,,,,,,,,,,,,,,,,,,,,,,,,,,,,,,,,,,,,,,,,,,,,,,,,,,,,,,,,,,,,,,,,,,,,,,,,,,,,,,,,,,,,,,,,,,,,,,,,,,,,,,,,,,,,,,,,,,,,,,,,,,,,,,,,,,,,,,,,,,,,,,,,,,,,,,,,,,,,,,,,,,,,,,,,,,,,,,,,,,,,,,,,,,,,,,,,,,,,,,,,,,,,,,,,,,,,,,,,,,,,,,,,,,
167,1992-12-01,,,,,,,,,,,,,,,,,,,,,,,,,,,,,,,,,,,,,,,,,,,,,,,,,,,,,,,,,,,,,,,,,,,,,,,,,,,,,,,,,,,,,,,,,,,,,,,,,,,,,,,,,,,,,,,,,,,,,,,,,,,,,,,,,,,,,,,,,,,,,,,,,,,,,,,,,,,,,,,,,,,,,,,,,,,,,,,,,,,,,,,,,,,,,,,,,,,,,,,,,,,,,,,,,,,,,,,,,,,,,,,,,,,,,,,,,,,,,,,,,,,,,
168,1993-01-01,,,,,,,,,,,,,,,,,,,,,,,,,,,,,,,,,,,,,,,,,,,,,,,,,,,,,,,,,,,,,,,,,,,,,,,,,,,,,,,,,,,,,,,,,,,,,,,,,,,,,,,,,,,,,,,,,,,,,,,,,,,,,,,,,,,,,,,,,,,,,,,,,,,,,,,,,,,,,,,,,,,,,,,,,,,,,,,,,,,,,,,,,,,,,,,,,,,,,,,,,,,,,,,,,,,,,,,,,,,,,,,,,,,,,,,,,,,,,,,,,,,,,
169,1993-02-01,,,,,,,,,,,,,,,,,,,,,,,,,,,,,,,,,,,,,,,,,,,,,,,,,,,,,,,,,,,,,,,,,,,,,,,,,,,,,,,,,,,,,,,,,,,,,,,,,,,,,,,,,,,,,,,,,,,,,,,,,,,,,,,,,,,,,,,,,,,,,,,,,,,,,,,,,,,,,,,,,,,,,,,,,,,,,,,,,,,,,,,,,,,,,,,,,,,,,,,,,,,,,,,,,,,,,,,,,,,,,,,,,,,,,,,,,,,,,,,,,,,,,
170,1993-03-01,,,,,,,,,,,,,,,,,,,,,,,,,,,,,,,,,,,,,,,,,,,,,,,,,,,,,,,,,,,,,,,,,,,,,,,,,,,,,,,,,,,,,,,,,,,,,,,,,,,,,,,,,,,,,,,,,,,,,,,,,,,,,,,,,,,,,,,,,,,,,,,,,,,,,,,,,,,,,,,,,,,,,,,,,,,,,,,,,,,,,,,,,,,,,,,,,,,,,,,,,,,,,,,,,,,,,,,,,,,,,,,,,,,,,,,,,,,,,,,,,,,,,
171,1993-04-01,,,,,,,,,,,,,,,,,,,,,,,,,,,,,,,,,,,,,,,,,,,,,,,,,,,,,,,,,,,,,,,,,,,,,,,,,,,,,,,,,,,,,,,,,,,,,,,,,,,,,,,,,,,,,,,,,,,,,,,,,,,,,,,,,,,,,,,,,,,,,,,,,,,,,,,,,,,,,,,,,,,,,,,,,,,,,,,,,,,,,,,,,,,,,,,,,,,,,,,,,,,,,,,,,,,,,,,,,,,,,,,,,,,,,,,,,,,,,,,,,,,,,
172,1993-05-01,,,,,,,,,,,,,,,,,,,,,,,,,,,,,,,,,,,,,,,,,,,,,,,,,,,,,,,,,,,,,,,,,,,,,,,,,,,,,,,,,,,,,,,,,,,,,,,,,,,,,,,,,,,,,,,,,,,,,,,,,,,,,,,,,,,,,,,,,,,,,,,,,,,,,,,,,,,,,,,,,,,,,,,,,,,,,,,,,,,,,,,,,,,,,,,,,,,,,,,,,,,,,,,,,,,,,,,,,,,,,,,,,,,,,,,,,,,,,,,,,,,,,
173,1993-06-01,,,,,,,,,,,,,,,,,,,,,,,,,,,,,,,,,,,,,,,,,,,,,,,,,,,,,,,,,,,,,,,,,,,,,,,,,,,,,,,,,,,,,,,,,,,,,,,,,,,,,,,,,,,,,,,,,,,,,,,,,,,,,,,,,,,,,,,,,,,,,,,,,,,,,,,,,,,,,,,,,,,,,,,,,,,,,,,,,,,,,,,,,,,,,,,,,,,,,,,,,,,,,,,,,,,,,,,,,,,,,,,,,,,,,,,,,,,,,,,,,,,,,
174,1993-07-01,6.82306875,9.76524609375,5.503391015625,16.380578320312498,5.7309684082031245,8.360623828125,8.39710458984375,9.4121208984375,9.6824689453125,4.87959169921875,17.424615234375,16.884242578125,6.22217900390625,5.798825244140625,10.07021396484375,9.07925390625,48.223501171875,13.9423658203125,6.11395400390625,11.93373662109375,7.83776220703125,13.5551583984375,9.5421240234375,9.668855566406249,9.3235201171875,4.6667126953125,10.45254287109375,17.8518708984375,6.729427880859375,11.775665625,8.72931826171875,8.73648017578125,39.343611328125,5.234213452148437,9.143438598632812,29.2568783203125,14.795018261718749,6.3506228027343745,13.649985979352678,5.675600126953125,7.889305253906249,4.9375321875,18.0176354296875,5.911947685546875,16.649154492187503,6.875307275390625,12.97724677734375,7.6155067968750005,,,2.94849755859375,2.3754864166259764,2.1639226806640623,2.785917529296875,2.062327734375,3.7662187988281253,7.139153662109375,2.8138765625,6.34631884765625,4.699872802734375,4.778467272949219,5.107569543457031,2.0770990356445314,2.3944535705566405,1.7051485473632813,1.74584267578125,2.435818359375,2.349081848144531,1.7207451507568359,1.7841925964355467,2.2080160217285156,3.1176009338378905,2.4828127624511716,2.1098747131347655,2.941236309814453,2.7782119995117185,1.7423816253662108,1.9319550842285156,2.176705645751953,2.0889141723632814,,,,,,,,,,,,,,,,2.55638056640625,2.0399570068359374,1.1855552124023436,4.605410390625,2.4609990234375,67.41764296875,59.550148828124996,47.028235546875,78.5830078125,59.065228125,47.361130312499995,54.75165029296875,54.221477343749996,48.3243662109375,35.50486171875,20.762025585937497,38.52890625,33.35686083984375,34.828645078125,,44.62882031249999,39.46901953125,47.2261921875,11.071041284179687,38.955849609374994,46.64221435546875,40.896685546875,54.1838759765625,50.1863994140625,36.905259375,52.476890624999996,33.7227890625,44.96439375,,44.78865046874999,39.84521044921875,47.468013574218745,44.205964453125,61.79509125,39.7294171875,35.953850390625,24.19421484375,35.936480273437496,26.1198955078125,35.950383984375,49.842905273437495,50.835580078125,39.137436328125,39.31097109375,37.0468927734375,42.02447431640625,46.95013125,38.6912021484375,29.8151841796875,34.131503320312504,,,,,20.9760043359375,18.946419140625,54.175285546874996,22.4683376953125,25.683157265625,39.813420703125,24.2123227734375,52.61162343750001,37.3009359375,18.15311755371094,30.07183828125,19.465362421875,48.34743515624999,19.800718945312497,47.7909580078125,19.75619267578125,23.87572470703125,22.002832177734373,39.646866796874995,36.234625781249996,37.2568171875,23.1822966796875,27.302058544921874,51.43474453125,40.81787314453125,19.118183642578124,25.108036083984373,19.7835310546875,29.084849560546875,4.314949365234375,,32.707030078125,21.270615117187496,28.089411679687498,18.3179647265625,30.828330703124998,22.278711328125,50.42058046875,22.66965421875,36.756895078125,21.410825624999998,30.675685781250003,33.3733725,19.853989453125,18.6998916796875,38.18475,5.86455380859375,,,,,,,,,,,,,,,,,,30.87200126953125,,,,,,,6.023955133928571,8.773971930803572,10.2790318359375,10.232392126464843,18.44494373224432,9.872423107910155,15.233680590820313,14.701989299665177,18.015634204101563,10.808083426339286,23.654061160714285,13.40867109375,7.270943743024553,15.57366123046875,8.780203125,9.910210546875,9.6668560546875,7.82446728515625,12.096142006138393,11.844490624999999
175,1993-08-01,,,,,,,,,,,,,,,,,,,,,,,,,,,,,,,,,,,,,,,,,,,,,,,,,,,,,,,,,,,,,,,,,,,,,,,,,,,,,,,,,,,,,,,,,,,,,,,,,,,,,,,,,,,,,,,,,,,,,,,,,,,,,,,,,,,,,,,,,,,,,,,,,,,,,,,,,,,,,,,,,,,,,,,,,,,,,,,,,,,,,,,,,,,,,,,,,,,,,,,,,,,,,,,,,,,,,,,,,,,,,,,,,,,,,,,,,,,,,,,,,,,,,
176,1993-09-01,,,,,,,,,,,,,,,,,,,,,,,,,,,,,,,,,,,,,,,,,,,,,,,,,,,,,,,,,,,,,,,,,,,,,,,,,,,,,,,,,,,,,,,,,,,,,,,,,,,,,,,,,,,,,,,,,,,,,,,,,,,,,,,,,,,,,,,,,,,,,,,,,,,,,,,,,,,,,,,,,,,,,,,,,,,,,,,,,,,,,,,,,,,,,,,,,,,,,,,,,,,,,,,,,,,,,,,,,,,,,,,,,,,,,,,,,,,,,,,,,,,,,
177,1993-10-01,,,,,,,,,,,,,,,,,,,,,,,,,,,,,,,,,,,,,,,,,,,,,,,,,,,,,,,,,,,,,,,,,,,,,,,,,,,,,,,,,,,,,,,,,,,,,,,,,,,,,,,,,,,,,,,,,,,,,,,,,,,,,,,,,,,,,,,,,,,,,,,,,,,,,,,,,,,,,,,,,,,,,,,,,,,,,,,,,,,,,,,,,,,,,,,,,,,,,,,,,,,,,,,,,,,,,,,,,,,,,,,,,,,,,,,,,,,,,,,,,,,,,
178,1993-11-01,,,,,,,,,,,,,,,,,,,,,,,,,,,,,,,,,,,,,,,,,,,,,,,,,,,,,,,,,,,,,,,,,,,,,,,,,,,,,,,,,,,,,,,,,,,,,,,,,,,,,,,,,,,,,,,,,,,,,,,,,,,,,,,,,,,,,,,,,,,,,,,,,,,,,,,,,,,,,,,,,,,,,,,,,,,,,,,,,,,,,,,,,,,,,,,,,,,,,,,,,,,,,,,,,,,,,,,,,,,,,,,,,,,,,,,,,,,,,,,,,,,,,
179,1993-12-01,,,,,,,,,,,,,,,,,,,,,,,,,,,,,,,,,,,,,,,,,,,,,,,,,,,,,,,,,,,,,,,,,,,,,,,,,,,,,,,,,,,,,,,,,,,,,,,,,,,,,,,,,,,,,,,,,,,,,,,,,,,,,,,,,,,,,,,,,,,,,,,,,,,,,,,,,,,,,,,,,,,,,,,,,,,,,,,,,,,,,,,,,,,,,,,,,,,,,,,,,,,,,,,,,,,,,,,,,,,,,,,,,,,,,,,,,,,,,,,,,,,,,
180,1994-01-01,,,,,,,,,,,,,,,,,,,,,,,,,,,,,,,,,,,,,,,,,,,,,,,,,,,,,,,,,,,,,,,,,,,,,,,,,,,,,,,,,,,,,,,,,,,,,,,,,,,,,,,,,,,,,,,,,,,,,,,,,,,,,,,,,,,,,,,,,,,,,,,,,,,,,,,,,,,,,,,,,,,,,,,,,,,,,,,,,,,,,,,,,,,,,,,,,,,,,,,,,,,,,,,,,,,,,,,,,,,,,,,,,,,,,,,,,,,,,,,,,,,,,
181,1994-02-01,,,,,,,,,,,,,,,,,,,,,,,,,,,,,,,,,,,,,,,,,,,,,,,,,,,,,,,,,,,,,,,,,,,,,,,,,,,,,,,,,,,,,,,,,,,,,,,,,,,,,,,,,,,,,,,,,,,,,,,,,,,,,,,,,,,,,,,,,,,,,,,,,,,,,,,,,,,,,,,,,,,,,,,,,,,,,,,,,,,,,,,,,,,,,,,,,,,,,,,,,,,,,,,,,,,,,,,,,,,,,,,,,,,,,,,,,,,,,,,,,,,,,
182,1994-03-01,,,,,,,,,,,,,,,,,,,,,,,,,,,,,,,,,,,,,,,,,,,,,,,,,,,,,,,,,,,,,,,,,,,,,,,,,,,,,,,,,,,,,,,,,,,,,,,,,,,,,,,,,,,,,,,,,,,,,,,,,,,,,,,,,,,,,,,,,,,,,,,,,,,,,,,,,,,,,,,,,,,,,,,,,,,,,,,,,,,,,,,,,,,,,,,,,,,,,,,,,,,,,,,,,,,,,,,,,,,,,,,,,,,,,,,,,,,,,,,,,,,,,
183,1994-04-01,,,,,,,,,,,,,,,,,,,,,,,,,,,,,,,,,,,,,,,,,,,,,,,,,,,,,,,,,,,,,,,,,,,,,,,,,,,,,,,,,,,,,,,,,,,,,,,,,,,,,,,,,,,,,,,,,,,,,,,,,,,,,,,,,,,,,,,,,,,,,,,,,,,,,,,,,,,,,,,,,,,,,,,,,,,,,,,,,,,,,,,,,,,,,,,,,,,,,,,,,,,,,,,,,,,,,,,,,,,,,,,,,,,,,,,,,,,,,,,,,,,,,
184,1994-05-01,,,,,,,,,,,,,,,,,,,,,,,,,,,,,,,,,,,,,,,,,,,,,,,,,,,,,,,,,,,,,,,,,,,,,,,,,,,,,,,,,,,,,,,,,,,,,,,,,,,,,,,,,,,,,,,,,,,,,,,,,,,,,,,,,,,,,,,,,,,,,,,,,,,,,,,,,,,,,,,,,,,,,,,,,,,,,,,,,,,,,,,,,,,,,,,,,,,,,,,,,,,,,,,,,,,,,,,,,,,,,,,,,,,,,,,,,,,,,,,,,,,,,
185,1994-06-01,,,,,,,,,,,,,,,,,,,,,,,,,,,,,,,,,,,,,,,,,,,,,,,,,,,,,,,,,,,,,,,,,,,,,,,,,,,,,,,,,,,,,,,,,,,,,,,,,,,,,,,,,,,,,,,,,,,,,,,,,,,,,,,,,,,,,,,,,,,,,,,,,,,,,,,,,,,,,,,,,,,,,,,,,,,,,,,,,,,,,,,,,,,,,,,,,,,,,,,,,,,,,,,,,,,,,,,,,,,,,,,,,,,,,,,,,,,,,,,,,,,,,
186,1994-07-01,6.825639001464843,9.7507669921875,5.492913903808594,16.314018310546874,5.728056481933594,8.348878564453125,8.386946411132811,9.40259267578125,9.674957592773437,4.870173449707031,17.405033203125,16.85655703125,6.209164951171875,5.791528212890625,10.040206494140625,9.077037890624998,48.049552734375,13.913333789062499,6.101584130859375,11.945088867187499,7.8386677734375,13.54348505859375,9.510348779296875,9.6708509765625,9.3851208984375,4.6706684326171874,10.423775976562501,17.705188183593748,6.732294873046875,11.766053906249999,8.695362451171876,8.689148060825891,39.3588240234375,5.253286941964285,9.139778362165178,29.19378984375,14.79966708984375,6.3437937890625,13.873663769531248,5.802796845703125,7.889830839843751,4.949761728515624,18.046057148437498,5.91338091796875,16.613750390625,6.916465869140626,12.956554394531251,7.599830976562499,9.622775390625,13.01894033203125,2.949514013671875,2.3679093854631694,2.1472054595947263,2.7798597564697265,2.0571598388671877,3.7376358398437497,7.104732890625,2.808213647460937,6.285243017578125,4.6839328125,4.7744970703125,5.109999169921875,2.0747822021484374,2.3924764892578128,1.7077464111328124,1.7450505615234375,2.4360355224609376,2.3473587890625,1.720737890625,1.7828999267578125,2.18581611328125,3.112278955078125,2.4784289794921874,2.11155732421875,2.93427099609375,2.778257373046875,1.73797734375,1.9304173095703125,2.178231372070312,2.0839280273437497,2.745126416015625,1.6560400634765624,1.8442584777832032,1.7406023803710937,13.7469369140625,4.04422822265625,2.052148095703125,2.3604291210937496,4.387663916015624,1.3427039794921876,6.3864404296875,2.3392215087890627,2.4455068725585933,7.925435595703124,2.284032568359375,2.5516688049316407,2.035122300502232,1.1637762817382813,4.600477221679688,2.4507416931152344,67.40220234374999,59.459385937499995,46.99484296875,78.6441796875,59.07598828125,47.25948105468749,54.460133789062496,54.138603515625,48.23892421875,35.396701171874994,20.780428271484375,38.46261746651786,33.36338119419643,34.811086523437496,29.3557365234375,44.602470703125,39.434109375,47.207382421874996,11.072195507812499,38.951061328125,46.53022349330357,40.86062296875,54.030762890625,50.16725625,36.905274609375,52.41180146484375,33.722668359375,44.9662865625,39.050633203124995,44.65566813616071,,,44.298696972656245,62.770559765624995,39.729378515625,35.93413125,24.024410595703124,35.9496703125,25.96537114955357,35.925191015624996,49.789197656249996,50.826237890625,39.141685546874996,39.2698546875,37.03921171875,42.03502822265625,46.869515625,38.744778515625,29.88998525390625,34.11340576171875,,86.00473124999999,,40.64561015625,21.0149267578125,18.95556884765625,54.1753171875,22.484762109374998,25.649022656249997,39.4904830078125,24.4106619140625,52.5733998046875,37.451213671874996,17.999111132812498,,19.422276855468752,48.1307783203125,19.75810693359375,47.767445507812496,19.7373375,23.879394140625,21.818374804687497,39.484946484375,36.11431640625,37.266278906249994,23.122606640624998,27.199473046875,51.522788671875,40.877182031249994,19.080705468749997,,19.7457251953125,,,,32.61552609375,21.209471630859376,28.07435126953125,18.300322265625,30.822570703125,22.2518358984375,50.459466796875,22.6049625,36.73483857421875,21.3625993359375,30.53372431640625,33.3829107421875,19.869227050781248,18.66965185546875,38.1379341796875,5.8631194335937495,,,,,,,,,,,,,,,,,,30.689110546875,,,,,,,6.0004634765625,8.729339501953124,10.23928740234375,10.13033513671875,18.403880273437498,9.898112109374999,15.1532286328125,14.609019067382812,17.866382695312502,10.79623095703125,23.54766298828125,13.395367529296873,7.234880625,15.476897812499999,8.767037548828124,9.877655917968749,9.63324990234375,7.792869067382812,11.99807455078125,11.853890039062499
187,1994-08-01,,,,,,,,,,,,,,,,,,,,,,,,,,,,,,,,,,,,,,,,,,,,,,,,,,,,,,,,,,,,,,,,,,,,,,,,,,,,,,,,,,,,,,,,,,,,,,,,,,,,,,,,,,,,,,,,,,,,,,,,,,,,,,,,,,,,,,,,,,,,,,,,,,,,,,,,,,,,,,,,,,,,,,,,,,,,,,,,,,,,,,,,,,,,,,,,,,,,,,,,,,,,,,,,,,,,,,,,,,,,,,,,,,,,,,,,,,,,,,,,,,,,,
188,1994-09-01,,,,,,,,,,,,,,,,,,,,,,,,,,,,,,,,,,,,,,,,,,,,,,,,,,,,,,,,,,,,,,,,,,,,,,,,,,,,,,,,,,,,,,,,,,,,,,,,,,,,,,,,,,,,,,,,,,,,,,,,,,,,,,,,,,,,,,,,,,,,,,,,,,,,,,,,,,,,,,,,,,,,,,,,,,,,,,,,,,,,,,,,,,,,,,,,,,,,,,,,,,,,,,,,,,,,,,,,,,,,,,,,,,,,,,,,,,,,,,,,,,,,,
189,1994-10-01,,,,,,,,,,,,,,,,,,,,,,,,,,,,,,,,,,,,,,,,,,,,,,,,,,,,,,,,,,,,,,,,,,,,,,,,,,,,,,,,,,,,,,,,,,,,,,,,,,,,,,,,,,,,,,,,,,,,,,,,,,,,,,,,,,,,,,,,,,,,,,,,,,,,,,,,,,,,,,,,,,,,,,,,,,,,,,,,,,,,,,,,,,,,,,,,,,,,,,,,,,,,,,,,,,,,,,,,,,,,,,,,,,,,,,,,,,,,,,,,,,,,,
190,1994-11-01,,,,,,,,,,,,,,,,,,,,,,,,,,,,,,,,,,,,,,,,,,,,,,,,,,,,,,,,,,,,,,,,,,,,,,,,,,,,,,,,,,,,,,,,,,,,,,,,,,,,,,,,,,,,,,,,,,,,,,,,,,,,,,,,,,,,,,,,,,,,,,,,,,,,,,,,,,,,,,,,,,,,,,,,,,,,,,,,,,,,,,,,,,,,,,,,,,,,,,,,,,,,,,,,,,,,,,,,,,,,,,,,,,,,,,,,,,,,,,,,,,,,,
191,1994-12-01,,,,,,,,,,,,,,,,,,,,,,,,,,,,,,,,,,,,,,,,,,,,,,,,,,,,,,,,,,,,,,,,,,,,,,,,,,,,,,,,,,,,,,,,,,,,,,,,,,,,,,,,,,,,,,,,,,,,,,,,,,,,,,,,,,,,,,,,,,,,,,,,,,,,,,,,,,,,,,,,,,,,,,,,,,,,,,,,,,,,,,,,,,,,,,,,,,,,,,,,,,,,,,,,,,,,,,,,,,,,,,,,,,,,,,,,,,,,,,,,,,,,,
192,1995-01-01,,,,,,,,,,,,,,,,,,,,,,,,,,,,,,,,,,,,,,,,,,,,,,,,,,,,,,,,,,,,,,,,,,,,,,,,,,,,,,,,,,,,,,,,,,,,,,,,,,,,,,,,,,,,,,,,,,,,,,,,,,,,,,,,,,,,,,,,,,,,,,,,,,,,,,,,,,,,,,,,,,,,,,,,,,,,,,,,,,,,,,,,,,,,,,,,,,,,,,,,,,,,,,,,,,,,,,,,,,,,,,,,,,,,,,,,,,,,,,,,,,,,,
193,1995-02-01,,,,,,,,,,,,,,,,,,,,,,,,,,,,,,,,,,,,,,,,,,,,,,,,,,,,,,,,,,,,,,,,,,,,,,,,,,,,,,,,,,,,,,,,,,,,,,,,,,,,,,,,,,,,,,,,,,,,,,,,,,,,,,,,,,,,,,,,,,,,,,,,,,,,,,,,,,,,,,,,,,,,,,,,,,,,,,,,,,,,,,,,,,,,,,,,,,,,,,,,,,,,,,,,,,,,,,,,,,,,,,,,,,,,,,,,,,,,,,,,,,,,,
194,1995-03-01,,,,,,,,,,,,,,,,,,,,,,,,,,,,,,,,,,,,,,,,,,,,,,,,,,,,,,,,,,,,,,,,,,,,,,,,,,,,,,,,,,,,,,,,,,,,,,,,,,,,,,,,,,,,,,,,,,,,,,,,,,,,,,,,,,,,,,,,,,,,,,,,,,,,,,,,,,,,,,,,,,,,,,,,,,,,,,,,,,,,,,,,,,,,,,,,,,,,,,,,,,,,,,,,,,,,,,,,,,,,,,,,,,,,,,,,,,,,,,,,,,,,,
195,1995-04-01,,,,,,,,,,,,,,,,,,,,,,,,,,,,,,,,,,,,,,,,,,,,,,,,,,,,,,,,,,,,,,,,,,,,,,,,,,,,,,,,,,,,,,,,,,,,,,,,,,,,,,,,,,,,,,,,,,,,,,,,,,,,,,,,,,,,,,,,,,,,,,,,,,,,,,,,,,,,,,,,,,,,,,,,,,,,,,,,,,,,,,,,,,,,,,,,,,,,,,,,,,,,,,,,,,,,,,,,,,,,,,,,,,,,,,,,,,,,,,,,,,,,,
196,1995-05-01,,,,,,,,,,,,,,,,,,,,,,,,,,,,,,,,,,,,,,,,,,,,,,,,,,,,,,,,,,,,,,,,,,,,,,,,,,,,,,,,,,,,,,,,,,,,,,,,,,,,,,,,,,,,,,,,,,,,,,,,,,,,,,,,,,,,,,,,,,,,,,,,,,,,,,,,,,,,,,,,,,,,,,,,,,,,,,,,,,,,,,,,,,,,,,,,,,,,,,,,,,,,,,,,,,,,,,,,,,,,,,,,,,,,,,,,,,,,,,,,,,,,,
197,1995-06-01,,,,,,,,,,,,,,,,,,,,,,,,,,,,,,,,,,,,,,,,,,,,,,,,,,,,,,,,,,,,,,,,,,,,,,,,,,,,,,,,,,,,,,,,,,,,,,,,,,,,,,,,,,,,,,,,,,,,,,,,,,,,,,,,,,,,,,,,,,,,,,,,,,,,,,,,,,,,,,,,,,,,,,,,,,,,,,,,,,,,,,,,,,,,,,,,,,,,,,,,,,,,,,,,,,,,,,,,,,,,,,,,,,,,,,,,,,,,,,,,,,,,,
198,1995-07-01,6.82309072265625,9.732438867187499,5.467988671874999,16.24580859375,5.71817548828125,8.30863564453125,8.3718076171875,9.3824455078125,9.65310029296875,4.859387109375,17.352799365234375,16.795792529296875,6.192780249023438,5.783112231445312,9.942844921875,9.077101318359375,47.678234765625,13.865501953125,6.082635424804688,11.918371875,7.83427236328125,13.537592578125,9.47096044921875,9.6669427734375,9.407069677734375,4.672184692382813,10.381700537109374,17.56806591796875,6.7276144775390625,11.741320751953126,8.60164658203125,8.652367822265624,39.258936328124996,5.2697187011718745,9.13152041015625,29.017895800781247,14.8071615234375,6.334925390625,13.945492309570312,5.858580432128906,7.880357373046875,4.95811318359375,18.06999609375,5.908998449707031,16.594621874999998,6.935320019531249,12.93977197265625,7.58950341796875,9.61259853515625,13.007875341796876,2.9455074316406247,2.355779223632813,2.1295431884765623,2.772034533691406,2.04817939453125,3.716781005859375,7.081266796874999,2.804105731201172,6.254620971679687,4.672771655273437,4.768297338867187,5.101018725585938,2.0708664916992188,2.3889845764160156,1.708741241455078,1.7425238708496094,2.4325669006347654,2.342028405761719,1.7217395233154296,1.7837346313476563,2.167268719482422,3.104202227783203,2.4733635314941407,2.1103412475585936,2.933464691162109,2.777323425292969,1.7326732543945311,1.9286399047851563,2.175379541015625,2.0760900983537947,2.8155650390625,1.6562372314453124,1.8428050415039063,1.7329117675781252,13.6925572265625,4.0470984375,2.052156298828125,2.3549077880859373,,,,,,,,2.550129180908203,2.03334169921875,1.147869956752232,4.592557067871093,2.44930869140625,67.32824765625,59.32737421875,,78.74622421875,58.9887,,,,,,,,,,,,,,,,,,,,,,,,,,,,,,,,,,25.6793572265625,35.8961818359375,49.772641406249996,,,,37.00222734375,,46.78880625,38.768108203124996,,,,,46.488346875,40.5153580078125,20.998999951171875,18.95378203125,54.1466103515625,22.507865771484376,25.620513574218748,38.7771046875,24.65282109375,52.453424707031246,37.60051138392857,17.907930615234374,29.901210205078122,19.33921318359375,47.75305580357143,19.71739546875,47.79517078125,19.7242709765625,23.882664374999997,21.54712353515625,39.337399687499996,35.980539609375,37.290391699218745,23.05912880859375,27.118473486328124,51.663690527343746,41.049320507812496,19.034584960937497,25.0824955078125,19.707701000976563,28.991164921874997,4.288965380859375,,32.483814609374996,21.1721009765625,28.0609330078125,18.2853703125,30.815377734374998,22.236673095703125,50.50444833984375,22.568272558593748,36.7396505859375,21.31789921875,30.39944326171875,33.406315136718746,,18.6559646484375,,5.859361669921874,,,,,,,,,,,,,,,,,,30.4741810546875,,,,,,,5.9837501953125,8.711091210937498,10.203719238281248,10.043432666015624,18.377550703125,9.951616845703125,15.069827109375002,14.54717783203125,17.7420828515625,10.797621240234376,23.416050585937498,13.329304394531249,7.19070240234375,15.417742148437501,8.73589599609375,9.8016451171875,9.6323326171875,7.7654436328125005,11.880596953125,11.836140161132812
199,1995-08-01,,,,,,,,,,,,,,,,,,,,,,,,,,,,,,,,,,,,,,,,,,,,,,,,,,,,,,,,,,,,,,,,,,,,,,,,,,,,,,,,,,,,,,,,,,,,,,,,,,,,,,,,,,,,,,,,,,,,,,,,,,,,,,,,,,,,,,,,,,,,,,,,,,,,,,,,,,,,,,,,,,,,,,,,,,,,,,,,,,,,,,,,,,,,,,,,,,,,,,,,,,,,,,,,,,,,,,,,,,,,,,,,,,,,,,,,,,,,,,,,,,,,,
200,1995-09-01,,,,,,,,,,,,,,,,,,,,,,,,,,,,,,,,,,,,,,,,,,,,,,,,,,,,,,,,,,,,,,,,,,,,,,,,,,,,,,,,,,,,,,,,,,,,,,,,,,,,,,,,,,,,,,,,,,,,,,,,,,,,,,,,,,,,,,,,,,,,,,,,,,,,,,,,,,,,,,,,,,,,,,,,,,,,,,,,,,,,,,,,,,,,,,,,,,,,,,,,,,,,,,,,,,,,,,,,,,,,,,,,,,,,,,,,,,,,,,,,,,,,,
201,1995-10-01,,,,,,,,,,,,,,,,,,,,,,,,,,,,,,,,,,,,,,,,,,,,,,,,,,,,,,,,,,,,,,,,,,,,,,,,,,,,,,,,,,,,,,,,,,,,,,,,,,,,,,,,,,,,,,,,,,,,,,,,,,,,,,,,,,,,,,,,,,,,,,,,,,,,,,,,,,,,,,,,,,,,,,,,,,,,,,,,,,,,,,,,,,,,,,,,,,,,,,,,,,,,,,,,,,,,,,,,,,,,,,,,,,,,,,,,,,,,,,,,,,,,,
202,1995-11-01,,,,,,,,,,,,,,,,,,,,,,,,,,,,,,,,,,,,,,,,,,,,,,,,,,,,,,,,,,,,,,,,,,,,,,,,,,,,,,,,,,,,,,,,,,,,,,,,,,,,,,,,,,,,,,,,,,,,,,,,,,,,,,,,,,,,,,,,,,,,,,,,,,,,,,,,,,,,,,,,,,,,,,,,,,,,,,,,,,,,,,,,,,,,,,,,,,,,,,,,,,,,,,,,,,,,,,,,,,,,,,,,,,,,,,,,,,,,,,,,,,,,,
203,1995-12-01,,,,,,,,,,,,,,,,,,,,,,,,,,,,,,,,,,,,,,,,,,,,,,,,,,,,,,,,,,,,,,,,,,,,,,,,,,,,,,,,,,,,,,,,,,,,,,,,,,,,,,,,,,,,,,,,,,,,,,,,,,,,,,,,,,,,,,,,,,,,,,,,,,,,,,,,,,,,,,,,,,,,,,,,,,,,,,,,,,,,,,,,,,,,,,,,,,,,,,,,,,,,,,,,,,,,,,,,,,,,,,,,,,,,,,,,,,,,,,,,,,,,,
204,1996-01-01,,,,,,,,,,,,,,,,,,,,,,,,,,,,,,,,,,,,,,,,,,,,,,,,,,,,,,,,,,,,,,,,,,,,,,,,,,,,,,,,,,,,,,,,,,,,,,,,,,,,,,,,,,,,,,,,,,,,,,,,,,,,,,,,,,,,,,,,,,,,,,,,,,,,,,,,,,,,,,,,,,,,,,,,,,,,,,,,,,,,,,,,,,,,,,,,,,,,,,,,,,,,,,,,,,,,,,,,,,,,,,,,,,,,,,,,,,,,,,,,,,,,,
205,1996-02-01,,,,,,,,,,,,,,,,,,,,,,,,,,,,,,,,,,,,,,,,,,,,,,,,,,,,,,,,,,,,,,,,,,,,,,,,,,,,,,,,,,,,,,,,,,,,,,,,,,,,,,,,,,,,,,,,,,,,,,,,,,,,,,,,,,,,,,,,,,,,,,,,,,,,,,,,,,,,,,,,,,,,,,,,,,,,,,,,,,,,,,,,,,,,,,,,,,,,,,,,,,,,,,,,,,,,,,,,,,,,,,,,,,,,,,,,,,,,,,,,,,,,,
206,1996-03-01,,,,,,,,,,,,,,,,,,,,,,,,,,,,,,,,,,,,,,,,,,,,,,,,,,,,,,,,,,,,,,,,,,,,,,,,,,,,,,,,,,,,,,,,,,,,,,,,,,,,,,,,,,,,,,,,,,,,,,,,,,,,,,,,,,,,,,,,,,,,,,,,,,,,,,,,,,,,,,,,,,,,,,,,,,,,,,,,,,,,,,,,,,,,,,,,,,,,,,,,,,,,,,,,,,,,,,,,,,,,,,,,,,,,,,,,,,,,,,,,,,,,,
207,1996-04-01,,,,,,,,,,,,,,,,,,,,,,,,,,,,,,,,,,,,,,,,,,,,,,,,,,,,,,,,,,,,,,,,,,,,,,,,,,,,,,,,,,,,,,,,,,,,,,,,,,,,,,,,,,,,,,,,,,,,,,,,,,,,,,,,,,,,,,,,,,,,,,,,,,,,,,,,,,,,,,,,,,,,,,,,,,,,,,,,,,,,,,,,,,,,,,,,,,,,,,,,,,,,,,,,,,,,,,,,,,,,,,,,,,,,,,,,,,,,,,,,,,,,,
208,1996-05-01,,,,,,,,,,,,,,,,,,,,,,,,,,,,,,,,,,,,,,,,,,,,,,,,,,,,,,,,,,,,,,,,,,,,,,,,,,,,,,,,,,,,,,,,,,,,,,,,,,,,,,,,,,,,,,,,,,,,,,,,,,,,,,,,,,,,,,,,,,,,,,,,,,,,,,,,,,,,,,,,,,,,,,,,,,,,,,,,,,,,,,,,,,,,,,,,,,,,,,,,,,,,,,,,,,,,,,,,,,,,,,,,,,,,,,,,,,,,,,,,,,,,,
209,1996-06-01,,,,,,,,,,,,,,,,,,,,,,,,,,,,,,,,,,,,,,,,,,,,,,,,,,,,,,,,,,,,,,,,,,,,,,,,,,,,,,,,,,,,,,,,,,,,,,,,,,,,,,,,,,,,,,,,,,,,,,,,,,,,,,,,,,,,,,,,,,,,,,,,,,,,,,,,,,,,,,,,,,,,,,,,,,,,,,,,,,,,,,,,,,,,,,,,,,,,,,,,,,,,,,,,,,,,,,,,,,,,,,,,,,,,,,,,,,,,,,,,,,,,,
210,1996-07-01,6.8122210144042965,9.705255845424107,5.449868701171876,16.1674951171875,5.708982714843749,8.269144335937499,8.35541982421875,9.3736142578125,9.6387896484375,4.847234033203125,17.291216015625,16.7503576171875,6.179493017578125,5.782357177734375,9.84031875,9.092598046874999,47.312253515625,13.816276757812501,6.0589857421875,11.86965,7.821911718749999,13.52509119140625,9.415837792968748,9.65597578125,9.424750906808034,4.6749265764508925,10.36126494140625,17.431025390625,6.714934365234375,11.70995888671875,8.493683935546875,8.618356787109375,39.135230859375,5.283000439453125,9.127228459821428,28.757293694196427,14.800582366071428,6.333859790039063,14.00104951171875,5.8883591796875,7.8647244140625,4.9815341796875,18.0492185546875,5.8944449218749995,16.5142487109375,6.9575914160156245,12.918441621093748,7.5796989257812495,9.602949902343749,12.996189843749999,2.932053936767578,2.335900259399414,2.1060795684814453,2.762039767456055,2.0374791503906247,3.688362268066406,7.044215185546875,2.7960721435546874,6.216938525390625,4.64637222290039,4.749892712402343,5.0907173950195315,2.0652009521484374,2.378289393833705,1.7114554412841798,1.7398842407226562,2.42958427734375,2.336953271484375,1.7214989501953126,1.7824242919921875,2.1504137695312497,3.0972245361328126,2.4728531616210936,2.1095228759765625,2.932617919921875,2.776154809570312,1.7271627319335936,1.9278530639648437,2.171657373046875,2.0727912963867188,2.9173459350585937,1.6552070343017578,1.8380348052978515,1.7298343872070312,13.656831591796875,4.050315966796875,2.0519461669921877,2.3473500366210938,4.392802075195313,1.3406760314941406,6.398021850585938,2.3451019409179685,2.4439698852539062,7.932219873046875,2.2771125366210936,2.5507918212890623,2.0278267822265628,1.1499141494750975,4.590293188476562,2.46890654296875,67.1585607421875,59.1044484375,46.964126953125,78.767409375,58.966843359375,47.043858984375,54.0696515625,54.048348632812505,48.1896193359375,35.2460830078125,20.79712265625,38.3544,33.35765625,34.684468359374996,29.270682421874998,44.600468203125,39.340147265625,,11.0699578125,38.89451015625,46.4692640625,40.804277343749995,53.697153515625,50.12809013671875,36.91040625,52.29064386160714,33.729045703125,44.96267724609375,39.0096298828125,44.424336328125,39.877590234375,47.53648125,44.488613671875,63.668446875,39.706006640625,35.9395875,23.78764453125,35.922747656249996,25.326055078125,35.833102734375,49.638693164062495,50.8263943359375,39.141685546874996,39.250694531250005,36.9616974609375,,46.7691626953125,38.852047265624996,29.922655078125,34.084782421875,,,,40.6258037109375,20.989531933593753,18.9477404296875,54.11782265625,22.528516992187498,25.587090234375,37.918301953124995,24.8437224609375,52.3553484375,37.653740625000005,17.84249033203125,29.708511328124995,19.20424078125,47.044355273437496,19.62055693359375,47.7138169921875,19.71842080078125,23.86899111328125,21.233684570312498,39.254658984375,35.776405078125,37.295811328125005,22.977490680803573,26.988357128906248,51.847640625,41.18149737723214,18.90463936941964,,19.67735390625,,,,32.340765234375,21.1680251953125,28.0566017578125,18.2563259765625,30.808437890625,22.227884179687496,50.527245234375,22.532186250000002,36.736131796875,21.29953447265625,30.2668716796875,33.430464140625,19.8809560546875,18.645849609375,38.075230078124996,5.85016611328125,,,,,,,,,,,,,,,,,,30.50270859375,,,,,,,5.956556572265624,8.68764568359375,10.1095006640625,9.88354072265625,18.330415855823862,10.31512372159091,14.922117453835227,14.53143287109375,17.439957421874997,10.797805371093748,23.283706891741073,13.278464648437499,7.12707626953125,15.344777343750001,8.703720703125,9.724884228515625,9.637010784040177,7.706162255859375,11.76421142578125,11.816892333984375
211,1996-08-01,,,,,,,,,,,,,,,,,,,,,,,,,,,,,,,,,,,,,,,,,,,,,,,,,,,,,,,,,,,,,,,,,,,,,,,,,,,,,,,,,,,,,,,,,,,,,,,,,,,,,,,,,,,,,,,,,,,,,,,,,,,,,,,,,,,,,,,,,,,,,,,,,,,,,,,,,,,,,,,,,,,,,,,,,,,,,,,,,,,,,,,,,,,,,,,,,,,,,,,,,,,,,,,,,,,,,,,,,,,,,,,,,,,,,,,,,,,,,,,,,,,,,
212,1996-09-01,,,,,,,,,,,,,,,,,,,,,,,,,,,,,,,,,,,,,,,,,,,,,,,,,,,,,,,,,,,,,,,,,,,,,,,,,,,,,,,,,,,,,,,,,,,,,,,,,,,,,,,,,,,,,,,,,,,,,,,,,,,,,,,,,,,,,,,,,,,,,,,,,,,,,,,,,,,,,,,,,,,,,,,,,,,,,,,,,,,,,,,,,,,,,,,,,,,,,,,,,,,,,,,,,,,,,,,,,,,,,,,,,,,,,,,,,,,,,,,,,,,,,
213,1996-10-01,,,,,,,,,,,,,,,,,,,,,,,,,,,,,,,,,,,,,,,,,,,,,,,,,,,,,,,,,,,,,,,,,,,,,,,,,,,,,,,,,,,,,,,,,,,,,,,,,,,,,,,,,,,,,,,,,,,,,,,,,,,,,,,,,,,,,,,,,,,,,,,,,,,,,,,,,,,,,,,,,,,,,,,,,,,,,,,,,,,,,,,,,,,,,,,,,,,,,,,,,,,,,,,,,,,,,,,,,,,,,,,,,,,,,,,,,,,,,,,,,,,,,
214,1996-11-01,,,,,,,,,,,,,,,,,,,,,,,,,,,,,,,,,,,,,,,,,,,,,,,,,,,,,,,,,,,,,,,,,,,,,,,,,,,,,,,,,,,,,,,,,,,,,,,,,,,,,,,,,,,,,,,,,,,,,,,,,,,,,,,,,,,,,,,,,,,,,,,,,,,,,,,,,,,,,,,,,,,,,,,,,,,,,,,,,,,,,,,,,,,,,,,,,,,,,,,,,,,,,,,,,,,,,,,,,,,,,,,,,,,,,,,,,,,,,,,,,,,,,
215,1996-12-01,,,,,,,,,,,,,,,,,,,,,,,,,,,,,,,,,,,,,,,,,,,,,,,,,,,,,,,,,,,,,,,,,,,,,,,,,,,,,,,,,,,,,,,,,,,,,,,,,,,,,,,,,,,,,,,,,,,,,,,,,,,,,,,,,,,,,,,,,,,,,,,,,,,,,,,,,,,,,,,,,,,,,,,,,,,,,,,,,,,,,,,,,,,,,,,,,,,,,,,,,,,,,,,,,,,,,,,,,,,,,,,,,,,,,,,,,,,,,,,,,,,,,
216,1997-01-01,,,,,,,,,,,,,,,,,,,,,,,,,,,,,,,,,,,,,,,,,,,,,,,,,,,,,,,,,,,,,,,,,,,,,,,,,,,,,,,,,,,,,,,,,,,,,,,,,,,,,,,,,,,,,,,,,,,,,,,,,,,,,,,,,,,,,,,,,,,,,,,,,,,,,,,,,,,,,,,,,,,,,,,,,,,,,,,,,,,,,,,,,,,,,,,,,,,,,,,,,,,,,,,,,,,,,,,,,,,,,,,,,,,,,,,,,,,,,,,,,,,,,
217,1997-02-01,,,,,,,,,,,,,,,,,,,,,,,,,,,,,,,,,,,,,,,,,,,,,,,,,,,,,,,,,,,,,,,,,,,,,,,,,,,,,,,,,,,,,,,,,,,,,,,,,,,,,,,,,,,,,,,,,,,,,,,,,,,,,,,,,,,,,,,,,,,,,,,,,,,,,,,,,,,,,,,,,,,,,,,,,,,,,,,,,,,,,,,,,,,,,,,,,,,,,,,,,,,,,,,,,,,,,,,,,,,,,,,,,,,,,,,,,,,,,,,,,,,,,
218,1997-03-01,,,,,,,,,,,,,,,,,,,,,,,,,,,,,,,,,,,,,,,,,,,,,,,,,,,,,,,,,,,,,,,,,,,,,,,,,,,,,,,,,,,,,,,,,,,,,,,,,,,,,,,,,,,,,,,,,,,,,,,,,,,,,,,,,,,,,,,,,,,,,,,,,,,,,,,,,,,,,,,,,,,,,,,,,,,,,,,,,,,,,,,,,,,,,,,,,,,,,,,,,,,,,,,,,,,,,,,,,,,,,,,,,,,,,,,,,,,,,,,,,,,,,
219,1997-04-01,,,,,,,,,,,,,,,,,,,,,,,,,,,,,,,,,,,,,,,,,,,,,,,,,,,,,,,,,,,,,,,,,,,,,,,,,,,,,,,,,,,,,,,,,,,,,,,,,,,,,,,,,,,,,,,,,,,,,,,,,,,,,,,,,,,,,,,,,,,,,,,,,,,,,,,,,,,,,,,,,,,,,,,,,,,,,,,,,,,,,,,,,,,,,,,,,,,,,,,,,,,,,,,,,,,,,,,,,,,,,,,,,,,,,,,,,,,,,,,,,,,,,
220,1997-05-01,,,,,,,,,,,,,,,,,,,,,,,,,,,,,,,,,,,,,,,,,,,,,,,,,,,,,,,,,,,,,,,,,,,,,,,,,,,,,,,,,,,,,,,,,,,,,,,,,,,,,,,,,,,,,,,,,,,,,,,,,,,,,,,,,,,,,,,,,,,,,,,,,,,,,,,,,,,,,,,,,,,,,,,,,,,,,,,,,,,,,,,,,,,,,,,,,,,,,,,,,,,,,,,,,,,,,,,,,,,,,,,,,,,,,,,,,,,,,,,,,,,,,
221,1997-06-01,,,,,,,,,,,,,,,,,,,,,,,,,,,,,,,,,,,,,,,,,,,,,,,,,,,,,,,,,,,,,,,,,,,,,,,,,,,,,,,,,,,,,,,,,,,,,,,,,,,,,,,,,,,,,,,,,,,,,,,,,,,,,,,,,,,,,,,,,,,,,,,,,,,,,,,,,,,,,,,,,,,,,,,,,,,,,,,,,,,,,,,,,,,,,,,,,,,,,,,,,,,,,,,,,,,,,,,,,,,,,,,,,,,,,,,,,,,,,,,,,,,,,
222,1997-07-01,6.809253497314453,9.671154408482142,5.431131884765624,16.1020083984375,5.698885693359375,8.214079394531248,8.3347447265625,9.35476669921875,9.6155296875,4.829611083984375,17.237008007812502,16.704015234375,6.171821337890624,5.7718705078125,9.774328417968748,9.10746328125,47.027478515625,13.786599316406248,6.0442107421874995,11.792785630580356,7.8107841796874995,13.522790290178571,9.366169545200892,9.627541824776785,9.451916392299108,4.6796306710379465,10.35110478515625,17.3635388671875,6.7002517717633925,11.678874609375,8.461860267857142,8.614274633789062,38.973019921875,5.263601770019531,9.127937768554688,28.42059375,14.770748254394531,6.332773809814453,14.031985630580357,5.911569228515625,7.823301328125,5.000054238281249,17.9732014453125,5.88251162109375,16.4191376953125,6.971822314453124,12.895442578125,7.576231640625,9.582539501953125,12.992953271484375,2.9102878564453123,2.320584191894531,2.0694247998046875,2.7479337890625,2.0283978515624996,3.6581857470703127,7.000890644531249,2.787156650390625,6.176747197265625,4.634081279296875,4.7282860546875,5.0741110546875,2.0636577685546875,2.363718273925781,1.7099274627685546,1.7386536346435546,2.4254255126953126,2.333729113769531,1.7222073486328124,1.7807618408203125,2.1378747436523438,3.0920939758300783,2.4717744689941403,2.109393127441406,2.926481506347656,2.77457431640625,1.7232428924560546,1.9262921264648436,2.1700628173828127,2.069768682861328,3.001925170898437,1.6551970458984375,1.8305721313476562,1.7253062255859375,13.618155175781249,4.051707910156249,2.054760886230469,2.3369384179687502,4.428284150390625,1.3336030151367186,6.424086181640625,2.3512080761718748,2.4414247705078127,7.976259997558593,2.2551193432617187,2.5562827880859373,2.017048158482143,1.1680683288574218,4.596596557617187,2.485723388671875,67.1068828125,58.9899146484375,46.936218164062495,78.84910546875,58.933930078125,46.909852734375,53.811228515625,53.998069921875,48.061944140625,35.132541796874996,20.838800390625,38.25438515625,33.370447265624996,34.56551162109375,,44.549533124999996,39.19534013671875,,11.068602246093748,38.8215509765625,46.38618080357143,40.6716908203125,53.3427169921875,50.031996328125,36.9013921875,52.168012734375,33.71912578125,45.008891015625,38.962714453124995,44.069164453125005,,,,64.29340078125,39.66063984375,,23.575137890625,,24.9683523046875,,49.4044875,,,,36.97209140625,42.04525078125,,38.87871328125,,,,,,40.734887695312494,20.980691015625,,,22.5410466796875,25.5372556640625,,24.934847167968748,,37.616487890625,17.8230462890625,29.5863796875,19.116854296875,46.6237828125,19.54277841796875,47.612503124999996,19.6970935546875,23.832297656250002,21.10501546875,39.353127890625004,35.5470275390625,37.32013212890625,22.9620779296875,26.851677978515625,52.020059765625,40.78823625,18.81732568359375,,19.621325390624996,,,,32.2396470703125,21.192142236328124,28.046882373046873,18.247677539062497,30.7848111328125,22.2283529296875,50.5156412109375,22.49092353515625,36.74829375,21.273500390625,30.168332226562498,33.414526757812496,19.882073144531248,18.6288106640625,38.045524218749996,5.839282177734375,,,,,,,,,,,,,,,,,,30.71728828125,,,,,,,5.939265344238281,8.66972021484375,10.0465013671875,9.742590527343749,18.295443457031247,10.718975390625,14.815506445312499,14.52319716796875,17.199193359375,10.801744628906249,23.1705193359375,13.239496142578124,,,8.6824212890625,,9.651917724609374,,,11.79988681640625
223,1997-08-01,,,,,,,,,,,,,,,,,,,,,,,,,,,,,,,,,,,,,,,,,,,,,,,,,,,,,,,,,,,,,,,,,,,,,,,,,,,,,,,,,,,,,,,,,,,,,,,,,,,,,,,,,,,,,,,,,,,,,,,,,,,,,,,,,,,,,,,,,,,,,,,,,,,,,,,,,,,,,,,,,,,,,,,,,,,,,,,,,,,,,,,,,,,,,,,,,,,,,,,,,,,,,,,,,,,,,,,,,,,,,,,,,,,,,,,,,,,,,,,,,,,,,
224,1997-09-01,,,,,,,,,,,,,,,,,,,,,,,,,,,,,,,,,,,,,,,,,,,,,,,,,,,,,,,,,,,,,,,,,,,,,,,,,,,,,,,,,,,,,,,,,,,,,,,,,,,,,,,,,,,,,,,,,,,,,,,,,,,,,,,,,,,,,,,,,,,,,,,,,,,,,,,,,,,,,,,,,,,,,,,,,,,,,,,,,,,,,,,,,,,,,,,,,,,,,,,,,,,,,,,,,,,,,,,,,,,,,,,,,,,,,,,,,,,,,,,,,,,,,
225,1997-10-01,,,,,,,,,,,,,,,,,,,,,,,,,,,,,,,,,,,,,,,,,,,,,,,,,,,,,,,,,,,,,,,,,,,,,,,,,,,,,,,,,,,,,,,,,,,,,,,,,,,,,,,,,,,,,,,,,,,,,,,,,,,,,,,,,,,,,,,,,,,,,,,,,,,,,,,,,,,,,,,,,,,,,,,,,,,,,,,,,,,,,,,,,,,,,,,,,,,,,,,,,,,,,,,,,,,,,,,,,,,,,,,,,,,,,,,,,,,,,,,,,,,,,
226,1997-11-01,,,,,,,,,,,,,,,,,,,,,,,,,,,,,,,,,,,,,,,,,,,,,,,,,,,,,,,,,,,,,,,,,,,,,,,,,,,,,,,,,,,,,,,,,,,,,,,,,,,,,,,,,,,,,,,,,,,,,,,,,,,,,,,,,,,,,,,,,,,,,,,,,,,,,,,,,,,,,,,,,,,,,,,,,,,,,,,,,,,,,,,,,,,,,,,,,,,,,,,,,,,,,,,,,,,,,,,,,,,,,,,,,,,,,,,,,,,,,,,,,,,,,
227,1997-12-01,,,,,,,,,,,,,,,,,,,,,,,,,,,,,,,,,,,,,,,,,,,,,,,,,,,,,,,,,,,,,,,,,,,,,,,,,,,,,,,,,,,,,,,,,,,,,,,,,,,,,,,,,,,,,,,,,,,,,,,,,,,,,,,,,,,,,,,,,,,,,,,,,,,,,,,,,,,,,,,,,,,,,,,,,,,,,,,,,,,,,,,,,,,,,,,,,,,,,,,,,,,,,,,,,,,,,,,,,,,,,,,,,,,,,,,,,,,,,,,,,,,,,
228,1998-01-01,,,,,,,,,,,,,,,,,,,,,,,,,,,,,,,,,,,,,,,,,,,,,,,,,,,,,,,,,,,,,,,,,,,,,,,,,,,,,,,,,,,,,,,,,,,,,,,,,,,,,,,,,,,,,,,,,,,,,,,,,,,,,,,,,,,,,,,,,,,,,,,,,,,,,,,,,,,,,,,,,,,,,,,,,,,,,,,,,,,,,,,,,,,,,,,,,,,,,,,,,,,,,,,,,,,,,,,,,,,,,,,,,,,,,,,,,,,,,,,,,,,,,
229,1998-02-01,,,,,,,,,,,,,,,,,,,,,,,,,,,,,,,,,,,,,,,,,,,,,,,,,,,,,,,,,,,,,,,,,,,,,,,,,,,,,,,,,,,,,,,,,,,,,,,,,,,,,,,,,,,,,,,,,,,,,,,,,,,,,,,,,,,,,,,,,,,,,,,,,,,,,,,,,,,,,,,,,,,,,,,,,,,,,,,,,,,,,,,,,,,,,,,,,,,,,,,,,,,,,,,,,,,,,,,,,,,,,,,,,,,,,,,,,,,,,,,,,,,,,
230,1998-03-01,,,,,,,,,,,,,,,,,,,,,,,,,,,,,,,,,,,,,,,,,,,,,,,,,,,,,,,,,,,,,,,,,,,,,,,,,,,,,,,,,,,,,,,,,,,,,,,,,,,,,,,,,,,,,,,,,,,,,,,,,,,,,,,,,,,,,,,,,,,,,,,,,,,,,,,,,,,,,,,,,,,,,,,,,,,,,,,,,,,,,,,,,,,,,,,,,,,,,,,,,,,,,,,,,,,,,,,,,,,,,,,,,,,,,,,,,,,,,,,,,,,,,
231,1998-04-01,,,,,,,,,,,,,,,,,,,,,,,,,,,,,,,,,,,,,,,,,,,,,,,,,,,,,,,,,,,,,,,,,,,,,,,,,,,,,,,,,,,,,,,,,,,,,,,,,,,,,,,,,,,,,,,,,,,,,,,,,,,,,,,,,,,,,,,,,,,,,,,,,,,,,,,,,,,,,,,,,,,,,,,,,,,,,,,,,,,,,,,,,,,,,,,,,,,,,,,,,,,,,,,,,,,,,,,,,,,,,,,,,,,,,,,,,,,,,,,,,,,,,
232,1998-05-01,,,,,,,,,,,,,,,,,,,,,,,,,,,,,,,,,,,,,,,,,,,,,,,,,,,,,,,,,,,,,,,,,,,,,,,,,,,,,,,,,,,,,,,,,,,,,,,,,,,,,,,,,,,,,,,,,,,,,,,,,,,,,,,,,,,,,,,,,,,,,,,,,,,,,,,,,,,,,,,,,,,,,,,,,,,,,,,,,,,,,,,,,,,,,,,,,,,,,,,,,,,,,,,,,,,,,,,,,,,,,,,,,,,,,,,,,,,,,,,,,,,,,
233,1998-06-01,,,,,,,,,,,,,,,,,,,,,,,,,,,,,,,,,,,,,,,,,,,,,,,,,,,,,,,,,,,,,,,,,,,,,,,,,,,,,,,,,,,,,,,,,,,,,,,,,,,,,,,,,,,,,,,,,,,,,,,,,,,,,,,,,,,,,,,,,,,,,,,,,,,,,,,,,,,,,,,,,,,,,,,,,,,,,,,,,,,,,,,,,,,,,,,,,,,,,,,,,,,,,,,,,,,,,,,,,,,,,,,,,,,,,,,,,,,,,,,,,,,,,
234,1998-07-01,6.796540785435267,9.643328236607143,5.411060449218749,16.021114453124998,5.689409765625,8.16240673828125,8.31874248046875,9.336758203125,9.597116894531249,4.81430712890625,17.19265546875,16.617676171875,6.1606359374999995,5.7667073730468745,9.710594238281251,9.118589282226562,46.47963251953125,13.77391875,6.03776162109375,11.68535401611328,7.785518994140625,13.491122387695313,9.287671618652343,9.585650061035157,9.47334385986328,4.686623931884766,10.33654359375,17.32673671875,6.680152880859374,11.598235180664062,8.466970275878907,8.636045581054688,38.750519970703124,5.194956994628906,9.131940856933593,28.022271020507812,14.7076083984375,6.339339184570313,14.069876032366071,5.918226690673828,7.789554272460937,5.0082553894042965,17.828376416015626,5.854251763916015,16.327352343749997,6.961103173828125,12.865533398437499,7.57262373046875,9.56111220703125,12.98519384765625,2.886045864257812,2.3027726953125,2.0349616632634944,2.7318813054865054,2.0133183971058237,3.628815420809659,6.958678431285511,2.773453670987216,6.144573899147727,4.613285262784091,4.703324733664773,5.0697938671875,2.061771328125,2.3496927539062495,1.7078027783203127,1.7351544726562502,2.4190215820312497,2.32736818359375,1.7203730053710937,1.780028195800781,2.12267126953125,3.0839372314453124,2.4720673095703125,2.1108254150390624,2.9179533251953123,2.771109755859375,1.7218429321289062,1.9247305517578124,2.1657690966796874,2.0668970654296874,3.11409509765625,1.6555341796874998,1.8121365600585937,1.7215720092773437,13.575105761718751,4.049118457031249,2.060706555175781,2.3277242797851563,4.473629077148438,1.3213318359375,6.434978247070312,2.3530705810546872,2.4355436462402342,8.025930615234376,2.235077160644531,2.560635772705078,2.007476202392578,1.1926902099609376,4.593958984375,2.5198103759765624,67.16583180803572,58.68917477678571,46.922833125,78.91079765625,58.74653847656249,46.745971874999995,53.56004765625,53.892798046875,47.95290703125,35.111429296875,20.864307128906248,38.123258203125,33.3530068359375,34.43115937499999,29.144801953125,44.5516892578125,39.018062109374995,47.164081640625,11.06644892578125,38.7009896484375,46.30350703125,40.5472341796875,53.100284765625,49.9522236328125,36.897451171875,52.006465722656245,33.709236328125,45.0267046875,38.9290095703125,43.896166406249996,,,,,39.6049265625,35.945057812499996,,35.94866484375,24.6742048828125,,49.2981328125,50.788473046875,39.129542578125,39.19095,,,46.67312636718749,,,,,,,40.8658939453125,20.97020830078125,,,22.5244705078125,25.52258935546875,,24.92997099609375,,37.5676013671875,17.776688203124998,29.491326562499996,19.06187109375,46.129532812499995,19.4855091796875,47.519005078125,19.6750388671875,23.796847265625,21.12011103515625,39.50595703125,35.4889037109375,,22.980803027343747,,,40.4243841796875,18.80353037109375,25.077050683593747,19.56601669921875,28.950469628906248,4.2716056640625,,32.142320859375005,21.187918652343747,28.0566509765625,18.201478271484376,30.754859765625,22.211127421875,50.549274944196426,22.442795256696428,36.75593470982143,21.240528097098213,30.019446763392857,33.40631953125,19.870681289062496,18.60251865234375,38.0455681640625,5.828078540039062,,,,,,,,7.7376744140625,,,,,,,,,,31.0473703125,28.245847851562498,,7.032949365234375,12.036344238281249,10.863928125,8.399028955078125,5.9251420898437495,8.66178896484375,10.037084545898438,9.680841870117188,18.298179052734376,10.888820947265625,14.7809478515625,14.451090600585937,17.120722412109373,10.802923242187498,23.13046171875,,7.06805244140625,15.302953125,,9.691305908203125,9.662144897460937,7.6513517578125,11.639112011718751,11.784531005859375
235,1998-08-01,,,,,,,,,,,,,,,,,,,,,,,,,,,,,,,,,,,,,,,,,,,,,,,,,,,,,,,,,,,,,,,,,,,,,,,,,,,,,,,,,,,,,,,,,,,,,,,,,,,,,,,,,,,,,,,,,,,,,,,,,,,,,,,,,,,,,,,,,,,,,,,,,,,,,,,,,,,,,,,,,,,,,,,,,,,,,,,,,,,,,,,,,,,,,,,,,,,,,,,,,,,,,,,,,,,,,,,,,,,,,,,,,,,,,,,,,,,,,,,,,,,,,
236,1998-09-01,,,,,,,,,,,,,,,,,,,,,,,,,,,,,,,,,,,,,,,,,,,,,,,,,,,,,,,,,,,,,,,,,,,,,,,,,,,,,,,,,,,,,,,,,,,,,,,,,,,,,,,,,,,,,,,,,,,,,,,,,,,,,,,,,,,,,,,,,,,,,,,,,,,,,,,,,,,,,,,,,,,,,,,,,,,,,,,,,,,,,,,,,,,,,,,,,,,,,,,,,,,,,,,,,,,,,,,,,,,,,,,,,,,,,,,,,,,,,,,,,,,,,
237,1998-10-01,,,,,,,,,,,,,,,,,,,,,,,,,,,,,,,,,,,,,,,,,,,,,,,,,,,,,,,,,,,,,,,,,,,,,,,,,,,,,,,,,,,,,,,,,,,,,,,,,,,,,,,,,,,,,,,,,,,,,,,,,,,,,,,,,,,,,,,,,,,,,,,,,,,,,,,,,,,,,,,,,,,,,,,,,,,,,,,,,,,,,,,,,,,,,,,,,,,,,,,,,,,,,,,,,,,,,,,,,,,,,,,,,,,,,,,,,,,,,,,,,,,,,
238,1998-11-01,,,,,,,,,,,,,,,,,,,,,,,,,,,,,,,,,,,,,,,,,,,,,,,,,,,,,,,,,,,,,,,,,,,,,,,,,,,,,,,,,,,,,,,,,,,,,,,,,,,,,,,,,,,,,,,,,,,,,,,,,,,,,,,,,,,,,,,,,,,,,,,,,,,,,,,,,,,,,,,,,,,,,,,,,,,,,,,,,,,,,,,,,,,,,,,,,,,,,,,,,,,,,,,,,,,,,,,,,,,,,,,,,,,,,,,,,,,,,,,,,,,,,
239,1998-12-01,,,,,,,,,,,,,,,,,,,,,,,,,,,,,,,,,,,,,,,,,,,,,,,,,,,,,,,,,,,,,,,,,,,,,,,,,,,,,,,,,,,,,,,,,,,,,,,,,,,,,,,,,,,,,,,,,,,,,,,,,,,,,,,,,,,,,,,,,,,,,,,,,,,,,,,,,,,,,,,,,,,,,,,,,,,,,,,,,,,,,,,,,,,,,,,,,,,,,,,,,,,,,,,,,,,,,,,,,,,,,,,,,,,,,,,,,,,,,,,,,,,,,
240,1999-01-01,,,,,,,,,,,,,,,,,,,,,,,,,,,,,,,,,,,,,,,,,,,,,,,,,,,,,,,,,,,,,,,,,,,,,,,,,,,,,,,,,,,,,,,,,,,,,,,,,,,,,,,,,,,,,,,,,,,,,,,,,,,,,,,,,,,,,,,,,,,,,,,,,,,,,,,,,,,,,,,,,,,,,,,,,,,,,,,,,,,,,,,,,,,,,,,,,,,,,,,,,,,,,,,,,,,,,,,,,,,,,,,,,,,,,,,,,,,,,,,,,,,,,
241,1999-02-01,,,,,,,,,,,,,,,,,,,,,,,,,,,,,,,,,,,,,,,,,,,,,,,,,,,,,,,,,,,,,,,,,,,,,,,,,,,,,,,,,,,,,,,,,,,,,,,,,,,,,,,,,,,,,,,,,,,,,,,,,,,,,,,,,,,,,,,,,,,,,,,,,,,,,,,,,,,,,,,,,,,,,,,,,,,,,,,,,,,,,,,,,,,,,,,,,,,,,,,,,,,,,,,,,,,,,,,,,,,,,,,,,,,,,,,,,,,,,,,,,,,,,
242,1999-03-01,,,,,,,,,,,,,,,,,,,,,,,,,,,,,,,,,,,,,,,,,,,,,,,,,,,,,,,,,,,,,,,,,,,,,,,,,,,,,,,,,,,,,,,,,,,,,,,,,,,,,,,,,,,,,,,,,,,,,,,,,,,,,,,,,,,,,,,,,,,,,,,,,,,,,,,,,,,,,,,,,,,,,,,,,,,,,,,,,,,,,,,,,,,,,,,,,,,,,,,,,,,,,,,,,,,,,,,,,,,,,,,,,,,,,,,,,,,,,,,,,,,,,
243,1999-04-01,,,,,,,,,,,,,,,,,,,,,,,,,,,,,,,,,,,,,,,,,,,,,,,,,,,,,,,,,,,,,,,,,,,,,,,,,,,,,,,,,,,,,,,,,,,,,,,,,,,,,,,,,,,,,,,,,,,,,,,,,,,,,,,,,,,,,,,,,,,,,,,,,,,,,,,,,,,,,,,,,,,,,,,,,,,,,,,,,,,,,,,,,,,,,,,,,,,,,,,,,,,,,,,,,,,,,,,,,,,,,,,,,,,,,,,,,,,,,,,,,,,,,
244,1999-05-01,,,,,,,,,,,,,,,,,,,,,,,,,,,,,,,,,,,,,,,,,,,,,,,,,,,,,,,,,,,,,,,,,,,,,,,,,,,,,,,,,,,,,,,,,,,,,,,,,,,,,,,,,,,,,,,,,,,,,,,,,,,,,,,,,,,,,,,,,,,,,,,,,,,,,,,,,,,,,,,,,,,,,,,,,,,,,,,,,,,,,,,,,,,,,,,,,,,,,,,,,,,,,,,,,,,,,,,,,,,,,,,,,,,,,,,,,,,,,,,,,,,,,
245,1999-06-01,,,,,,,,,,,,,,,,,,,,,,,,,,,,,,,,,,,,,,,,,,,,,,,,,,,,,,,,,,,,,,,,,,,,,,,,,,,,,,,,,,,,,,,,,,,,,,,,,,,,,,,,,,,,,,,,,,,,,,,,,,,,,,,,,,,,,,,,,,,,,,,,,,,,,,,,,,,,,,,,,,,,,,,,,,,,,,,,,,,,,,,,,,,,,,,,,,,,,,,,,,,,,,,,,,,,,,,,,,,,,,,,,,,,,,,,,,,,,,,,,,,,,
246,1999-07-01,6.7812076171875,9.62802568359375,5.396529931640625,15.954788671874999,5.677598583984374,8.1104607421875,8.302952050781249,9.318229394531249,9.57838564453125,4.796680078125,17.1524466796875,16.538854687500002,6.14716787109375,5.759395166015625,9.57440291748047,9.126919995117188,45.778086474609374,13.74574658203125,6.023518286132813,11.535273852539062,7.744171508789062,13.423541638183593,9.213686938476561,9.541091381835937,9.491009655761719,4.691227038574219,10.324080065917968,17.18368308105469,6.654979083251953,11.436948083496093,8.463741064453124,8.6892236328125,38.5753060546875,5.101281298828124,9.1336794921875,27.63938671875,14.65038017578125,6.35275341796875,14.063056587357954,5.9144685546875,7.738776171874999,4.999986865234375,17.6247341796875,5.828836865234375,16.146630615234375,6.909637719726562,12.817321215820312,7.546316601562499,9.54305947265625,12.9824947265625,2.859883447265625,2.2887296875,2.0081750317382814,2.7115076953124997,1.9975251049804688,3.603521491699219,6.905732563476562,2.754562236328125,6.112891076660156,4.604384054129464,4.679820483398437,5.1008954589843745,2.060983447265625,2.3353784912109377,1.7041099914550781,1.731151483154297,2.4090065185546874,2.322165856933594,1.7181552062988281,1.7784013000488281,2.1057778930664064,3.0743052978515624,2.475851220703125,2.1144027099609377,2.9128247314453124,2.765706591796875,1.7201479248046876,1.923378186035156,2.1606167724609375,2.0648917236328126,3.2597114501953124,1.6519835522460937,1.7798202355957031,1.7169730993652343,13.44192873046875,4.036986342773437,2.064874130859375,2.318425927734375,4.484590905761719,1.311994757080078,6.438879052734375,2.354108312988281,2.431050677490234,8.030423803710937,2.2247684143066406,2.5582942932128905,1.998144854736328,1.2371498657226563,4.58985966796875,2.541842578125,67.2306046875,58.272854589843746,46.853115820312496,78.89080078125,58.636444921875,46.442585156250004,53.175897656249994,53.757502734375,47.798334375,35.04011748046875,20.90314423828125,38.0082673828125,33.35141953125,34.2590185546875,29.02629287109375,44.55568125,38.9075572265625,47.158428515625,,38.58539765625,46.339667578125,40.451699999999995,52.816700390625,49.926645703125,36.8936208984375,51.808095703125,33.6995173828125,45.062137500000006,38.9037234375,43.861903125,39.877600781249996,47.572133203125,44.526610546875,64.72397343749999,39.535428515625,35.917203515625,23.44253466796875,35.941707421875,24.35302265625,35.8201494140625,49.08009287109375,50.778152929687494,39.141675,,36.990601171875,42.07457109375,46.559258203125005,,29.9410875,34.0690640625,18.31368515625,85.708543359375,46.5618427734375,41.0891109375,20.9829029296875,18.9284958984375,54.109669921874996,22.524031054687498,25.479247851562498,37.5123234375,25.055634375,52.230817968749996,37.3859103515625,17.7759284765625,29.381579648437498,18.993307148437502,45.52622490234375,19.443383789062498,47.476908984375,19.6651189453125,23.788307226562498,21.16518134765625,39.648690527343746,35.412535546875,37.3458603515625,22.982295410156247,26.77780546875,52.11320625,39.846793359375,18.80521435546875,25.118630859375,19.51591201171875,28.9099693359375,4.261993505859375,35.059946484375,31.994867410714285,21.20073134765625,28.05556552734375,18.1620123046875,30.744024609375,22.1751,50.572183203125,22.376701171875,36.7202640625,21.20040509765625,29.894214062499998,33.458717578125,19.879435546874998,18.59940984375,37.994783203124996,,,,10.45840166015625,,,,,,33.36733125,,,,,,,,6.7144359375,31.3640947265625,28.252444042968747,24.4615833984375,7.03384541015625,12.046108447265624,10.852348095703125,8.394966870117187,5.926814794921874,8.651276220703124,10.042564746093749,9.568064481026784,18.289355976562497,11.293563741629464,14.702722009277343,14.42289990234375,16.92937177734375,10.8097541015625,23.03054547991071,13.17078984375,7.000042456054687,15.2531476171875,8.619811962890626,9.67626181640625,9.675156319754464,7.603013232421875,11.5540623046875,11.732222241210938
247,1999-08-01,,,,,,,,,,,,,,,,,,,,,,,,,,,,,,,,,,,,,,,,,,,,,,,,,,,,,,,,,,,,,,,,,,,,,,,,,,,,,,,,,,,,,,,,,,,,,,,,,,,,,,,,,,,,,,,,,,,,,,,,,,,,,,,,,,,,,,,,,,,,,,,,,,,,,,,,,,,,,,,,,,,,,,,,,,,,,,,,,,,,,,,,,,,,,,,,,,,,,,,,,,,,,,,,,,,,,,,,,,,,,,,,,,,,,,,,,,,,,,,,,,,,,
248,1999-09-01,,,,,,,,,,,,,,,,,,,,,,,,,,,,,,,,,,,,,,,,,,,,,,,,,,,,,,,,,,,,,,,,,,,,,,,,,,,,,,,,,,,,,,,,,,,,,,,,,,,,,,,,,,,,,,,,,,,,,,,,,,,,,,,,,,,,,,,,,,,,,,,,,,,,,,,,,,,,,,,,,,,,,,,,,,,,,,,,,,,,,,,,,,,,,,,,,,,,,,,,,,,,,,,,,,,,,,,,,,,,,,,,,,,,,,,,,,,,,,,,,,,,,
249,1999-10-01,,,,,,,,,,,,,,,,,,,,,,,,,,,,,,,,,,,,,,,,,,,,,,,,,,,,,,,,,,,,,,,,,,,,,,,,,,,,,,,,,,,,,,,,,,,,,,,,,,,,,,,,,,,,,,,,,,,,,,,,,,,,,,,,,,,,,,,,,,,,,,,,,,,,,,,,,,,,,,,,,,,,,,,,,,,,,,,,,,,,,,,,,,,,,,,,,,,,,,,,,,,,,,,,,,,,,,,,,,,,,,,,,,,,,,,,,,,,,,,,,,,,,
250,1999-11-01,,,,,,,,,,,,,,,,,,,,,,,,,,,,,,,,,,,,,,,,,,,,,,,,,,,,,,,,,,,,,,,,,,,,,,,,,,,,,,,,,,,,,,,,,,,,,,,,,,,,,,,,,,,,,,,,,,,,,,,,,,,,,,,,,,,,,,,,,,,,,,,,,,,,,,,,,,,,,,,,,,,,,,,,,,,,,,,,,,,,,,,,,,,,,,,,,,,,,,,,,,,,,,,,,,,,,,,,,,,,,,,,,,,,,,,,,,,,,,,,,,,,,
251,1999-12-01,,,,,,,,,,,,,,,,,,,,,,,,,,,,,,,,,,,,,,,,,,,,,,,,,,,,,,,,,,,,,,,,,,,,,,,,,,,,,,,,,,,,,,,,,,,,,,,,,,,,,,,,,,,,,,,,,,,,,,,,,,,,,,,,,,,,,,,,,,,,,,,,,,,,,,,,,,,,,,,,,,,,,,,,,,,,,,,,,,,,,,,,,,,,,,,,,,,,,,,,,,,,,,,,,,,,,,,,,,,,,,,,,,,,,,,,,,,,,,,,,,,,,
252,2000-01-01,,,,,,,,,,,,,,,,,,,,,,,,,,,,,,,,,,,,,,,,,,,,,,,,,,,,,,,,,,,,,,,,,,,,,,,,,,,,,,,,,,,,,,,,,,,,,,,,,,,,,,,,,,,,,,,,,,,,,,,,,,,,,,,,,,,,,,,,,,,,,,,,,,,,,,,,,,,,,,,,,,,,,,,,,,,,,,,,,,,,,,,,,,,,,,,,,,,,,,,,,,,,,,,,,,,,,,,,,,,,,,,,,,,,,,,,,,,,,,,,,,,,,
253,2000-02-01,,,,,,,,,,,,,,,,,,,,,,,,,,,,,,,,,,,,,,,,,,,,,,,,,,,,,,,,,,,,,,,,,,,,,,,,,,,,,,,,,,,,,,,,,,,,,,,,,,,,,,,,,,,,,,,,,,,,,,,,,,,,,,,,,,,,,,,,,,,,,,,,,,,,,,,,,,,,,,,,,,,,,,,,,,,,,,,,,,,,,,,,,,,,,,,,,,,,,,,,,,,,,,,,,,,,,,,,,,,,,,,,,,,,,,,,,,,,,,,,,,,,,
254,2000-03-01,,,,,,,,,,,,,,,,,,,,,,,,,,,,,,,,,,,,,,,,,,,,,,,,,,,,,,,,,,,,,,,,,,,,,,,,,,,,,,,,,,,,,,,,,,,,,,,,,,,,,,,,,,,,,,,,,,,,,,,,,,,,,,,,,,,,,,,,,,,,,,,,,,,,,,,,,,,,,,,,,,,,,,,,,,,,,,,,,,,,,,,,,,,,,,,,,,,,,,,,,,,,,,,,,,,,,,,,,,,,,,,,,,,,,,,,,,,,,,,,,,,,,
255,2000-04-01,,,,,,,,,,,,,,,,,,,,,,,,,,,,,,,,,,,,,,,,,,,,,,,,,,,,,,,,,,,,,,,,,,,,,,,,,,,,,,,,,,,,,,,,,,,,,,,,,,,,,,,,,,,,,,,,,,,,,,,,,,,,,,,,,,,,,,,,,,,,,,,,,,,,,,,,,,,,,,,,,,,,,,,,,,,,,,,,,,,,,,,,,,,,,,,,,,,,,,,,,,,,,,,,,,,,,,,,,,,,,,,,,,,,,,,,,,,,,,,,,,,,,
256,2000-05-01,,,,,,,,,,,,,,,,,,,,,,,,,,,,,,,,,,,,,,,,,,,,,,,,,,,,,,,,,,,,,,,,,,,,,,,,,,,,,,,,,,,,,,,,,,,,,,,,,,,,,,,,,,,,,,,,,,,,,,,,,,,,,,,,,,,,,,,,,,,,,,,,,,,,,,,,,,,,,,,,,,,,,,,,,,,,,,,,,,,,,,,,,,,,,,,,,,,,,,,,,,,,,,,,,,,,,,,,,,,,,,,,,,,,,,,,,,,,,,,,,,,,,
257,2000-06-01,,,,,,,,,,,,,,,,,,,,,,,,,,,,,,,,,,,,,,,,,,,,,,,,,,,,,,,,,,,,,,,,,,,,,,,,,,,,,,,,,,,,,,,,,,,,,,,,,,,,,,,,,,,,,,,,,,,,,,,,,,,,,,,,,,,,,,,,,,,,,,,,,,,,,,,,,,,,,,,,,,,,,,,,,,,,,,,,,,,,,,,,,,,,,,,,,,,,,,,,,,,,,,,,,,,,,,,,,,,,,,,,,,,,,,,,,,,,,,,,,,,,,
258,2000-07-01,6.7630376953125,9.614685498046875,5.374861259765625,15.8192898046875,5.660616884765625,8.041048066406251,8.2682722265625,9.29636876953125,9.5413841015625,4.772242265625,17.1079625390625,16.4198112890625,6.128143417968749,5.760555205078125,9.40410615234375,9.130255743963069,44.92427439630682,13.713855468750001,6.008993481445312,11.360556019176137,7.700950674715909,13.366152086292614,9.14040567294034,9.506588059303978,9.50365850497159,4.691114568536932,10.31269969815341,16.95462938565341,6.621092777876421,11.179463059303977,8.465019273792613,8.77428989868164,38.32548845880682,4.984940423583984,9.108515423583984,27.234138867187497,14.608839001464844,6.363514736938477,13.955067908653847,5.881796550958807,7.6987289595170445,4.973907608309659,17.43517888849432,5.786503537819602,15.894627187500001,6.7022614160156255,12.749779687499998,7.481702724609375,9.535057470703125,12.977860693359375,2.8351500915527343,2.289792818509615,1.9995912597656251,2.694767245718149,1.9905282827524038,3.6081440636268027,6.874698373647837,2.7366701110839844,6.0917327370383525,4.607218286132812,4.67009701171875,5.175841201171875,2.059354599609375,2.320044521484375,1.6996304882812499,1.7273369311523439,2.3986877343749997,2.3218087060546875,1.7169926440429688,1.7788324877929687,2.0912042724609377,3.0707571093749997,2.482864892578125,2.1162218994140622,2.908655859375,2.7626703002929687,1.720524984741211,1.92181306640625,2.1565388671875,2.0633940150669643,3.3407693756103516,1.6443931228637694,1.7538324005126953,1.7152714736938477,13.309561104910713,4.018089624023437,2.0643409423828123,2.3035633209228514,4.471517431640625,1.3059359252929688,6.4464584106445315,2.35492822265625,2.4245163940429686,8.027463427734375,2.2128283081054687,2.561718804931641,1.9851370361328122,1.3236004248046875,4.593743301669034,2.56064765625,67.00389521484375,57.721454296874995,46.7525865234375,79.045098046875,58.46345771484375,46.12367021484375,52.506432421875,53.53405048828125,47.460631640625,34.970230546875,20.8787291015625,37.85302529296875,33.34859859375,34.1058357421875,28.84615751953125,44.60659716796875,38.65514150390625,47.147150390625,11.0671599609375,38.520716015625,46.461460881696425,40.2387328125,52.442511328125,49.785690234375,36.879179296875,51.5415111328125,33.69177421875,45.084434765625,38.899480078124995,43.8530765625,39.889163671875,47.6509078125,44.72126484375,64.73925,39.499923046875004,35.8947984375,23.42528173828125,35.901798046875,23.494057734374998,35.698781249999996,48.772372265624995,50.71312828125,39.156439921875,39.11477651367187,36.925975546874994,42.121379882812505,46.422228515625,38.945515078125,29.94413466796875,34.02407900390625,18.3286828125,85.34605312499998,46.602003515625,41.32344814453125,20.9630752734375,18.9203375390625,54.09161015625,22.524432275390623,25.433112304687498,36.86705015625,25.13969208984375,52.026044765625,36.939062109375,17.81075013950893,29.254337109375,18.919401416015624,44.866604296875,19.408184765625,47.43345,19.6415876953125,23.768758007812497,21.20209189453125,39.963097265624995,35.38016015625,37.38321328125,22.94382392578125,26.669763720703124,52.045494140625,38.81147783203125,18.775958203125,25.177874853515625,19.4316226171875,28.83140068359375,4.239682470703125,35.07459873046875,31.896038671875,21.2108818359375,28.0503439453125,18.1554240234375,30.736655859375,22.1464072265625,50.5761890625,22.3691900390625,36.658604296875005,21.1704005859375,29.65674609375,33.45757265625,19.86745693359375,18.622521826171873,37.94860195312499,5.81779775390625,,11.5675154296875,10.45645751953125,3.8955792480468747,17.9705724609375,18.0286154296875,18.0462146484375,7.7327455078125,33.2758798828125,16.47537890625,26.777963671875,16.583719921874998,27.539050781249998,11.598797460937499,11.486583984374999,9.02338681640625,6.713024853515625,31.261164006696426,28.262082128906247,24.46298671875,7.031941196986607,12.083597251674107,10.8337359375,8.388396826171874,5.915498410866477,8.637780202414772,10.110498606178977,9.583365188116776,18.302249267578127,11.51663869243421,14.656324727590459,14.339943776633522,16.725263425164474,10.83909462890625,22.95921349431818,13.11124921875,6.900097729492187,15.1902345703125,,9.649057484019886,9.690985479266827,7.51744599609375,11.461123963341347,11.563114229090074
259,2000-08-01,,,,,,,,,,,,,,,,,,,,,,,,,,,,,,,,,,,,,,,,,,,,,,,,,,,,,,,,,,,,,,,,,,,,,,,,,,,,,,,,,,,,,,,,,,,,,,,,,,,,,,,,,,,,,,,,,,,,,,,,,,,,,,,,,,,,,,,,,,,,,,,,,,,,,,,,,,,,,,,,,,,,,,,,,,,,,,,,,,,,,,,,,,,,,,,,,,,,,,,,,,,,,,,,,,,,,,,,,,,,,,,,,,,,,,,,,,,,,,,,,,,,,
260,2000-09-01,,,,,,,,,,,,,,,,,,,,,,,,,,,,,,,,,,,,,,,,,,,,,,,,,,,,,,,,,,,,,,,,,,,,,,,,,,,,,,,,,,,,,,,,,,,,,,,,,,,,,,,,,,,,,,,,,,,,,,,,,,,,,,,,,,,,,,,,,,,,,,,,,,,,,,,,,,,,,,,,,,,,,,,,,,,,,,,,,,,,,,,,,,,,,,,,,,,,,,,,,,,,,,,,,,,,,,,,,,,,,,,,,,,,,,,,,,,,,,,,,,,,,
261,2000-10-01,,,,,,,,,,,,,,,,,,,,,,,,,,,,,,,,,,,,,,,,,,,,,,,,,,,,,,,,,,,,,,,,,,,,,,,,,,,,,,,,,,,,,,,,,,,,,,,,,,,,,,,,,,,,,,,,,,,,,,,,,,,,,,,,,,,,,,,,,,,,,,,,,,,,,,,,,,,,,,,,,,,,,,,,,,,,,,,,,,,,,,,,,,,,,,,,,,,,,,,,,,,,,,,,,,,,,,,,,,,,,,,,,,,,,,,,,,,,,,,,,,,,,
262,2000-11-01,,,,,,,,,,,,,,,,,,,,,,,,,,,,,,,,,,,,,,,,,,,,,,,,,,,,,,,,,,,,,,,,,,,,,,,,,,,,,,,,,,,,,,,,,,,,,,,,,,,,,,,,,,,,,,,,,,,,,,,,,,,,,,,,,,,,,,,,,,,,,,,,,,,,,,,,,,,,,,,,,,,,,,,,,,,,,,,,,,,,,,,,,,,,,,,,,,,,,,,,,,,,,,,,,,,,,,,,,,,,,,,,,,,,,,,,,,,,,,,,,,,,,
263,2000-12-01,,,,,,,,,,,,,,,,,,,,,,,,,,,,,,,,,,,,,,,,,,,,,,,,,,,,,,,,,,,,,,,,,,,,,,,,,,,,,,,,,,,,,,,,,,,,,,,,,,,,,,,,,,,,,,,,,,,,,,,,,,,,,,,,,,,,,,,,,,,,,,,,,,,,,,,,,,,,,,,,,,,,,,,,,,,,,,,,,,,,,,,,,,,,,,,,,,,,,,,,,,,,,,,,,,,,,,,,,,,,,,,,,,,,,,,,,,,,,,,,,,,,,
264,2001-01-01,,,,,,,,,,,,,,,,,,,,,,,,,,,,,,,,,,,,,,,,,,,,,,,,,,,,,,,,,,,,,,,,,,,,,,,,,,,,,,,,,,,,,,,,,,,,,,,,,,,,,,,,,,,,,,,,,,,,,,,,,,,,,,,,,,,,,,,,,,,,,,,,,,,,,,,,,,,,,,,,,,,,,,,,,,,,,,,,,,,,,,,,,,,,,,,,,,,,,,,,,,,,,,,,,,,,,,,,,,,,,,,,,,,,,,,,,,,,,,,,,,,,,
265,2001-02-01,,,,,,,,,,,,,,,,,,,,,,,,,,,,,,,,,,,,,,,,,,,,,,,,,,,,,,,,,,,,,,,,,,,,,,,,,,,,,,,,,,,,,,,,,,,,,,,,,,,,,,,,,,,,,,,,,,,,,,,,,,,,,,,,,,,,,,,,,,,,,,,,,,,,,,,,,,,,,,,,,,,,,,,,,,,,,,,,,,,,,,,,,,,,,,,,,,,,,,,,,,,,,,,,,,,,,,,,,,,,,,,,,,,,,,,,,,,,,,,,,,,,,
266,2001-03-01,,,,,,,,,,,,,,,,,,,,,,,,,,,,,,,,,,,,,,,,,,,,,,,,,,,,,,,,,,,,,,,,,,,,,,,,,,,,,,,,,,,,,,,,,,,,,,,,,,,,,,,,,,,,,,,,,,,,,,,,,,,,,,,,,,,,,,,,,,,,,,,,,,,,,,,,,,,,,,,,,,,,,,,,,,,,,,,,,,,,,,,,,,,,,,,,,,,,,,,,,,,,,,,,,,,,,,,,,,,,,,,,,,,,,,,,,,,,,,,,,,,,,
267,2001-04-01,,,,,,,,,,,,,,,,,,,,,,,,,,,,,,,,,,,,,,,,,,,,,,,,,,,,,,,,,,,,,,,,,,,,,,,,,,,,,,,,,,,,,,,,,,,,,,,,,,,,,,,,,,,,,,,,,,,,,,,,,,,,,,,,,,,,,,,,,,,,,,,,,,,,,,,,,,,,,,,,,,,,,,,,,,,,,,,,,,,,,,,,,,,,,,,,,,,,,,,,,,,,,,,,,,,,,,,,,,,,,,,,,,,,,,,,,,,,,,,,,,,,,
268,2001-05-01,,,,,,,,,,,,,,,,,,,,,,,,,,,,,,,,,,,,,,,,,,,,,,,,,,,,,,,,,,,,,,,,,,,,,,,,,,,,,,,,,,,,,,,,,,,,,,,,,,,,,,,,,,,,,,,,,,,,,,,,,,,,,,,,,,,,,,,,,,,,,,,,,,,,,,,,,,,,,,,,,,,,,,,,,,,,,,,,,,,,,,,,,,,,,,,,,,,,,,,,,,,,,,,,,,,,,,,,,,,,,,,,,,,,,,,,,,,,,,,,,,,,,
269,2001-06-01,,,,,,,,,,,,,,,,,,,,,,,,,,,,,,,,,,,,,,,,,,,,,,,,,,,,,,,,,,,,,,,,,,,,,,,,,,,,,,,,,,,,,,,,,,,,,,,,,,,,,,,,,,,,,,,,,,,,,,,,,,,,,,,,,,,,,,,,,,,,,,,,,,,,,,,,,,,,,,,,,,,,,,,,,,,,,,,,,,,,,,,,,,,,,,,,,,,,,,,,,,,,,,,,,,,,,,,,,,,,,,,,,,,,,,,,,,,,,,,,,,,,,
270,2001-07-01,6.746129681396484,9.605901395089287,5.3418195452008925,15.608396902901786,5.632501213727679,7.946885491071428,8.223720493861608,9.262939997209822,9.486543289620537,4.733162779017857,17.062061383928572,16.263644866071427,6.100530092075893,5.757263588169643,9.276047094726563,9.124249493408204,44.05844069824219,13.647757575334822,5.991126141357421,11.178873468017578,7.656136962890625,13.271209936523437,9.085155853271484,9.508751861572264,9.438574493408202,4.681257852172852,10.245123468017578,16.75397384033203,6.548978128051758,10.889260620117188,8.428756146240234,8.754638027343749,37.436516015625,4.954639086914062,9.07701033691406,27.135349584960938,14.541466904296874,6.320166295744243,13.309101840049342,5.728522276893029,7.677471905048076,4.924344050480769,17.281719681490383,5.6887839505709135,15.718126904296874,6.5097859130859375,12.652895434570311,7.429457542067308,9.51637939453125,12.971995312499999,2.82426240234375,2.301141876775568,2.0058847150530132,2.6858707617187503,1.9960437744140624,3.6456637646484373,6.894060615234375,2.7282132359095983,6.076658544921875,4.616648563058035,4.662962214006696,5.260408844866071,2.0579665492466517,2.3085096051897316,1.6972906075613838,1.7222485787527901,2.384148653738839,2.3234147827148437,1.7197054792131696,1.7776352730887275,2.0839687081473213,3.0668475272042413,2.488718125697545,2.117404153878348,2.907508572823661,2.760295919363839,1.7220178815569196,1.9226879359654017,2.151447896902902,2.069127410888672,3.4046360281808035,1.6383959237234933,1.7365000906808035,1.710331583077567,13.256275404575891,3.998354056222098,2.056523416573661,2.2878497596153844,4.426273144531249,1.30404638671875,6.461062316894531,2.3555945709228516,2.4152764251708985,7.992775305175781,2.196116207885742,2.5817978149414063,1.973439674729567,1.4007115478515624,4.605677446289063,2.60375396484375,66.42387120535714,56.778982910156245,46.627853906249996,79.226377734375,57.992499316406246,45.740811796875,51.9764396484375,53.400789843750005,47.3141513671875,34.97810361328125,20.91529423828125,37.44321428571429,33.315812402343745,33.8279654296875,28.684198828124998,44.710859765625,38.2920375,47.09620546875,11.070691918945311,38.44286015625,46.7441115234375,40.01254171875,51.733040625,49.65166875,36.861059765624994,51.387788671875,33.65448046875,45.186316171875,38.878266796874996,44.082720703125,39.926293359374995,47.772421875,45.862401796875,63.94537546875,39.395260546875,35.87354296875,23.380205273437497,35.883772265625,22.6689046875,35.63982421875,48.515340234374996,50.661850781249996,39.167595703125,38.99329005681818,36.638934609375,42.296853515624996,46.355973046875,39.17555595703125,29.8823431640625,33.88204546875,18.341272265625,84.72365624999999,46.60811015625,41.712345703125,20.9469779296875,18.90588515625,54.035525390625,22.51917421875,25.415750390625,36.257276953125,25.1876390625,51.845396484375,36.561814453125,17.878285546875,29.199183398437498,18.8922322265625,44.488209375,19.39247578125,47.409553125,19.6416421875,23.756486132812498,21.218732226562498,40.163371874999996,35.37169453125,37.4335875,22.9825072265625,26.567634375,52.03058203125,37.98440859375,18.756333984375,25.2349646484375,19.373141601562498,28.796090624999998,4.221249169921875,35.0800171875,31.858948828125,21.187886718749997,28.0499560546875,18.144812109375,30.727060546875,22.13439345703125,50.574801708984374,22.361684765625,36.594193359375,21.124457226562498,29.38937014160156,33.42093134765625,19.8268013671875,18.656169609375,37.899889453125,5.812175390625,21.594559570312498,11.5675189453125,10.443465966796875,3.8949969726562497,17.96664638671875,18.032834179687498,18.0491625,7.730870361328125,33.053736796875,16.4753525390625,26.77210576171875,16.583719921874998,27.541649707031247,11.598797460937499,11.483771923828126,9.014303759765625,6.6985831054687495,31.22883130580357,28.233949972098213,24.478626395089286,7.026899162946428,12.165695382254464,10.795783337402343,8.363696044921875,5.920180710320724,8.631397728207236,10.212007056725543,9.90610829702524,18.28068216796875,10.78589325045072,15.234078583233172,14.245323463199012,16.792526817908655,10.870350732421874,23.086298320312498,13.04365224609375,6.954534847745029,15.1163361328125,8.57931767578125,9.64283126953125,9.6417052734375,7.5082997209821425,11.593835273437499,11.400067274876644
271,2001-08-01,,,,,,,,,,,,,,,,,,,,,,,,,,,,,,,,,,,,,,,,,,,,,,,,,,,,,,,,,,,,,,,,,,,,,,,,,,,,,,,,,,,,,,,,,,,,,,,,,,,,,,,,,,,,,,,,,,,,,,,,,,,,,,,,,,,,,,,,,,,,,,,,,,,,,,,,,,,,,,,,,,,,,,,,,,,,,,,,,,,,,,,,,,,,,,,,,,,,,,,,,,,,,,,,,,,,,,,,,,,,,,,,,,,,,,,,,,,,,,,,,,,,,
272,2001-09-01,,,,,,,,,,,,,,,,,,,,,,,,,,,,,,,,,,,,,,,,,,,,,,,,,,,,,,,,,,,,,,,,,,,,,,,,,,,,,,,,,,,,,,,,,,,,,,,,,,,,,,,,,,,,,,,,,,,,,,,,,,,,,,,,,,,,,,,,,,,,,,,,,,,,,,,,,,,,,,,,,,,,,,,,,,,,,,,,,,,,,,,,,,,,,,,,,,,,,,,,,,,,,,,,,,,,,,,,,,,,,,,,,,,,,,,,,,,,,,,,,,,,,
273,2001-10-01,,,,,,,,,,,,,,,,,,,,,,,,,,,,,,,,,,,,,,,,,,,,,,,,,,,,,,,,,,,,,,,,,,,,,,,,,,,,,,,,,,,,,,,,,,,,,,,,,,,,,,,,,,,,,,,,,,,,,,,,,,,,,,,,,,,,,,,,,,,,,,,,,,,,,,,,,,,,,,,,,,,,,,,,,,,,,,,,,,,,,,,,,,,,,,,,,,,,,,,,,,,,,,,,,,,,,,,,,,,,,,,,,,,,,,,,,,,,,,,,,,,,,
274,2001-11-01,,,,,,,,,,,,,,,,,,,,,,,,,,,,,,,,,,,,,,,,,,,,,,,,,,,,,,,,,,,,,,,,,,,,,,,,,,,,,,,,,,,,,,,,,,,,,,,,,,,,,,,,,,,,,,,,,,,,,,,,,,,,,,,,,,,,,,,,,,,,,,,,,,,,,,,,,,,,,,,,,,,,,,,,,,,,,,,,,,,,,,,,,,,,,,,,,,,,,,,,,,,,,,,,,,,,,,,,,,,,,,,,,,,,,,,,,,,,,,,,,,,,,
275,2001-12-01,,,,,,,,,,,,,,,,,,,,,,,,,,,,,,,,,,,,,,,,,,,,,,,,,,,,,,,,,,,,,,,,,,,,,,,,,,,,,,,,,,,,,,,,,,,,,,,,,,,,,,,,,,,,,,,,,,,,,,,,,,,,,,,,,,,,,,,,,,,,,,,,,,,,,,,,,,,,,,,,,,,,,,,,,,,,,,,,,,,,,,,,,,,,,,,,,,,,,,,,,,,,,,,,,,,,,,,,,,,,,,,,,,,,,,,,,,,,,,,,,,,,,
276,2002-01-01,,,,,,,,,,,,,,,,,,,,,,,,,,,,,,,,,,,,,,,,,,,,,,,,,,,,,,,,,,,,,,,,,,,,,,,,,,,,,,,,,,,,,,,,,,,,,,,,,,,,,,,,,,,,,,,,,,,,,,,,,,,,,,,,,,,,,,,,,,,,,,,,,,,,,,,,,,,,,,,,,,,,,,,,,,,,,,,,,,,,,,,,,,,,,,,,,,,,,,,,,,,,,,,,,,,,,,,,,,,,,,,,,,,,,,,,,,,,,,,,,,,,,
277,2002-02-01,,,,,,,,,,,,,,,,,,,,,,,,,,,,,,,,,,,,,,,,,,,,,,,,,,,,,,,,,,,,,,,,,,,,,,,,,,,,,,,,,,,,,,,,,,,,,,,,,,,,,,,,,,,,,,,,,,,,,,,,,,,,,,,,,,,,,,,,,,,,,,,,,,,,,,,,,,,,,,,,,,,,,,,,,,,,,,,,,,,,,,,,,,,,,,,,,,,,,,,,,,,,,,,,,,,,,,,,,,,,,,,,,,,,,,,,,,,,,,,,,,,,,
278,2002-03-01,,,,,,,,,,,,,,,,,,,,,,,,,,,,,,,,,,,,,,,,,,,,,,,,,,,,,,,,,,,,,,,,,,,,,,,,,,,,,,,,,,,,,,,,,,,,,,,,,,,,,,,,,,,,,,,,,,,,,,,,,,,,,,,,,,,,,,,,,,,,,,,,,,,,,,,,,,,,,,,,,,,,,,,,,,,,,,,,,,,,,,,,,,,,,,,,,,,,,,,,,,,,,,,,,,,,,,,,,,,,,,,,,,,,,,,,,,,,,,,,,,,,,
279,2002-04-01,,,,,,,,,,,,,,,,,,,,,,,,,,,,,,,,,,,,,,,,,,,,,,,,,,,,,,,,,,,,,,,,,,,,,,,,,,,,,,,,,,,,,,,,,,,,,,,,,,,,,,,,,,,,,,,,,,,,,,,,,,,,,,,,,,,,,,,,,,,,,,,,,,,,,,,,,,,,,,,,,,,,,,,,,,,,,,,,,,,,,,,,,,,,,,,,,,,,,,,,,,,,,,,,,,,,,,,,,,,,,,,,,,,,,,,,,,,,,,,,,,,,,
280,2002-05-01,,,,,,,,,,,,,,,,,,,,,,,,,,,,,,,,,,,,,,,,,,,,,,,,,,,,,,,,,,,,,,,,,,,,,,,,,,,,,,,,,,,,,,,,,,,,,,,,,,,,,,,,,,,,,,,,,,,,,,,,,,,,,,,,,,,,,,,,,,,,,,,,,,,,,,,,,,,,,,,,,,,,,,,,,,,,,,,,,,,,,,,,,,,,,,,,,,,,,,,,,,,,,,,,,,,,,,,,,,,,,,,,,,,,,,,,,,,,,,,,,,,,,
281,2002-06-01,,,,,,,,,,,,,,,,,,,,,,,,,,,,,,,,,,,,,,,,,,,,,,,,,,,,,,,,,,,,,,,,,,,,,,,,,,,,,,,,,,,,,,,,,,,,,,,,,,,,,,,,,,,,,,,,,,,,,,,,,,,,,,,,,,,,,,,,,,,,,,,,,,,,,,,,,,,,,,,,,,,,,,,,,,,,,,,,,,,,,,,,,,,,,,,,,,,,,,,,,,,,,,,,,,,,,,,,,,,,,,,,,,,,,,,,,,,,,,,,,,,,,
282,2002-07-01,6.7190838867187495,9.582214921875,5.3169521484375,15.443368066406249,5.6040978515625,7.878181640625,8.1822234375,9.22793291015625,9.442219482421875,4.697200305175781,17.01298740234375,16.116981591796876,6.074613061523437,5.758447631835937,9.221791259765626,9.1482193359375,43.800903515625,13.568733764648437,5.98376513671875,11.068491650390625,7.633373876953125,13.242936767578124,9.052983984374999,9.496596533203125,9.41117666015625,4.674612817382813,10.12465107421875,16.77525234375,6.459821411132812,10.826792578125,8.355315966796875,8.609154408482143,36.260148046874995,5.183812604631696,9.023917424665179,27.26274345703125,14.47814556361607,6.230818777901786,12.708800244140624,5.561796459960938,7.688465185546875,4.869327099609375,17.1585451171875,5.560414086914062,15.625275732421875,6.398691394042968,12.587496240234374,7.366651918945313,9.499905301339284,12.955717717633929,2.8367933349609373,2.3104165869140627,2.0167406040736604,2.683447860717773,2.004658970424107,3.6777568359374997,6.9464797668457035,2.7260214752197265,6.0848438378906256,4.629648229980469,4.6593278320312495,5.316305859375,2.057414282226562,2.2992877441406248,1.6946924926757811,1.7201713989257812,2.36821171875,2.3247837158203124,1.7203049560546875,1.7769528259277343,2.077992114257812,3.0611963378906246,2.495309033203125,2.1189238037109375,2.908523583984375,2.7581679931640624,1.7264631225585936,1.9215377197265624,2.1480161865234373,2.0743742065429687,3.431524493408203,1.6348510986328124,1.7334483673095702,1.6983630340576172,13.240059521484374,3.988419543457031,2.047906219482422,2.2698121398925784,4.377405322265624,1.306341064453125,6.4651119140625,2.3555176025390625,2.40725068359375,7.9400803710937495,2.1744122314453125,2.5994321044921875,1.9639663330078125,1.4252619506835937,4.619283837890625,2.632760302734375,66.15695039062498,56.19727265625,46.5806900390625,79.64466328125,57.59691796875,45.401018554687504,51.3072791015625,53.247780175781244,47.122520800781245,34.965544921875,20.95509140625,36.93335537109375,33.30621123046875,33.60570046875,28.512997265625,44.748437695312504,37.9699119140625,47.045446874999996,11.065288183593749,38.35452421875,46.99438171875,39.847301953125,51.17925234375,49.55911787109375,36.840570703124996,51.252462421874995,33.630530859375,45.265240722656245,38.852286328125004,44.40589453125,,,46.624812890625,62.870238281249996,39.314492578125,35.859870703125,23.3420220703125,35.82843046875,21.621003046875,35.5772654296875,48.20095546875,50.6219431640625,39.1726212890625,38.9105455078125,36.060619335937496,42.634321875,46.271429296875,39.34437890625,29.755458984375,33.764494921875,18.3737021484375,83.73204140625,46.545734531250005,42.216362109375,20.966208984375,18.899568749999997,53.983306640624996,22.51663359375,25.42150546875,35.911669921874996,25.14464560546875,51.797244140625,36.36627421875,17.9290494140625,29.11926796875,18.87195234375,44.0133451171875,19.372525048828123,47.34688271484375,19.6418900390625,23.726198583984374,21.300094921875,40.3419375,35.318973046875,37.51137861328125,23.039138671875,26.500441113281248,51.955379296874995,37.1898196875,18.774572607421874,25.32533466796875,19.300736802455358,28.723095703124997,4.205072241210937,35.0552900390625,31.782870703125,21.17220890625,28.0697185546875,18.12772880859375,30.7032099609375,22.074005166903408,50.596153338068184,22.355228639914774,36.46233441051136,21.06881083233173,28.785439892578125,33.3208875,19.785709235491073,18.696404882812498,37.7408070703125,5.8084308105468745,21.595889648437502,11.55491162109375,10.42558359375,3.89465478515625,17.9613474609375,18.05353505859375,18.04725,7.73042958984375,32.548471875000004,16.47056337890625,26.758608398437502,16.583719921874998,27.55718173828125,11.58955224609375,11.475335302734376,9.010106103515625,6.677065283203125,31.596063671874997,28.21607197265625,24.528458671875,7.013137719726562,12.228714111328124,10.752595312499999,8.352187426757812,5.9465824951171875,8.66565547626202,10.2636343359375,10.00265185546875,18.26220427734375,10.378829986213233,15.773621174172794,14.4175341796875,17.024898391544117,10.92332548828125,23.362173792613635,12.959829492187499,7.091272420726103,15.0965525390625,8.54201513671875,9.656239218749999,9.642869949776784,7.640499990234375,11.987188623046874,11.456560170200891
283,2002-08-01,,,,,,,,,,,,,,,,,,,,,,,,,,,,,,,,,,,,,,,,,,,,,,,,,,,,,,,,,,,,,,,,,,,,,,,,,,,,,,,,,,,,,,,,,,,,,,,,,,,,,,,,,,,,,,,,,,,,,,,,,,,,,,,,,,,,,,,,,,,,,,,,,,,,,,,,,,,,,,,,,,,,,,,,,,,,,,,,,,,,,,,,,,,,,,,,,,,,,,,,,,,,,,,,,,,,,,,,,,,,,,,,,,,,,,,,,,,,,,,,,,,,,
284,2002-09-01,,,,,,,,,,,,,,,,,,,,,,,,,,,,,,,,,,,,,,,,,,,,,,,,,,,,,,,,,,,,,,,,,,,,,,,,,,,,,,,,,,,,,,,,,,,,,,,,,,,,,,,,,,,,,,,,,,,,,,,,,,,,,,,,,,,,,,,,,,,,,,,,,,,,,,,,,,,,,,,,,,,,,,,,,,,,,,,,,,,,,,,,,,,,,,,,,,,,,,,,,,,,,,,,,,,,,,,,,,,,,,,,,,,,,,,,,,,,,,,,,,,,,
285,2002-10-01,,,,,,,,,,,,,,,,,,,,,,,,,,,,,,,,,,,,,,,,,,,,,,,,,,,,,,,,,,,,,,,,,,,,,,,,,,,,,,,,,,,,,,,,,,,,,,,,,,,,,,,,,,,,,,,,,,,,,,,,,,,,,,,,,,,,,,,,,,,,,,,,,,,,,,,,,,,,,,,,,,,,,,,,,,,,,,,,,,,,,,,,,,,,,,,,,,,,,,,,,,,,,,,,,,,,,,,,,,,,,,,,,,,,,,,,,,,,,,,,,,,,,
286,2002-11-01,,,,,,,,,,,,,,,,,,,,,,,,,,,,,,,,,,,,,,,,,,,,,,,,,,,,,,,,,,,,,,,,,,,,,,,,,,,,,,,,,,,,,,,,,,,,,,,,,,,,,,,,,,,,,,,,,,,,,,,,,,,,,,,,,,,,,,,,,,,,,,,,,,,,,,,,,,,,,,,,,,,,,,,,,,,,,,,,,,,,,,,,,,,,,,,,,,,,,,,,,,,,,,,,,,,,,,,,,,,,,,,,,,,,,,,,,,,,,,,,,,,,,
287,2002-12-01,,,,,,,,,,,,,,,,,,,,,,,,,,,,,,,,,,,,,,,,,,,,,,,,,,,,,,,,,,,,,,,,,,,,,,,,,,,,,,,,,,,,,,,,,,,,,,,,,,,,,,,,,,,,,,,,,,,,,,,,,,,,,,,,,,,,,,,,,,,,,,,,,,,,,,,,,,,,,,,,,,,,,,,,,,,,,,,,,,,,,,,,,,,,,,,,,,,,,,,,,,,,,,,,,,,,,,,,,,,,,,,,,,,,,,,,,,,,,,,,,,,,,
288,2003-01-01,,,,,,,,,,,,,,,,,,,,,,,,,,,,,,,,,,,,,,,,,,,,,,,,,,,,,,,,,,,,,,,,,,,,,,,,,,,,,,,,,,,,,,,,,,,,,,,,,,,,,,,,,,,,,,,,,,,,,,,,,,,,,,,,,,,,,,,,,,,,,,,,,,,,,,,,,,,,,,,,,,,,,,,,,,,,,,,,,,,,,,,,,,,,,,,,,,,,,,,,,,,,,,,,,,,,,,,,,,,,,,,,,,,,,,,,,,,,,,,,,,,,,
289,2003-02-01,,,,,,,,,,,,,,,,,,,,,,,,,,,,,,,,,,,,,,,,,,,,,,,,,,,,,,,,,,,,,,,,,,,,,,,,,,,,,,,,,,,,,,,,,,,,,,,,,,,,,,,,,,,,,,,,,,,,,,,,,,,,,,,,,,,,,,,,,,,,,,,,,,,,,,,,,,,,,,,,,,,,,,,,,,,,,,,,,,,,,,,,,,,,,,,,,,,,,,,,,,,,,,,,,,,,,,,,,,,,,,,,,,,,,,,,,,,,,,,,,,,,,
290,2003-03-01,,,,,,,,,,,,,,,,,,,,,,,,,,,,,,,,,,,,,,,,,,,,,,,,,,,,,,,,,,,,,,,,,,,,,,,,,,,,,,,,,,,,,,,,,,,,,,,,,,,,,,,,,,,,,,,,,,,,,,,,,,,,,,,,,,,,,,,,,,,,,,,,,,,,,,,,,,,,,,,,,,,,,,,,,,,,,,,,,,,,,,,,,,,,,,,,,,,,,,,,,,,,,,,,,,,,,,,,,,,,,,,,,,,,,,,,,,,,,,,,,,,,,
291,2003-04-01,,,,,,,,,,,,,,,,,,,,,,,,,,,,,,,,,,,,,,,,,,,,,,,,,,,,,,,,,,,,,,,,,,,,,,,,,,,,,,,,,,,,,,,,,,,,,,,,,,,,,,,,,,,,,,,,,,,,,,,,,,,,,,,,,,,,,,,,,,,,,,,,,,,,,,,,,,,,,,,,,,,,,,,,,,,,,,,,,,,,,,,,,,,,,,,,,,,,,,,,,,,,,,,,,,,,,,,,,,,,,,,,,,,,,,,,,,,,,,,,,,,,,
292,2003-05-01,,,,,,,,,,,,,,,,,,,,,,,,,,,,,,,,,,,,,,,,,,,,,,,,,,,,,,,,,,,,,,,,,,,,,,,,,,,,,,,,,,,,,,,,,,,,,,,,,,,,,,,,,,,,,,,,,,,,,,,,,,,,,,,,,,,,,,,,,,,,,,,,,,,,,,,,,,,,,,,,,,,,,,,,,,,,,,,,,,,,,,,,,,,,,,,,,,,,,,,,,,,,,,,,,,,,,,,,,,,,,,,,,,,,,,,,,,,,,,,,,,,,,
293,2003-06-01,,,,,,,,,,,,,,,,,,,,,,,,,,,,,,,,,,,,,,,,,,,,,,,,,,,,,,,,,,,,,,,,,,,,,,,,,,,,,,,,,,,,,,,,,,,,,,,,,,,,,,,,,,,,,,,,,,,,,,,,,,,,,,,,,,,,,,,,,,,,,,,,,,,,,,,,,,,,,,,,,,,,,,,,,,,,,,,,,,,,,,,,,,,,,,,,,,,,,,,,,,,,,,,,,,,,,,,,,,,,,,,,,,,,,,,,,,,,,,,,,,,,,
294,2003-07-01,6.690214160156249,9.555882363281249,5.291452770996093,15.3514494140625,5.582407763671875,7.826794189453125,8.15293505859375,9.201217236328125,9.394485205078125,4.67566611328125,16.985230078125,16.040143359374998,6.053993701171875,5.76200068359375,9.213756591796875,9.160755615234374,43.799698828125,13.5185501953125,5.97667998046875,11.082501123046875,7.623681445312499,13.226120654296876,9.040196923828125,9.48901318359375,9.424566210937499,4.665781201171875,10.029484423828125,16.95532734375,6.414896997070312,10.866261474609374,8.303216015624999,8.4854943359375,35.593006640625,5.53513291015625,8.977535644531251,27.267305859375,14.441512170410157,6.183855688476562,12.532859221540178,5.425856103515625,7.7078040318080365,4.837729771205356,17.078398995535714,5.463598346819197,15.520779140625,6.279888076171875,12.5210387109375,7.3155486746651786,9.4708423828125,12.944527734374999,2.8444947143554686,2.3134616015625,2.034760348074777,2.6819057059151783,2.0117472237723213,3.684209294782366,6.990903745814732,2.7236790213448656,6.091418031529018,4.638258670479911,4.654207428850446,5.342330859375,2.0581431152343748,2.29770703125,1.6951056884765625,1.7183753173828125,2.3549109374999997,2.324395166015625,1.72042265625,1.7768460571289062,2.07408076171875,3.056880541992187,2.4966466552734374,2.119890454101563,2.9108419189453123,2.754816064453125,1.7298081665039062,1.9192660400390624,2.145495556640625,2.072393975830078,3.440365576171875,1.6338654052734374,1.7338018798828125,1.6931892700195312,13.242375,3.9834707519531247,2.0463235839843747,2.2626564697265623,4.367225390625,,,,,,,2.6050271484375003,1.9598692016601562,1.4316062255859374,,,65.91881531249999,55.837952578125,46.575971484375,79.84617890625,57.2188728515625,45.0983443359375,50.730507421875,53.039661328125,47.0175767578125,34.99597265625,20.9910076171875,36.678223828125,33.287909765625,33.488511328125,28.388511328125002,44.774409375,37.667942578125,,11.06382041015625,38.265423046875,47.177905078125,39.73427578125,,,,,,45.329677734375,,,39.936160546875,47.9891126953125,46.8443671875,62.122724999999996,,35.8367765625,,,20.823421289062498,,47.908170703125,50.59108828125,39.202730859375,,,,46.177062890624995,39.409737890624996,,,18.429292968749998,82.853443125,46.5492427734375,42.6181640625,20.965256015625,18.87425947265625,53.953059374999995,22.504689140624997,25.422379453125,35.420844140625,25.0671645703125,51.658808203125,35.84738722098214,18.0832765625,29.021077001953124,18.84221953125,43.553090039062496,19.3357125,47.347466015625,19.6444693359375,23.685478125,21.4170064453125,40.578019921875,35.31536953125,37.58039296875,23.078063671875,26.4087720703125,51.81262734375,36.3688265625,18.809332031249998,25.545870703125,19.21740703125,28.65822890625,4.1860063476562495,,31.648307812499997,21.13925876116071,28.081564202008927,18.07673291015625,30.638581249999998,22.007302734375,50.618674218749995,22.294480078125,36.324234374999996,21.0446433984375,28.390599609375,33.251555859375,19.715780440848214,18.717771972656248,37.509178359375,5.8037405273437495,,,,,,,,,,,,,,,,,,31.75796953125,28.184757714843748,24.539090625,6.990048852539062,12.275081982421874,10.739167089843749,8.35378974609375,5.962891497802734,8.719081018066406,10.274652805397727,9.917739294433593,18.221867797851562,10.420832757568359,15.650903869628905,14.590268701171874,17.292668994140623,10.93918447265625,23.477555078125,12.88724712890625,7.221215560913086,15.0931037109375,8.525246777343751,9.64184091796875,9.728524431818181,7.843356408691406,12.455774023437499,11.59572802734375
295,2003-08-01,,,,,,,,,,,,,,,,,,,,,,,,,,,,,,,,,,,,,,,,,,,,,,,,,,,,,,,,,,,,,,,,,,,,,,,,,,,,,,,,,,,,,,,,,,,,,,,,,,,,,,,,,,,,,,,,,,,,,,,,,,,,,,,,,,,,,,,,,,,,,,,,,,,,,,,,,,,,,,,,,,,,,,,,,,,,,,,,,,,,,,,,,,,,,,,,,,,,,,,,,,,,,,,,,,,,,,,,,,,,,,,,,,,,,,,,,,,,,,,,,,,,,
296,2003-09-01,,,,,,,,,,,,,,,,,,,,,,,,,,,,,,,,,,,,,,,,,,,,,,,,,,,,,,,,,,,,,,,,,,,,,,,,,,,,,,,,,,,,,,,,,,,,,,,,,,,,,,,,,,,,,,,,,,,,,,,,,,,,,,,,,,,,,,,,,,,,,,,,,,,,,,,,,,,,,,,,,,,,,,,,,,,,,,,,,,,,,,,,,,,,,,,,,,,,,,,,,,,,,,,,,,,,,,,,,,,,,,,,,,,,,,,,,,,,,,,,,,,,,
297,2003-10-01,,,,,,,,,,,,,,,,,,,,,,,,,,,,,,,,,,,,,,,,,,,,,,,,,,,,,,,,,,,,,,,,,,,,,,,,,,,,,,,,,,,,,,,,,,,,,,,,,,,,,,,,,,,,,,,,,,,,,,,,,,,,,,,,,,,,,,,,,,,,,,,,,,,,,,,,,,,,,,,,,,,,,,,,,,,,,,,,,,,,,,,,,,,,,,,,,,,,,,,,,,,,,,,,,,,,,,,,,,,,,,,,,,,,,,,,,,,,,,,,,,,,,
298,2003-11-01,,,,,,,,,,,,,,,,,,,,,,,,,,,,,,,,,,,,,,,,,,,,,,,,,,,,,,,,,,,,,,,,,,,,,,,,,,,,,,,,,,,,,,,,,,,,,,,,,,,,,,,,,,,,,,,,,,,,,,,,,,,,,,,,,,,,,,,,,,,,,,,,,,,,,,,,,,,,,,,,,,,,,,,,,,,,,,,,,,,,,,,,,,,,,,,,,,,,,,,,,,,,,,,,,,,,,,,,,,,,,,,,,,,,,,,,,,,,,,,,,,,,,
299,2003-12-01,,,,,,,,,,,,,,,,,,,,,,,,,,,,,,,,,,,,,,,,,,,,,,,,,,,,,,,,,,,,,,,,,,,,,,,,,,,,,,,,,,,,,,,,,,,,,,,,,,,,,,,,,,,,,,,,,,,,,,,,,,,,,,,,,,,,,,,,,,,,,,,,,,,,,,,,,,,,,,,,,,,,,,,,,,,,,,,,,,,,,,,,,,,,,,,,,,,,,,,,,,,,,,,,,,,,,,,,,,,,,,,,,,,,,,,,,,,,,,,,,,,,,
300,2004-01-01,,,,,,,,,,,,,,,,,,,,,,,,,,,,,,,,,,,,,,,,,,,,,,,,,,,,,,,,,,,,,,,,,,,,,,,,,,,,,,,,,,,,,,,,,,,,,,,,,,,,,,,,,,,,,,,,,,,,,,,,,,,,,,,,,,,,,,,,,,,,,,,,,,,,,,,,,,,,,,,,,,,,,,,,,,,,,,,,,,,,,,,,,,,,,,,,,,,,,,,,,,,,,,,,,,,,,,,,,,,,,,,,,,,,,,,,,,,,,,,,,,,,,
301,2004-02-01,,,,,,,,,,,,,,,,,,,,,,,,,,,,,,,,,,,,,,,,,,,,,,,,,,,,,,,,,,,,,,,,,,,,,,,,,,,,,,,,,,,,,,,,,,,,,,,,,,,,,,,,,,,,,,,,,,,,,,,,,,,,,,,,,,,,,,,,,,,,,,,,,,,,,,,,,,,,,,,,,,,,,,,,,,,,,,,,,,,,,,,,,,,,,,,,,,,,,,,,,,,,,,,,,,,,,,,,,,,,,,,,,,,,,,,,,,,,,,,,,,,,,
302,2004-03-01,,,,,,,,,,,,,,,,,,,,,,,,,,,,,,,,,,,,,,,,,,,,,,,,,,,,,,,,,,,,,,,,,,,,,,,,,,,,,,,,,,,,,,,,,,,,,,,,,,,,,,,,,,,,,,,,,,,,,,,,,,,,,,,,,,,,,,,,,,,,,,,,,,,,,,,,,,,,,,,,,,,,,,,,,,,,,,,,,,,,,,,,,,,,,,,,,,,,,,,,,,,,,,,,,,,,,,,,,,,,,,,,,,,,,,,,,,,,,,,,,,,,,
303,2004-04-01,,,,,,,,,,,,,,,,,,,,,,,,,,,,,,,,,,,,,,,,,,,,,,,,,,,,,,,,,,,,,,,,,,,,,,,,,,,,,,,,,,,,,,,,,,,,,,,,,,,,,,,,,,,,,,,,,,,,,,,,,,,,,,,,,,,,,,,,,,,,,,,,,,,,,,,,,,,,,,,,,,,,,,,,,,,,,,,,,,,,,,,,,,,,,,,,,,,,,,,,,,,,,,,,,,,,,,,,,,,,,,,,,,,,,,,,,,,,,,,,,,,,,
304,2004-05-01,,,,,,,,,,,,,,,,,,,,,,,,,,,,,,,,,,,,,,,,,,,,,,,,,,,,,,,,,,,,,,,,,,,,,,,,,,,,,,,,,,,,,,,,,,,,,,,,,,,,,,,,,,,,,,,,,,,,,,,,,,,,,,,,,,,,,,,,,,,,,,,,,,,,,,,,,,,,,,,,,,,,,,,,,,,,,,,,,,,,,,,,,,,,,,,,,,,,,,,,,,,,,,,,,,,,,,,,,,,,,,,,,,,,,,,,,,,,,,,,,,,,,
305,2004-06-01,,,,,,,,,,,,,,,,,,,,,,,,,,,,,,,,,,,,,,,,,,,,,,,,,,,,,,,,,,,,,,,,,,,,,,,,,,,,,,,,,,,,,,,,,,,,,,,,,,,,,,,,,,,,,,,,,,,,,,,,,,,,,,,,,,,,,,,,,,,,,,,,,,,,,,,,,,,,,,,,,,,,,,,,,,,,,,,,,,,,,,,,,,,,,,,,,,,,,,,,,,,,,,,,,,,,,,,,,,,,,,,,,,,,,,,,,,,,,,,,,,,,,
306,2004-07-01,6.667400024414062,9.5090197265625,5.261724829101563,15.24550693359375,5.556557153320313,7.76202158203125,8.10766845703125,9.15735966796875,9.346600898437499,4.652548095703125,16.9580923828125,16.004659570312498,6.021834228515625,5.757359619140625,9.233823046875,9.149636074218751,43.73039671875,13.458302270507811,5.974423974609375,11.067983129882812,7.61105935546875,13.235510302734374,9.040473193359375,9.476497265625,9.47770751953125,4.6485053833007814,9.933800537109375,17.11409765625,6.369015124511718,10.920599780273438,8.257359155273438,8.38788134765625,35.21642431640625,5.675541723632812,8.924302221679687,27.194142919921873,14.431494506835937,6.153631787109375,12.424572290039062,5.236124162946429,7.716761969866071,4.809882568359375,16.988455496651785,5.386989299665179,15.432136171874998,6.1618454296875,12.4450287890625,7.275670048828124,9.469803515625,12.938464160156249,2.84892685546875,2.3162831542968747,2.053253594970703,2.67887721862793,2.0178211761474607,3.6684286193847653,7.016886694335938,2.718889782714844,6.100227355957031,4.653339195033482,4.646269461495535,5.361665405273437,2.0566534240722656,2.2910384765625,1.6953488891601562,1.7153082275390625,2.34200361328125,2.326795971679687,1.7197497802734374,1.7757545288085936,2.066894970703125,3.0471472412109377,2.498661328125,2.11953603515625,2.9102180419921875,2.750642687988281,1.732613525390625,1.9161985107421875,2.1415520507812498,2.069550732421875,3.439328979492187,1.6328307861328124,1.7346506835937499,1.6875098510742186,13.236356909179687,3.9811446166992184,2.0407231384277345,2.2551616516113278,4.344817565917968,1.3081418701171874,6.4589625,2.354599599609375,2.398602282714844,7.8944493164062495,2.159419482421875,2.606093444824219,1.9507526000976563,1.4364807495117187,,,65.596243359375,55.36698134765625,46.583532421875,,56.978878710937494,,50.180621484374996,52.907487890625,46.938837890624995,35.069259375,20.977344140625,,,,28.2449408203125,,,,11.0605939453125,38.09093203125,,,,,36.827221875,,33.6133078125,45.3213140625,,,,48.1421126953125,,,,35.79996386718749,,,,,,,39.20847890625,,,,46.043246484375004,39.441985546875,,,18.441101953125,81.9566184375,46.3883122265625,,21.1047087890625,18.840039609374998,53.911845703124996,22.4388871875,25.416584849330356,34.64180809151786,24.842012695312498,51.3965115234375,35.1420226171875,18.452206640625,28.817022154017856,18.79782589285714,43.14342421875,19.288506249999998,47.360422265625,19.6631501953125,23.64775541015625,21.70902256747159,40.976651953125,35.34572953125,37.74574248046875,23.127654418945312,26.30095184659091,51.524232275390624,35.591327578125,18.9023537109375,26.065710703125,19.166959463778408,28.578718212890625,4.134527006835937,35.021002734375,31.492775390625003,21.0919190625,28.0573126171875,18.0092759765625,30.562141640624997,21.989959101562498,50.638146328125,22.2698218359375,36.278184375,21.074098828125,28.340846484375003,33.193195312499995,19.674315087890626,18.691372014508925,37.368523828125,5.781136596679687,,11.518260205078125,10.413410888671875,3.89518154296875,17.9601099609375,18.0958412109375,18.046065234375,7.7266546875,32.0309419921875,16.47210234375,26.747010351562498,16.580541796875,27.5701376953125,11.5841865234375,11.46975908203125,9.00269736328125,6.651239721679687,31.6436818359375,28.1753361328125,24.5430814453125,6.9750495117187485,12.294870703125,10.729563354492187,8.353126464843749,5.979244866943359,8.769244796316965,10.2891807421875,9.953827922712053,18.18556007080078,10.308377636718749,15.301424832589285,14.698160532924106,17.430181473214283,10.97127138671875,23.499639453125,,7.374889097377232,15.099417114257813,,9.596244396972656,9.911197007123162,8.050027022879464,12.90406787109375,11.677953251953124
307,2004-08-01,,,,,,,,,,,,,,,,,,,,,,,,,,,,,,,,,,,,,,,,,,,,,,,,,,,,,,,,,,,,,,,,,,,,,,,,,,,,,,,,,,,,,,,,,,,,,,,,,,,,,,,,,,,,,,,,,,,,,,,,,,,,,,,,,,,,,,,,,,,,,,,,,,,,,,,,,,,,,,,,,,,,,,,,,,,,,,,,,,,,,,,,,,,,,,,,,,,,,,,,,,,,,,,,,,,,,,,,,,,,,,,,,,,,,,,,,,,,,,,,,,,,,
308,2004-09-01,,,,,,,,,,,,,,,,,,,,,,,,,,,,,,,,,,,,,,,,,,,,,,,,,,,,,,,,,,,,,,,,,,,,,,,,,,,,,,,,,,,,,,,,,,,,,,,,,,,,,,,,,,,,,,,,,,,,,,,,,,,,,,,,,,,,,,,,,,,,,,,,,,,,,,,,,,,,,,,,,,,,,,,,,,,,,,,,,,,,,,,,,,,,,,,,,,,,,,,,,,,,,,,,,,,,,,,,,,,,,,,,,,,,,,,,,,,,,,,,,,,,,
309,2004-10-01,,,,,,,,,,,,,,,,,,,,,,,,,,,,,,,,,,,,,,,,,,,,,,,,,,,,,,,,,,,,,,,,,,,,,,,,,,,,,,,,,,,,,,,,,,,,,,,,,,,,,,,,,,,,,,,,,,,,,,,,,,,,,,,,,,,,,,,,,,,,,,,,,,,,,,,,,,,,,,,,,,,,,,,,,,,,,,,,,,,,,,,,,,,,,,,,,,,,,,,,,,,,,,,,,,,,,,,,,,,,,,,,,,,,,,,,,,,,,,,,,,,,,
310,2004-11-01,,,,,,,,,,,,,,,,,,,,,,,,,,,,,,,,,,,,,,,,,,,,,,,,,,,,,,,,,,,,,,,,,,,,,,,,,,,,,,,,,,,,,,,,,,,,,,,,,,,,,,,,,,,,,,,,,,,,,,,,,,,,,,,,,,,,,,,,,,,,,,,,,,,,,,,,,,,,,,,,,,,,,,,,,,,,,,,,,,,,,,,,,,,,,,,,,,,,,,,,,,,,,,,,,,,,,,,,,,,,,,,,,,,,,,,,,,,,,,,,,,,,,
311,2004-12-01,,,,,,,,,,,,,,,,,,,,,,,,,,,,,,,,,,,,,,,,,,,,,,,,,,,,,,,,,,,,,,,,,,,,,,,,,,,,,,,,,,,,,,,,,,,,,,,,,,,,,,,,,,,,,,,,,,,,,,,,,,,,,,,,,,,,,,,,,,,,,,,,,,,,,,,,,,,,,,,,,,,,,,,,,,,,,,,,,,,,,,,,,,,,,,,,,,,,,,,,,,,,,,,,,,,,,,,,,,,,,,,,,,,,,,,,,,,,,,,,,,,,,
312,2005-01-01,,,,,,,,,,,,,,,,,,,,,,,,,,,,,,,,,,,,,,,,,,,,,,,,,,,,,,,,,,,,,,,,,,,,,,,,,,,,,,,,,,,,,,,,,,,,,,,,,,,,,,,,,,,,,,,,,,,,,,,,,,,,,,,,,,,,,,,,,,,,,,,,,,,,,,,,,,,,,,,,,,,,,,,,,,,,,,,,,,,,,,,,,,,,,,,,,,,,,,,,,,,,,,,,,,,,,,,,,,,,,,,,,,,,,,,,,,,,,,,,,,,,,
313,2005-02-01,,,,,,,,,,,,,,,,,,,,,,,,,,,,,,,,,,,,,,,,,,,,,,,,,,,,,,,,,,,,,,,,,,,,,,,,,,,,,,,,,,,,,,,,,,,,,,,,,,,,,,,,,,,,,,,,,,,,,,,,,,,,,,,,,,,,,,,,,,,,,,,,,,,,,,,,,,,,,,,,,,,,,,,,,,,,,,,,,,,,,,,,,,,,,,,,,,,,,,,,,,,,,,,,,,,,,,,,,,,,,,,,,,,,,,,,,,,,,,,,,,,,,
314,2005-03-01,,,,,,,,,,,,,,,,,,,,,,,,,,,,,,,,,,,,,,,,,,,,,,,,,,,,,,,,,,,,,,,,,,,,,,,,,,,,,,,,,,,,,,,,,,,,,,,,,,,,,,,,,,,,,,,,,,,,,,,,,,,,,,,,,,,,,,,,,,,,,,,,,,,,,,,,,,,,,,,,,,,,,,,,,,,,,,,,,,,,,,,,,,,,,,,,,,,,,,,,,,,,,,,,,,,,,,,,,,,,,,,,,,,,,,,,,,,,,,,,,,,,,
315,2005-04-01,,,,,,,,,,,,,,,,,,,,,,,,,,,,,,,,,,,,,,,,,,,,,,,,,,,,,,,,,,,,,,,,,,,,,,,,,,,,,,,,,,,,,,,,,,,,,,,,,,,,,,,,,,,,,,,,,,,,,,,,,,,,,,,,,,,,,,,,,,,,,,,,,,,,,,,,,,,,,,,,,,,,,,,,,,,,,,,,,,,,,,,,,,,,,,,,,,,,,,,,,,,,,,,,,,,,,,,,,,,,,,,,,,,,,,,,,,,,,,,,,,,,,
316,2005-05-01,,,,,,,,,,,,,,,,,,,,,,,,,,,,,,,,,,,,,,,,,,,,,,,,,,,,,,,,,,,,,,,,,,,,,,,,,,,,,,,,,,,,,,,,,,,,,,,,,,,,,,,,,,,,,,,,,,,,,,,,,,,,,,,,,,,,,,,,,,,,,,,,,,,,,,,,,,,,,,,,,,,,,,,,,,,,,,,,,,,,,,,,,,,,,,,,,,,,,,,,,,,,,,,,,,,,,,,,,,,,,,,,,,,,,,,,,,,,,,,,,,,,,
317,2005-06-01,,,,,,,,,,,,,,,,,,,,,,,,,,,,,,,,,,,,,,,,,,,,,,,,,,,,,,,,,,,,,,,,,,,,,,,,,,,,,,,,,,,,,,,,,,,,,,,,,,,,,,,,,,,,,,,,,,,,,,,,,,,,,,,,,,,,,,,,,,,,,,,,,,,,,,,,,,,,,,,,,,,,,,,,,,,,,,,,,,,,,,,,,,,,,,,,,,,,,,,,,,,,,,,,,,,,,,,,,,,,,,,,,,,,,,,,,,,,,,,,,,,,,
318,2005-07-01,6.655095263671875,9.482628515625,5.235434033203125,15.1897728515625,5.53876083984375,7.7150091796875,8.06819326171875,9.123858984375,9.31500439453125,4.6386597656249995,16.9374568359375,,,,9.24238916015625,9.10811513671875,43.7000466796875,13.411406249999999,5.97891005859375,11.0711583984375,7.607253955078125,13.235858789062501,9.041870654296876,9.473661474609376,9.517323779296873,4.631882299804687,9.87047578125,17.15409404296875,6.342806469726562,10.949935693359375,8.239171289062499,8.3359388671875,35.117961328125,5.7101265527343745,8.8950863671875,27.176361328124997,14.40922271484375,6.12894427734375,12.37834248046875,5.119900708007812,7.7192191406249995,4.79827529296875,16.93659462890625,5.35403583984375,15.363980859375,6.115126025390625,12.4093916015625,7.23005517578125,9.464706298828125,12.92862685546875,2.8546465576171873,2.317166455078125,2.0670547412109377,2.677603095703125,2.01992150390625,3.6435591210937495,7.028617412109375,2.7147770068359374,6.104827177734375,4.659610034179687,4.638112646484375,5.37165087890625,2.0541517822265627,2.2870119506835938,1.6999456420898436,1.7135133178710937,2.321636682128906,2.3264627563476563,1.7171971435546873,1.7738327636718751,2.0579965576171872,3.043071826171875,2.5002802001953124,2.117024230957031,2.906768627929688,2.7484068603515626,1.734957421875,1.9158164428710935,2.139596081542969,2.06608974609375,3.441293701171875,1.6320574951171873,1.7359543212890625,1.6818535217285155,13.20749033203125,3.9768602783203124,2.0339551757812497,2.2472277099609372,4.3339060546875,1.3092641235351563,6.456952880859374,2.3536593017578125,2.3880059326171876,7.8696439453125,2.1537674560546876,2.604072738647461,1.935446484375,1.4417263092041015,,,65.5098134765625,54.98184609374999,46.606438476562495,80.01980859375,56.792110546874994,,49.288278515624995,52.72641328125,46.841396484375,35.269277343750005,21.001533398437502,,,,28.087738476562503,,,,11.054423144531249,37.7968728515625,,,,,36.770736796875,,33.585800625000005,45.3976833984375,38.81828671875,,,48.322619531250005,,,,35.756448046875,,35.8089046875,,,,,,,35.714334375,42.815977734375,45.915820312499996,39.46406484375,,,18.4946759765625,81.3588205078125,46.25306015625,42.97801875,21.49224521484375,18.81416923828125,53.8114828125,22.38720703125,25.403860195312497,33.52550390625,24.4858826953125,50.836398046875,34.6902826171875,18.723355312499997,28.472565234374997,18.742539927455358,42.96129107142857,19.20988388671875,47.2655935546875,19.67430322265625,23.62882939453125,22.0391047265625,41.487753515625,35.404428515625,37.973610937500005,23.144721386718746,26.21139851074219,50.875915429687495,35.216805761718746,18.928954248046875,26.566932254464284,19.3220541015625,28.465226367187498,4.050149560546875,34.998697265625,31.345250097656248,21.070334765625,28.0445607421875,17.970924609375,30.4870552734375,21.984911279296874,50.617870312499996,22.2447146484375,36.24001171875,21.0738767578125,28.390885546874998,33.12194296875,19.66003828125,18.665897343749997,37.26813984375,5.75612314453125,21.5985498046875,11.483134570312501,10.400183496093751,3.904817431640625,17.9448140625,18.123151171874998,18.0606375,7.716430078125001,31.826459765625,16.463697070312502,26.7367904296875,16.574036718749998,27.5995271484375,11.5727443359375,11.45960009765625,8.97781611328125,6.634453564453125,31.80108134765625,28.162551708984374,24.5106931640625,6.951041125488281,12.322562475585936,10.7276751953125,8.367714624023437,6.003667822265625,8.809994421386719,10.30423994140625,10.081886923828126,18.092913134765624,10.172336660156251,15.255721933593751,14.73468335658482,17.4762875390625,10.99914931640625,23.435926953124998,,7.445987402343749,15.154255747767857,,9.536822000558034,10.063534105009191,8.186933847656249,13.07724228515625,11.74743984375
319,2005-08-01,,,,,,,,,,,,,,,,,,,,,,,,,,,,,,,,,,,,,,,,,,,,,,,,,,,,,,,,,,,,,,,,,,,,,,,,,,,,,,,,,,,,,,,,,,,,,,,,,,,,,,,,,,,,,,,,,,,,,,,,,,,,,,,,,,,,,,,,,,,,,,,,,,,,,,,,,,,,,,,,,,,,,,,,,,,,,,,,,,,,,,,,,,,,,,,,,,,,,,,,,,,,,,,,,,,,,,,,,,,,,,,,,,,,,,,,,,,,,,,,,,,,,
320,2005-09-01,,,,,,,,,,,,,,,,,,,,,,,,,,,,,,,,,,,,,,,,,,,,,,,,,,,,,,,,,,,,,,,,,,,,,,,,,,,,,,,,,,,,,,,,,,,,,,,,,,,,,,,,,,,,,,,,,,,,,,,,,,,,,,,,,,,,,,,,,,,,,,,,,,,,,,,,,,,,,,,,,,,,,,,,,,,,,,,,,,,,,,,,,,,,,,,,,,,,,,,,,,,,,,,,,,,,,,,,,,,,,,,,,,,,,,,,,,,,,,,,,,,,,
321,2005-10-01,,,,,,,,,,,,,,,,,,,,,,,,,,,,,,,,,,,,,,,,,,,,,,,,,,,,,,,,,,,,,,,,,,,,,,,,,,,,,,,,,,,,,,,,,,,,,,,,,,,,,,,,,,,,,,,,,,,,,,,,,,,,,,,,,,,,,,,,,,,,,,,,,,,,,,,,,,,,,,,,,,,,,,,,,,,,,,,,,,,,,,,,,,,,,,,,,,,,,,,,,,,,,,,,,,,,,,,,,,,,,,,,,,,,,,,,,,,,,,,,,,,,,
322,2005-11-01,,,,,,,,,,,,,,,,,,,,,,,,,,,,,,,,,,,,,,,,,,,,,,,,,,,,,,,,,,,,,,,,,,,,,,,,,,,,,,,,,,,,,,,,,,,,,,,,,,,,,,,,,,,,,,,,,,,,,,,,,,,,,,,,,,,,,,,,,,,,,,,,,,,,,,,,,,,,,,,,,,,,,,,,,,,,,,,,,,,,,,,,,,,,,,,,,,,,,,,,,,,,,,,,,,,,,,,,,,,,,,,,,,,,,,,,,,,,,,,,,,,,,
323,2005-12-01,,,,,,,,,,,,,,,,,,,,,,,,,,,,,,,,,,,,,,,,,,,,,,,,,,,,,,,,,,,,,,,,,,,,,,,,,,,,,,,,,,,,,,,,,,,,,,,,,,,,,,,,,,,,,,,,,,,,,,,,,,,,,,,,,,,,,,,,,,,,,,,,,,,,,,,,,,,,,,,,,,,,,,,,,,,,,,,,,,,,,,,,,,,,,,,,,,,,,,,,,,,,,,,,,,,,,,,,,,,,,,,,,,,,,,,,,,,,,,,,,,,,,
324,2006-01-01,,,,,,,,,,,,,,,,,,,,,,,,,,,,,,,,,,,,,,,,,,,,,,,,,,,,,,,,,,,,,,,,,,,,,,,,,,,,,,,,,,,,,,,,,,,,,,,,,,,,,,,,,,,,,,,,,,,,,,,,,,,,,,,,,,,,,,,,,,,,,,,,,,,,,,,,,,,,,,,,,,,,,,,,,,,,,,,,,,,,,,,,,,,,,,,,,,,,,,,,,,,,,,,,,,,,,,,,,,,,,,,,,,,,,,,,,,,,,,,,,,,,,
325,2006-02-01,,,,,,,,,,,,,,,,,,,,,,,,,,,,,,,,,,,,,,,,,,,,,,,,,,,,,,,,,,,,,,,,,,,,,,,,,,,,,,,,,,,,,,,,,,,,,,,,,,,,,,,,,,,,,,,,,,,,,,,,,,,,,,,,,,,,,,,,,,,,,,,,,,,,,,,,,,,,,,,,,,,,,,,,,,,,,,,,,,,,,,,,,,,,,,,,,,,,,,,,,,,,,,,,,,,,,,,,,,,,,,,,,,,,,,,,,,,,,,,,,,,,,
326,2006-03-01,,,,,,,,,,,,,,,,,,,,,,,,,,,,,,,,,,,,,,,,,,,,,,,,,,,,,,,,,,,,,,,,,,,,,,,,,,,,,,,,,,,,,,,,,,,,,,,,,,,,,,,,,,,,,,,,,,,,,,,,,,,,,,,,,,,,,,,,,,,,,,,,,,,,,,,,,,,,,,,,,,,,,,,,,,,,,,,,,,,,,,,,,,,,,,,,,,,,,,,,,,,,,,,,,,,,,,,,,,,,,,,,,,,,,,,,,,,,,,,,,,,,,
327,2006-04-01,,,,,,,,,,,,,,,,,,,,,,,,,,,,,,,,,,,,,,,,,,,,,,,,,,,,,,,,,,,,,,,,,,,,,,,,,,,,,,,,,,,,,,,,,,,,,,,,,,,,,,,,,,,,,,,,,,,,,,,,,,,,,,,,,,,,,,,,,,,,,,,,,,,,,,,,,,,,,,,,,,,,,,,,,,,,,,,,,,,,,,,,,,,,,,,,,,,,,,,,,,,,,,,,,,,,,,,,,,,,,,,,,,,,,,,,,,,,,,,,,,,,,
328,2006-05-01,,,,,,,,,,,,,,,,,,,,,,,,,,,,,,,,,,,,,,,,,,,,,,,,,,,,,,,,,,,,,,,,,,,,,,,,,,,,,,,,,,,,,,,,,,,,,,,,,,,,,,,,,,,,,,,,,,,,,,,,,,,,,,,,,,,,,,,,,,,,,,,,,,,,,,,,,,,,,,,,,,,,,,,,,,,,,,,,,,,,,,,,,,,,,,,,,,,,,,,,,,,,,,,,,,,,,,,,,,,,,,,,,,,,,,,,,,,,,,,,,,,,,
329,2006-06-01,,,,,,,,,,,,,,,,,,,,,,,,,,,,,,,,,,,,,,,,,,,,,,,,,,,,,,,,,,,,,,,,,,,,,,,,,,,,,,,,,,,,,,,,,,,,,,,,,,,,,,,,,,,,,,,,,,,,,,,,,,,,,,,,,,,,,,,,,,,,,,,,,,,,,,,,,,,,,,,,,,,,,,,,,,,,,,,,,,,,,,,,,,,,,,,,,,,,,,,,,,,,,,,,,,,,,,,,,,,,,,,,,,,,,,,,,,,,,,,,,,,,,
330,2006-07-01,6.637359626116071,9.446155789620535,5.218697373046875,15.123881953124998,5.520168193359375,7.68727423828125,8.03490486328125,9.093742382812499,9.28608978515625,4.622555712890624,16.9365181640625,15.968162109375,5.996577099609375,5.7602053710937495,9.245310205078123,9.071171630859375,43.696731445312494,13.3555728515625,5.977330957031249,11.06797060546875,7.601795947265625,13.22430380859375,9.04215849609375,9.46702265625,9.53695283203125,4.6225568847656255,9.842853076171874,17.2034033203125,6.320851611328125,10.982202539062499,8.2263814453125,8.301899267578126,35.02997578125,5.737764331054687,8.861809130859374,27.14127451171875,14.416658349609374,6.0992771484374995,12.383691650390624,5.058773349609375,7.702711875,4.78870541015625,16.892033203125,5.321336572265625,15.255762304687499,6.076109838867187,12.354816064453125,7.147333037109375,9.455555859374998,12.919712109374998,2.8533931640625,2.314096380615234,2.0682353540039062,2.674466814630682,2.0171961314808238,3.6160582963423296,7.022487624289773,2.7082718994140627,6.1087201171875,4.6557650390625,4.616244543457031,5.382133520507812,2.0513186279296876,2.282483935546875,1.7120083923339842,1.7090088134765626,2.2893581909179685,2.3236037841796873,1.7117070678710937,1.7691386764526367,2.0354272809709824,3.041632711356027,2.5056339320591516,2.1143051618303574,2.9097019461495535,2.7406171875,1.7376935198102679,1.9120810442243301,2.131768432617187,2.0590421107700894,3.4423584521484374,1.6305305053710937,1.737164289550781,1.6739560766601564,13.18179919921875,3.9705445019531247,2.02843458984375,2.2357294189453123,4.332306708984374,1.3100494262695312,6.457192558593749,2.3521735107421873,2.377663000488281,7.83552685546875,2.1337152099609376,2.5984883056640626,1.921318359375,1.4469835144042968,4.630099658203125,2.6568431396484375,65.43077484375,54.78940747767857,46.72182597656249,80.19806015625,56.449962597656246,,48.296557265625,52.618635703124994,46.733991796874996,35.4817546875,21.017084765625,,,,27.915530273437497,,,,11.05195693359375,37.557812109375,,,50.6185751953125,49.5206455078125,36.6897603515625,51.259046484375,33.55192968749999,45.486155390625,38.74427979910714,44.6534630859375,,48.531230859375,,,39.23080927734375,35.674745312499994,,35.769700195312495,,,47.848130859375,50.6012537109375,39.2028732421875,38.87924296875,35.5473140625,42.8803734375,,39.4921603125,29.676267187500002,33.68305546875,18.5278201171875,80.95126640625,46.181049609375,43.478848828124995,21.79119515625,18.7817818359375,53.6727779296875,22.3446287109375,25.4061275390625,32.920386328125,24.100341796875,50.46041718749999,34.5213028125,18.7824181640625,28.228640624999997,18.737977734374997,43.1090765625,19.1599154296875,47.26670390625,19.677352587890624,23.603167089843748,22.1851154296875,41.815740234375,35.431257421874996,38.09125546875,23.15321806640625,26.14896298828125,50.348855859375,35.148618750000004,18.8374341796875,26.664421093749997,19.459891155133928,28.3395033984375,4.013781240234374,34.989648046875,31.243719140625,20.99743681640625,28.015226953124998,17.937096899414062,30.416459263392856,21.980044838169643,50.59294402901786,22.242802650669642,36.172137053571426,21.089623828125,28.57135806361607,32.99132260044642,19.6204048828125,18.642844775390625,37.202658984375,5.736055078125,21.5985498046875,11.431145214843749,10.375194287109375,3.9047361328125,17.9280720703125,18.1674439453125,18.054073828125,7.709484375,31.7109146484375,16.4562064453125,26.723917968749998,16.55792578125,27.637509375,11.56252587890625,11.44700859375,8.946583593749999,6.608633203125001,31.24401202566964,28.155584179687498,24.49437890625,6.928870166015625,12.34290849609375,10.731373095703125,8.378924765625,6.0319632812499995,8.83861611328125,10.261782581676137,10.188783837890625,17.98712289341518,9.976500073242187,15.267641162109376,14.705737304687501,17.4287326171875,10.987290150669642,23.318367890625,,7.45412431640625,15.233281787109375,,9.47738291015625,10.08171240234375,8.283893378906251,12.848512060546874,11.788099035644532
331,2006-08-01,,,,,,,,,,,,,,,,,,,,,,,,,,,,,,,,,,,,,,,,,,,,,,,,,,,,,,,,,,,,,,,,,,,,,,,,,,,,,,,,,,,,,,,,,,,,,,,,,,,,,,,,,,,,,,,,,,,,,,,,,,,,,,,,,,,,,,,,,,,,,,,,,,,,,,,,,,,,,,,,,,,,,,,,,,,,,,,,,,,,,,,,,,,,,,,,,,,,,,,,,,,,,,,,,,,,,,,,,,,,,,,,,,,,,,,,,,,,,,,,,,,,,
332,2006-09-01,,,,,,,,,,,,,,,,,,,,,,,,,,,,,,,,,,,,,,,,,,,,,,,,,,,,,,,,,,,,,,,,,,,,,,,,,,,,,,,,,,,,,,,,,,,,,,,,,,,,,,,,,,,,,,,,,,,,,,,,,,,,,,,,,,,,,,,,,,,,,,,,,,,,,,,,,,,,,,,,,,,,,,,,,,,,,,,,,,,,,,,,,,,,,,,,,,,,,,,,,,,,,,,,,,,,,,,,,,,,,,,,,,,,,,,,,,,,,,,,,,,,,
333,2006-10-01,,,,,,,,,,,,,,,,,,,,,,,,,,,,,,,,,,,,,,,,,,,,,,,,,,,,,,,,,,,,,,,,,,,,,,,,,,,,,,,,,,,,,,,,,,,,,,,,,,,,,,,,,,,,,,,,,,,,,,,,,,,,,,,,,,,,,,,,,,,,,,,,,,,,,,,,,,,,,,,,,,,,,,,,,,,,,,,,,,,,,,,,,,,,,,,,,,,,,,,,,,,,,,,,,,,,,,,,,,,,,,,,,,,,,,,,,,,,,,,,,,,,,
334,2006-11-01,,,,,,,,,,,,,,,,,,,,,,,,,,,,,,,,,,,,,,,,,,,,,,,,,,,,,,,,,,,,,,,,,,,,,,,,,,,,,,,,,,,,,,,,,,,,,,,,,,,,,,,,,,,,,,,,,,,,,,,,,,,,,,,,,,,,,,,,,,,,,,,,,,,,,,,,,,,,,,,,,,,,,,,,,,,,,,,,,,,,,,,,,,,,,,,,,,,,,,,,,,,,,,,,,,,,,,,,,,,,,,,,,,,,,,,,,,,,,,,,,,,,,
335,2006-12-01,,,,,,,,,,,,,,,,,,,,,,,,,,,,,,,,,,,,,,,,,,,,,,,,,,,,,,,,,,,,,,,,,,,,,,,,,,,,,,,,,,,,,,,,,,,,,,,,,,,,,,,,,,,,,,,,,,,,,,,,,,,,,,,,,,,,,,,,,,,,,,,,,,,,,,,,,,,,,,,,,,,,,,,,,,,,,,,,,,,,,,,,,,,,,,,,,,,,,,,,,,,,,,,,,,,,,,,,,,,,,,,,,,,,,,,,,,,,,,,,,,,,,
336,2007-01-01,,,,,,,,,,,,,,,,,,,,,,,,,,,,,,,,,,,,,,,,,,,,,,,,,,,,,,,,,,,,,,,,,,,,,,,,,,,,,,,,,,,,,,,,,,,,,,,,,,,,,,,,,,,,,,,,,,,,,,,,,,,,,,,,,,,,,,,,,,,,,,,,,,,,,,,,,,,,,,,,,,,,,,,,,,,,,,,,,,,,,,,,,,,,,,,,,,,,,,,,,,,,,,,,,,,,,,,,,,,,,,,,,,,,,,,,,,,,,,,,,,,,,
337,2007-02-01,,,,,,,,,,,,,,,,,,,,,,,,,,,,,,,,,,,,,,,,,,,,,,,,,,,,,,,,,,,,,,,,,,,,,,,,,,,,,,,,,,,,,,,,,,,,,,,,,,,,,,,,,,,,,,,,,,,,,,,,,,,,,,,,,,,,,,,,,,,,,,,,,,,,,,,,,,,,,,,,,,,,,,,,,,,,,,,,,,,,,,,,,,,,,,,,,,,,,,,,,,,,,,,,,,,,,,,,,,,,,,,,,,,,,,,,,,,,,,,,,,,,,
338,2007-03-01,,,,,,,,,,,,,,,,,,,,,,,,,,,,,,,,,,,,,,,,,,,,,,,,,,,,,,,,,,,,,,,,,,,,,,,,,,,,,,,,,,,,,,,,,,,,,,,,,,,,,,,,,,,,,,,,,,,,,,,,,,,,,,,,,,,,,,,,,,,,,,,,,,,,,,,,,,,,,,,,,,,,,,,,,,,,,,,,,,,,,,,,,,,,,,,,,,,,,,,,,,,,,,,,,,,,,,,,,,,,,,,,,,,,,,,,,,,,,,,,,,,,,
339,2007-04-01,,,,,,,,,,,,,,,,,,,,,,,,,,,,,,,,,,,,,,,,,,,,,,,,,,,,,,,,,,,,,,,,,,,,,,,,,,,,,,,,,,,,,,,,,,,,,,,,,,,,,,,,,,,,,,,,,,,,,,,,,,,,,,,,,,,,,,,,,,,,,,,,,,,,,,,,,,,,,,,,,,,,,,,,,,,,,,,,,,,,,,,,,,,,,,,,,,,,,,,,,,,,,,,,,,,,,,,,,,,,,,,,,,,,,,,,,,,,,,,,,,,,,
340,2007-05-01,,,,,,,,,,,,,,,,,,,,,,,,,,,,,,,,,,,,,,,,,,,,,,,,,,,,,,,,,,,,,,,,,,,,,,,,,,,,,,,,,,,,,,,,,,,,,,,,,,,,,,,,,,,,,,,,,,,,,,,,,,,,,,,,,,,,,,,,,,,,,,,,,,,,,,,,,,,,,,,,,,,,,,,,,,,,,,,,,,,,,,,,,,,,,,,,,,,,,,,,,,,,,,,,,,,,,,,,,,,,,,,,,,,,,,,,,,,,,,,,,,,,,
341,2007-06-01,,,,,,,,,,,,,,,,,,,,,,,,,,,,,,,,,,,,,,,,,,,,,,,,,,,,,,,,,,,,,,,,,,,,,,,,,,,,,,,,,,,,,,,,,,,,,,,,,,,,,,,,,,,,,,,,,,,,,,,,,,,,,,,,,,,,,,,,,,,,,,,,,,,,,,,,,,,,,,,,,,,,,,,,,,,,,,,,,,,,,,,,,,,,,,,,,,,,,,,,,,,,,,,,,,,,,,,,,,,,,,,,,,,,,,,,,,,,,,,,,,,,,
342,2007-07-01,6.617293505859375,9.399280078124999,5.199623583984375,15.052359375,5.4984990234375,7.641408984375,7.993424999999999,9.06065771484375,9.257003613281249,,,,,,9.261713232421876,9.03069052734375,43.696304296875,13.2852181640625,5.979021020507812,11.07757265625,7.5958259765625,13.221303662109374,9.043841162109373,9.460572802734376,9.57038466796875,4.61413037109375,9.809490673828124,17.2493630859375,6.302758666992187,11.00647705078125,8.222461962890625,8.274749853515624,34.941628125,5.752993579101562,8.836014111328126,27.1513845703125,14.416210546875,6.085425146484376,12.39371015625,5.00912947265625,7.68776044921875,4.773230068359375,16.83029390625,5.2912972265625005,15.1697220703125,6.0328828125,12.301295800781249,7.0880897460937495,9.44667861328125,12.91677890625,2.8384041357421874,2.3046065277099608,2.0522908081054685,2.6682103088378906,2.0078775146484373,3.583039406516335,6.980700402832031,2.702131807084517,6.1039016015625,4.640970629882813,4.58775205078125,5.38978201171875,2.0479253466796874,2.2784236397879463,1.7415128173828125,1.7000723144531251,2.2426726213727677,2.3147620849609374,1.6969010742187498,1.7590782104492186,2.0027502999441964,3.0374592681884764,2.518565185546875,2.1033606131417413,2.9041674734933034,2.7304015869140628,1.735511242675781,1.9054860142299108,2.118053466796875,2.042545134626116,3.43749091796875,1.6288467041015626,1.7370037475585935,1.6540767944335937,13.11227939453125,3.9585315429687498,2.0127105224609374,2.2152984130859377,4.330478869628906,1.3061740814208984,6.454689422607421,2.3504312713623046,2.3547962768554687,7.760531953124999,2.082403081054687,2.5972536621093747,1.9112641113281248,1.4308721819196428,4.6426331909179686,2.6878448913574218,65.36064575892857,54.80874693080357,46.88043046875,80.5326159375,55.928760937499995,,47.464471874999994,52.48861171875,46.735565625,35.831783203125,20.982185156249997,,,,27.758882373046873,,,,11.0369583984375,37.25013076171875,,,49.873420546875,49.517497767857144,36.63063632812499,51.31161298828125,33.551968359374996,45.525031640625,38.68320673828125,44.79301318359375,,48.649514062499996,,,39.160824609375,35.552618437499994,23.34195703125,35.70369609375,,,,50.558684179687496,39.2354689453125,38.849441015625,35.135625234375,42.9244857421875,45.856360546874996,39.4850654296875,29.618075390625,33.613224609374996,18.554129296874997,,46.1219537109375,43.90924921875,22.0216939453125,18.757906347656252,53.6315431640625,22.3084716796875,25.405608398437497,32.63619814453125,23.879557617187498,50.11978593749999,34.472496093749996,18.776783671875002,28.044426708984375,18.749005078125,43.315687499999996,19.1326236328125,47.289905859375,19.658316796875,23.560083984374998,22.277126367187503,41.984766796875,35.53065703125,38.13382265625,23.16569150390625,26.0643421875,49.921548046874996,35.24342080078125,18.74668359375,26.583702978515625,19.509828046874997,28.268409374999997,3.9971653198242185,34.977146484375,31.16288671875,20.974848046875,27.9955775390625,17.88525703125,30.3734091796875,21.97859084472656,50.51721344866071,22.25984263392857,36.04960697544643,21.14606923828125,28.892570507812497,32.8008193359375,19.496066528320313,18.614667041015625,37.22275617187499,5.728578662109375,,,,,,,,,,,,,,,,,,30.787680234375,,,,,10.721437834821428,8.38625474330357,6.046942529296874,8.823312744140624,10.17911239013672,10.183814099121093,17.80875615234375,9.763973986816406,15.208959814453124,14.61591533203125,17.300611010742188,10.950370751953125,23.210606249999998,,7.441718334960937,15.274857568359375,,9.433734301757813,10.067967700195313,8.359343701171875,12.66216064453125,11.833365014648438
343,2007-08-01,,,,,,,,,,,,,,,,,,,,,,,,,,,,,,,,,,,,,,,,,,,,,,,,,,,,,,,,,,,,,,,,,,,,,,,,,,,,,,,,,,,,,,,,,,,,,,,,,,,,,,,,,,,,,,,,,,,,,,,,,,,,,,,,,,,,,,,,,,,,,,,,,,,,,,,,,,,,,,,,,,,,,,,,,,,,,,,,,,,,,,,,,,,,,,,,,,,,,,,,,,,,,,,,,,,,,,,,,,,,,,,,,,,,,,,,,,,,,,,,,,,,,
344,2007-09-01,,,,,,,,,,,,,,,,,,,,,,,,,,,,,,,,,,,,,,,,,,,,,,,,,,,,,,,,,,,,,,,,,,,,,,,,,,,,,,,,,,,,,,,,,,,,,,,,,,,,,,,,,,,,,,,,,,,,,,,,,,,,,,,,,,,,,,,,,,,,,,,,,,,,,,,,,,,,,,,,,,,,,,,,,,,,,,,,,,,,,,,,,,,,,,,,,,,,,,,,,,,,,,,,,,,,,,,,,,,,,,,,,,,,,,,,,,,,,,,,,,,,,
345,2007-10-01,,,,,,,,,,,,,,,,,,,,,,,,,,,,,,,,,,,,,,,,,,,,,,,,,,,,,,,,,,,,,,,,,,,,,,,,,,,,,,,,,,,,,,,,,,,,,,,,,,,,,,,,,,,,,,,,,,,,,,,,,,,,,,,,,,,,,,,,,,,,,,,,,,,,,,,,,,,,,,,,,,,,,,,,,,,,,,,,,,,,,,,,,,,,,,,,,,,,,,,,,,,,,,,,,,,,,,,,,,,,,,,,,,,,,,,,,,,,,,,,,,,,,
346,2007-11-01,,,,,,,,,,,,,,,,,,,,,,,,,,,,,,,,,,,,,,,,,,,,,,,,,,,,,,,,,,,,,,,,,,,,,,,,,,,,,,,,,,,,,,,,,,,,,,,,,,,,,,,,,,,,,,,,,,,,,,,,,,,,,,,,,,,,,,,,,,,,,,,,,,,,,,,,,,,,,,,,,,,,,,,,,,,,,,,,,,,,,,,,,,,,,,,,,,,,,,,,,,,,,,,,,,,,,,,,,,,,,,,,,,,,,,,,,,,,,,,,,,,,,
347,2007-12-01,,,,,,,,,,,,,,,,,,,,,,,,,,,,,,,,,,,,,,,,,,,,,,,,,,,,,,,,,,,,,,,,,,,,,,,,,,,,,,,,,,,,,,,,,,,,,,,,,,,,,,,,,,,,,,,,,,,,,,,,,,,,,,,,,,,,,,,,,,,,,,,,,,,,,,,,,,,,,,,,,,,,,,,,,,,,,,,,,,,,,,,,,,,,,,,,,,,,,,,,,,,,,,,,,,,,,,,,,,,,,,,,,,,,,,,,,,,,,,,,,,,,,
348,2008-01-01,,,,,,,,,,,,,,,,,,,,,,,,,,,,,,,,,,,,,,,,,,,,,,,,,,,,,,,,,,,,,,,,,,,,,,,,,,,,,,,,,,,,,,,,,,,,,,,,,,,,,,,,,,,,,,,,,,,,,,,,,,,,,,,,,,,,,,,,,,,,,,,,,,,,,,,,,,,,,,,,,,,,,,,,,,,,,,,,,,,,,,,,,,,,,,,,,,,,,,,,,,,,,,,,,,,,,,,,,,,,,,,,,,,,,,,,,,,,,,,,,,,,,
349,2008-02-01,,,,,,,,,,,,,,,,,,,,,,,,,,,,,,,,,,,,,,,,,,,,,,,,,,,,,,,,,,,,,,,,,,,,,,,,,,,,,,,,,,,,,,,,,,,,,,,,,,,,,,,,,,,,,,,,,,,,,,,,,,,,,,,,,,,,,,,,,,,,,,,,,,,,,,,,,,,,,,,,,,,,,,,,,,,,,,,,,,,,,,,,,,,,,,,,,,,,,,,,,,,,,,,,,,,,,,,,,,,,,,,,,,,,,,,,,,,,,,,,,,,,,
350,2008-03-01,,,,,,,,,,,,,,,,,,,,,,,,,,,,,,,,,,,,,,,,,,,,,,,,,,,,,,,,,,,,,,,,,,,,,,,,,,,,,,,,,,,,,,,,,,,,,,,,,,,,,,,,,,,,,,,,,,,,,,,,,,,,,,,,,,,,,,,,,,,,,,,,,,,,,,,,,,,,,,,,,,,,,,,,,,,,,,,,,,,,,,,,,,,,,,,,,,,,,,,,,,,,,,,,,,,,,,,,,,,,,,,,,,,,,,,,,,,,,,,,,,,,,
351,2008-04-01,,,,,,,,,,,,,,,,,,,,,,,,,,,,,,,,,,,,,,,,,,,,,,,,,,,,,,,,,,,,,,,,,,,,,,,,,,,,,,,,,,,,,,,,,,,,,,,,,,,,,,,,,,,,,,,,,,,,,,,,,,,,,,,,,,,,,,,,,,,,,,,,,,,,,,,,,,,,,,,,,,,,,,,,,,,,,,,,,,,,,,,,,,,,,,,,,,,,,,,,,,,,,,,,,,,,,,,,,,,,,,,,,,,,,,,,,,,,,,,,,,,,,
352,2008-05-01,,,,,,,,,,,,,,,,,,,,,,,,,,,,,,,,,,,,,,,,,,,,,,,,,,,,,,,,,,,,,,,,,,,,,,,,,,,,,,,,,,,,,,,,,,,,,,,,,,,,,,,,,,,,,,,,,,,,,,,,,,,,,,,,,,,,,,,,,,,,,,,,,,,,,,,,,,,,,,,,,,,,,,,,,,,,,,,,,,,,,,,,,,,,,,,,,,,,,,,,,,,,,,,,,,,,,,,,,,,,,,,,,,,,,,,,,,,,,,,,,,,,,
353,2008-06-01,,,,,,,,,,,,,,,,,,,,,,,,,,,,,,,,,,,,,,,,,,,,,,,,,,,,,,,,,,,,,,,,,,,,,,,,,,,,,,,,,,,,,,,,,,,,,,,,,,,,,,,,,,,,,,,,,,,,,,,,,,,,,,,,,,,,,,,,,,,,,,,,,,,,,,,,,,,,,,,,,,,,,,,,,,,,,,,,,,,,,,,,,,,,,,,,,,,,,,,,,,,,,,,,,,,,,,,,,,,,,,,,,,,,,,,,,,,,,,,,,,,,,
354,2008-07-01,6.603442998046875,9.35949462890625,5.185630986328126,14.99330671875,5.4777447949218745,7.6304232421875,7.948107421874999,9.02727263671875,9.22679736328125,4.591509301757813,16.92703740234375,15.942728320312499,5.9674564453125,5.764565258789062,9.26644453125,8.96401962890625,43.625600390625,13.22380072265625,5.981020092773437,11.088022265625,7.589572265624999,13.205690039062501,9.0515091796875,9.46138916015625,9.5995365234375,4.605169775390625,9.783230566406251,17.303464453125,6.274880859375,11.05981201171875,8.2152650390625,8.260421044921875,34.8178078125,5.761860534667969,8.808535766601562,27.1654095703125,14.410536328125,6.0762093749999995,12.44146341796875,4.9893697265625,7.68759521484375,4.7650447265624996,16.78779140625,5.2728824707031245,15.134735742187498,6.013967871093749,12.27703095703125,7.061570068359376,9.443845019531249,12.9138328125,2.8073524658203124,2.2967115966796876,2.0337248291015624,2.65999189453125,1.9982351806640626,3.5675546630859376,6.950119262695312,2.70092197265625,6.089691796875,4.614198046875,4.5760324218749995,5.389663403320313,2.0451135498046873,2.269544091796875,1.7544858673095702,1.6918476196289063,2.2102282617187496,2.3046593366350447,1.676817161342076,1.7494917846679687,1.9679153027343748,3.029442890625,2.5311487060546876,2.096546429443359,2.894286346435547,2.7224906616210935,1.7305168579101562,1.8956359130859373,2.1051454284667965,2.023961865234375,3.428679583740234,1.6282173614501954,1.7366183624267577,1.6377450897216796,13.05496494140625,3.9367534790039063,2.0000715270996094,2.1958224060058593,4.3367329101562495,1.2984697265624998,6.435084960937499,2.346995361328125,2.3269840576171874,7.67178837890625,2.0229640136718747,2.593580795288086,1.90228740234375,,4.647875537109375,2.705586328125,65.47155669642856,55.37534985351562,46.968766992187504,80.92144687499999,55.570797070312494,,46.40487840401785,52.315102566964285,46.84708359375,36.2297091796875,20.889931640625,,,,27.651134619140624,,,,11.02800234375,37.0343478515625,,,,,36.599445703125,,33.5326078125,45.473160234375,38.658603515624996,44.887510546875,,48.8000373046875,,,39.120999609375,35.5186740234375,,35.6702203125,,,,,39.2359939453125,,,,45.7105904296875,,29.588122265625,33.54778125,18.6053625,80.765184375,,44.325833203125,22.1213689453125,,,,,,,,,,,18.7239779296875,43.42685625,19.1254130859375,47.314030078125,19.6487630859375,23.52155185546875,22.3081576171875,42.1293375,35.63331679687499,38.182088671875,23.1789673828125,26.033571386718748,49.650219140625,35.329239843749995,18.6489837890625,26.5073314453125,19.5521944921875,28.1971482421875,3.98958486328125,,31.056037500000002,20.9553451171875,27.91740498046875,17.84679580078125,30.337582031249998,21.9679115625,50.4613845703125,22.2575126953125,35.99271,21.1788094921875,29.311137070312498,32.5909728515625,19.3881041015625,18.6207043359375,37.358616796875,,,,,3.9130561523437497,17.8954646484375,18.2410130859375,18.0632291015625,7.7092693359375,31.60783125,16.446786328125,26.7160611328125,16.551530859375,27.665101757812497,11.55160283203125,11.42562626953125,8.9110623046875,,30.828265136718752,28.144967578125,24.4793712890625,6.911654589843749,12.3316728515625,10.705322837611606,8.375035693359374,6.047452825927734,8.766932645089286,10.032933544921875,10.0747693359375,17.648154101562497,9.682587974330357,15.0490181640625,14.40885860595703,17.105858789062502,10.901073046875,23.09551025390625,12.787863134765624,7.393701171874999,15.228536328124997,8.493450512695311,9.37899189453125,9.786362953814338,8.408342661830357,12.505189453125,11.821276538085938
355,2008-08-01,,,,,,,,,,,,,,,,,,,,,,,,,,,,,,,,,,,,,,,,,,,,,,,,,,,,,,,,,,,,,,,,,,,,,,,,,,,,,,,,,,,,,,,,,,,,,,,,,,,,,,,,,,,,,,,,,,,,,,,,,,,,,,,,,,,,,,,,,,,,,,,,,,,,,,,,,,,,,,,,,,,,,,,,,,,,,,,,,,,,,,,,,,,,,,,,,,,,,,,,,,,,,,,,,,,,,,,,,,,,,,,,,,,,,,,,,,,,,,,,,,,,,
356,2008-09-01,,,,,,,,,,,,,,,,,,,,,,,,,,,,,,,,,,,,,,,,,,,,,,,,,,,,,,,,,,,,,,,,,,,,,,,,,,,,,,,,,,,,,,,,,,,,,,,,,,,,,,,,,,,,,,,,,,,,,,,,,,,,,,,,,,,,,,,,,,,,,,,,,,,,,,,,,,,,,,,,,,,,,,,,,,,,,,,,,,,,,,,,,,,,,,,,,,,,,,,,,,,,,,,,,,,,,,,,,,,,,,,,,,,,,,,,,,,,,,,,,,,,,
357,2008-10-01,,,,,,,,,,,,,,,,,,,,,,,,,,,,,,,,,,,,,,,,,,,,,,,,,,,,,,,,,,,,,,,,,,,,,,,,,,,,,,,,,,,,,,,,,,,,,,,,,,,,,,,,,,,,,,,,,,,,,,,,,,,,,,,,,,,,,,,,,,,,,,,,,,,,,,,,,,,,,,,,,,,,,,,,,,,,,,,,,,,,,,,,,,,,,,,,,,,,,,,,,,,,,,,,,,,,,,,,,,,,,,,,,,,,,,,,,,,,,,,,,,,,,
358,2008-11-01,,,,,,,,,,,,,,,,,,,,,,,,,,,,,,,,,,,,,,,,,,,,,,,,,,,,,,,,,,,,,,,,,,,,,,,,,,,,,,,,,,,,,,,,,,,,,,,,,,,,,,,,,,,,,,,,,,,,,,,,,,,,,,,,,,,,,,,,,,,,,,,,,,,,,,,,,,,,,,,,,,,,,,,,,,,,,,,,,,,,,,,,,,,,,,,,,,,,,,,,,,,,,,,,,,,,,,,,,,,,,,,,,,,,,,,,,,,,,,,,,,,,,
359,2008-12-01,,,,,,,,,,,,,,,,,,,,,,,,,,,,,,,,,,,,,,,,,,,,,,,,,,,,,,,,,,,,,,,,,,,,,,,,,,,,,,,,,,,,,,,,,,,,,,,,,,,,,,,,,,,,,,,,,,,,,,,,,,,,,,,,,,,,,,,,,,,,,,,,,,,,,,,,,,,,,,,,,,,,,,,,,,,,,,,,,,,,,,,,,,,,,,,,,,,,,,,,,,,,,,,,,,,,,,,,,,,,,,,,,,,,,,,,,,,,,,,,,,,,,
360,2009-01-01,,,,,,,,,,,,,,,,,,,,,,,,,,,,,,,,,,,,,,,,,,,,,,,,,,,,,,,,,,,,,,,,,,,,,,,,,,,,,,,,,,,,,,,,,,,,,,,,,,,,,,,,,,,,,,,,,,,,,,,,,,,,,,,,,,,,,,,,,,,,,,,,,,,,,,,,,,,,,,,,,,,,,,,,,,,,,,,,,,,,,,,,,,,,,,,,,,,,,,,,,,,,,,,,,,,,,,,,,,,,,,,,,,,,,,,,,,,,,,,,,,,,,
361,2009-02-01,,,,,,,,,,,,,,,,,,,,,,,,,,,,,,,,,,,,,,,,,,,,,,,,,,,,,,,,,,,,,,,,,,,,,,,,,,,,,,,,,,,,,,,,,,,,,,,,,,,,,,,,,,,,,,,,,,,,,,,,,,,,,,,,,,,,,,,,,,,,,,,,,,,,,,,,,,,,,,,,,,,,,,,,,,,,,,,,,,,,,,,,,,,,,,,,,,,,,,,,,,,,,,,,,,,,,,,,,,,,,,,,,,,,,,,,,,,,,,,,,,,,,
362,2009-03-01,,,,,,,,,,,,,,,,,,,,,,,,,,,,,,,,,,,,,,,,,,,,,,,,,,,,,,,,,,,,,,,,,,,,,,,,,,,,,,,,,,,,,,,,,,,,,,,,,,,,,,,,,,,,,,,,,,,,,,,,,,,,,,,,,,,,,,,,,,,,,,,,,,,,,,,,,,,,,,,,,,,,,,,,,,,,,,,,,,,,,,,,,,,,,,,,,,,,,,,,,,,,,,,,,,,,,,,,,,,,,,,,,,,,,,,,,,,,,,,,,,,,,
363,2009-04-01,,,,,,,,,,,,,,,,,,,,,,,,,,,,,,,,,,,,,,,,,,,,,,,,,,,,,,,,,,,,,,,,,,,,,,,,,,,,,,,,,,,,,,,,,,,,,,,,,,,,,,,,,,,,,,,,,,,,,,,,,,,,,,,,,,,,,,,,,,,,,,,,,,,,,,,,,,,,,,,,,,,,,,,,,,,,,,,,,,,,,,,,,,,,,,,,,,,,,,,,,,,,,,,,,,,,,,,,,,,,,,,,,,,,,,,,,,,,,,,,,,,,,
364,2009-05-01,,,,,,,,,,,,,,,,,,,,,,,,,,,,,,,,,,,,,,,,,,,,,,,,,,,,,,,,,,,,,,,,,,,,,,,,,,,,,,,,,,,,,,,,,,,,,,,,,,,,,,,,,,,,,,,,,,,,,,,,,,,,,,,,,,,,,,,,,,,,,,,,,,,,,,,,,,,,,,,,,,,,,,,,,,,,,,,,,,,,,,,,,,,,,,,,,,,,,,,,,,,,,,,,,,,,,,,,,,,,,,,,,,,,,,,,,,,,,,,,,,,,,
365,2009-06-01,,,,,,,,,,,,,,,,,,,,,,,,,,,,,,,,,,,,,,,,,,,,,,,,,,,,,,,,,,,,,,,,,,,,,,,,,,,,,,,,,,,,,,,,,,,,,,,,,,,,,,,,,,,,,,,,,,,,,,,,,,,,,,,,,,,,,,,,,,,,,,,,,,,,,,,,,,,,,,,,,,,,,,,,,,,,,,,,,,,,,,,,,,,,,,,,,,,,,,,,,,,,,,,,,,,,,,,,,,,,,,,,,,,,,,,,,,,,,,,,,,,,,
366,2009-07-01,6.583076555524554,9.276582505580356,5.161694787597656,14.940008569335937,5.447066857910156,7.619444494628906,7.873400390624999,8.966522241210937,9.184687097167968,4.55825830078125,16.89908642578125,15.9213132421875,5.915464189453124,5.760249697265625,9.26754978515625,8.8749640625,43.187351953124995,13.103620814732142,5.984353627232143,11.06741328125,7.585044785156249,13.14298857421875,9.035840332031249,9.45407802734375,9.66301611328125,4.583652783203124,9.732854091796876,17.38454396484375,6.2098856445312505,11.22449873046875,8.19193583984375,8.25460751953125,34.581132421875,5.769984287109375,8.7525840234375,27.0492515625,14.397162890625001,6.045041015625,12.72462607421875,4.97034404296875,7.68538780184659,4.760147021484375,16.732761328125,5.228193723366477,15.103564257812499,5.990920458984375,12.22929228515625,7.01540302734375,9.44150625,12.91147998046875,2.7854374877929686,2.2905454394531253,2.0243495214843747,2.6549413769531247,1.99164673828125,3.5591869335937494,6.928532929687501,2.7123757324218754,6.072011791992186,4.605106127929687,4.564622534179687,5.381464855957031,2.0427620361328125,2.2555788574218747,1.7542366424560547,1.684704556274414,2.189789483642578,2.299834808349609,1.665772833251953,1.743132485961914,1.9359231811523436,3.023640087890625,2.544550433349609,2.089880310058594,2.887109582519531,2.716122326660156,1.7260286407470704,1.8886401123046874,2.089321325683594,2.01148998046875,3.427043499755859,1.6270285858154296,1.7369574279785156,1.6270592926025391,13.028362646484375,3.916079846191406,1.986854315185547,2.183399945068359,4.334482705078125,1.2932372680664064,6.4074797973632815,2.340312099609375,2.301247320556641,7.5936392578125,1.9767696533203125,2.5931597442626955,1.8793573974609374,1.379464045061384,4.655317236328124,2.728732470703125,65.77524460227272,56.404010156249996,47.160925488281244,81.4396921875,55.00830736607143,44.80336328125,45.44644602272727,52.29158171164772,47.081522656249994,36.61743779296875,20.894899609375003,36.325985009765624,33.236687109375,33.537322265625,27.5087525390625,44.8023228515625,37.380469921875,47.026637109374995,11.005461145019531,36.880974441964284,47.33143191964285,39.598698515625,49.4179921875,49.608165234375,36.510309140625,51.251975390625,33.50376421875,45.35036015625,38.69221238839286,44.94512209821429,39.965640234375,49.13551687499999,46.912898671875,60.47655468749999,39.051405703125,35.4571271484375,23.35232900390625,35.60468994140625,19.98683638392857,35.4464671875,47.40434015625,50.458717466517854,39.234730078125004,38.774869453125,34.623528515625,43.2251876953125,45.3910359375,39.4582880859375,,33.4511953125,18.63672890625,,46.02010166015625,45.025991015624996,22.321792187499998,18.73370419921875,53.571736230468744,22.278110156249998,25.355168920898436,32.20701459960937,23.353858593749997,49.62703359375,34.471706484375,18.673829296875,27.792928515625,18.69423596191406,44.028443671874996,19.000543750000002,47.3313287109375,19.59136721191406,23.421269140625,22.293585937499998,42.44242719726562,35.7788091796875,38.270666953125,23.2020837890625,25.92387572544643,49.360623046875,35.60786796875,18.491112974330356,26.2003765625,19.5738513671875,28.118422265624996,3.9887141308593748,34.96065820312499,30.8916369140625,20.9098487109375,27.84340828125,17.798906249999998,30.298933007812497,21.949873493303567,50.359125146484374,22.25383330078125,35.94648967633928,21.1814068359375,29.677729520089283,32.31376040039062,19.261156640625,18.6312251953125,37.58830061383929,5.718722827148437,,11.409681445312499,10.3457724609375,3.92046943359375,17.8462669921875,18.3153498046875,18.074246484375,7.69467392578125,31.570667578125,16.4405126953125,26.6890236328125,16.544970703125,27.684098437499998,11.533123828125,11.413086328124999,8.87160498046875,6.584387255859375,31.023791015625,28.133044628906248,24.45744990234375,6.891811083984375,12.317381103515626,10.6732153125,8.348093481445312,6.015213457031249,8.687723400878905,9.75208127092634,9.748687186104911,17.45913189174107,9.519206459263392,14.734926123046876,14.137738110351561,16.656963950892855,10.827696679687499,22.86332783203125,12.7283255859375,7.307785766601563,14.862174169921875,8.4684234375,9.307788837890625,9.652563720703125,8.4412125,12.164373700420672,11.77495224609375
367,2009-08-01,,,,,,,,,,,,,,,,,,,,,,,,,,,,,,,,,,,,,,,,,,,,,,,,,,,,,,,,,,,,,,,,,,,,,,,,,,,,,,,,,,,,,,,,,,,,,,,,,,,,,,,,,,,,,,,,,,,,,,,,,,,,,,,,,,,,,,,,,,,,,,,,,,,,,,,,,,,,,,,,,,,,,,,,,,,,,,,,,,,,,,,,,,,,,,,,,,,,,,,,,,,,,,,,,,,,,,,,,,,,,,,,,,,,,,,,,,,,,,,,,,,,,
368,2009-09-01,,,,,,,,,,,,,,,,,,,,,,,,,,,,,,,,,,,,,,,,,,,,,,,,,,,,,,,,,,,,,,,,,,,,,,,,,,,,,,,,,,,,,,,,,,,,,,,,,,,,,,,,,,,,,,,,,,,,,,,,,,,,,,,,,,,,,,,,,,,,,,,,,,,,,,,,,,,,,,,,,,,,,,,,,,,,,,,,,,,,,,,,,,,,,,,,,,,,,,,,,,,,,,,,,,,,,,,,,,,,,,,,,,,,,,,,,,,,,,,,,,,,,
369,2009-10-01,,,,,,,,,,,,,,,,,,,,,,,,,,,,,,,,,,,,,,,,,,,,,,,,,,,,,,,,,,,,,,,,,,,,,,,,,,,,,,,,,,,,,,,,,,,,,,,,,,,,,,,,,,,,,,,,,,,,,,,,,,,,,,,,,,,,,,,,,,,,,,,,,,,,,,,,,,,,,,,,,,,,,,,,,,,,,,,,,,,,,,,,,,,,,,,,,,,,,,,,,,,,,,,,,,,,,,,,,,,,,,,,,,,,,,,,,,,,,,,,,,,,,
370,2009-11-01,,,,,,,,,,,,,,,,,,,,,,,,,,,,,,,,,,,,,,,,,,,,,,,,,,,,,,,,,,,,,,,,,,,,,,,,,,,,,,,,,,,,,,,,,,,,,,,,,,,,,,,,,,,,,,,,,,,,,,,,,,,,,,,,,,,,,,,,,,,,,,,,,,,,,,,,,,,,,,,,,,,,,,,,,,,,,,,,,,,,,,,,,,,,,,,,,,,,,,,,,,,,,,,,,,,,,,,,,,,,,,,,,,,,,,,,,,,,,,,,,,,,,
371,2009-12-01,,,,,,,,,,,,,,,,,,,,,,,,,,,,,,,,,,,,,,,,,,,,,,,,,,,,,,,,,,,,,,,,,,,,,,,,,,,,,,,,,,,,,,,,,,,,,,,,,,,,,,,,,,,,,,,,,,,,,,,,,,,,,,,,,,,,,,,,,,,,,,,,,,,,,,,,,,,,,,,,,,,,,,,,,,,,,,,,,,,,,,,,,,,,,,,,,,,,,,,,,,,,,,,,,,,,,,,,,,,,,,,,,,,,,,,,,,,,,,,,,,,,,
372,2010-01-01,,,,,,,,,,,,,,,,,,,,,,,,,,,,,,,,,,,,,,,,,,,,,,,,,,,,,,,,,,,,,,,,,,,,,,,,,,,,,,,,,,,,,,,,,,,,,,,,,,,,,,,,,,,,,,,,,,,,,,,,,,,,,,,,,,,,,,,,,,,,,,,,,,,,,,,,,,,,,,,,,,,,,,,,,,,,,,,,,,,,,,,,,,,,,,,,,,,,,,,,,,,,,,,,,,,,,,,,,,,,,,,,,,,,,,,,,,,,,,,,,,,,,
373,2010-02-01,,,,,,,,,,,,,,,,,,,,,,,,,,,,,,,,,,,,,,,,,,,,,,,,,,,,,,,,,,,,,,,,,,,,,,,,,,,,,,,,,,,,,,,,,,,,,,,,,,,,,,,,,,,,,,,,,,,,,,,,,,,,,,,,,,,,,,,,,,,,,,,,,,,,,,,,,,,,,,,,,,,,,,,,,,,,,,,,,,,,,,,,,,,,,,,,,,,,,,,,,,,,,,,,,,,,,,,,,,,,,,,,,,,,,,,,,,,,,,,,,,,,,
374,2010-03-01,,,,,,,,,,,,,,,,,,,,,,,,,,,,,,,,,,,,,,,,,,,,,,,,,,,,,,,,,,,,,,,,,,,,,,,,,,,,,,,,,,,,,,,,,,,,,,,,,,,,,,,,,,,,,,,,,,,,,,,,,,,,,,,,,,,,,,,,,,,,,,,,,,,,,,,,,,,,,,,,,,,,,,,,,,,,,,,,,,,,,,,,,,,,,,,,,,,,,,,,,,,,,,,,,,,,,,,,,,,,,,,,,,,,,,,,,,,,,,,,,,,,,
375,2010-04-01,,,,,,,,,,,,,,,,,,,,,,,,,,,,,,,,,,,,,,,,,,,,,,,,,,,,,,,,,,,,,,,,,,,,,,,,,,,,,,,,,,,,,,,,,,,,,,,,,,,,,,,,,,,,,,,,,,,,,,,,,,,,,,,,,,,,,,,,,,,,,,,,,,,,,,,,,,,,,,,,,,,,,,,,,,,,,,,,,,,,,,,,,,,,,,,,,,,,,,,,,,,,,,,,,,,,,,,,,,,,,,,,,,,,,,,,,,,,,,,,,,,,,
376,2010-05-01,,,,,,,,,,,,,,,,,,,,,,,,,,,,,,,,,,,,,,,,,,,,,,,,,,,,,,,,,,,,,,,,,,,,,,,,,,,,,,,,,,,,,,,,,,,,,,,,,,,,,,,,,,,,,,,,,,,,,,,,,,,,,,,,,,,,,,,,,,,,,,,,,,,,,,,,,,,,,,,,,,,,,,,,,,,,,,,,,,,,,,,,,,,,,,,,,,,,,,,,,,,,,,,,,,,,,,,,,,,,,,,,,,,,,,,,,,,,,,,,,,,,,
377,2010-06-01,,,,,,,,,,,,,,,,,,,,,,,,,,,,,,,,,,,,,,,,,,,,,,,,,,,,,,,,,,,,,,,,,,,,,,,,,,,,,,,,,,,,,,,,,,,,,,,,,,,,,,,,,,,,,,,,,,,,,,,,,,,,,,,,,,,,,,,,,,,,,,,,,,,,,,,,,,,,,,,,,,,,,,,,,,,,,,,,,,,,,,,,,,,,,,,,,,,,,,,,,,,,,,,,,,,,,,,,,,,,,,,,,,,,,,,,,,,,,,,,,,,,,
378,2010-07-01,6.56402373046875,9.211685888671875,5.146597998046874,14.905921874999999,5.417678466796875,7.6219775390625,7.7920828124999995,8.9302494140625,9.141213574218751,4.52944599609375,16.8745904296875,15.9187412109375,5.833795898437501,5.7694530761718745,9.252448974609374,8.833217431640625,42.3105134765625,13.00239580078125,5.993824438476563,11.02485673828125,7.57527046875,13.069055126953124,8.99283076171875,9.439438842773438,9.674693701171876,4.557105395507812,9.6854663671875,17.356467041015623,6.142951867675781,11.3213703515625,8.175913066406249,8.245889020647322,34.26546357421875,5.770919845145089,8.66552255859375,26.8723782421875,14.385123130580357,6.009325927734375,13.331291748046874,4.984315048828124,7.7038277343749995,4.758099697265625,16.6865540625,5.181292880859376,15.066517801339286,5.9574427734375,12.180281333705356,6.941253779296875,,12.906059765624999,2.752832768554687,2.2873252807617184,2.0196056030273435,2.646255358886719,1.9845601684570313,3.551672973632812,6.889942895507812,2.7410537109375,6.039962622070313,4.586573232421875,4.549754267578125,5.3724468750000005,2.0407626708984377,2.245753125,1.7515757080078125,1.6773064819335939,2.1730190917968746,2.2997386596679683,1.6538601300920759,1.7396112147739955,1.9175853881835936,3.0222370605468747,2.5664423291015623,2.085174243164062,2.8747686181640626,2.7059830078125002,1.7205751831054688,1.8799226806640625,2.0666519824218748,1.9940237548828126,3.4338879638671873,1.6217413146972657,1.7428705993652345,1.6145369750976561,12.96925927734375,3.8826429931640623,1.9758365844726562,2.167297822265625,4.308973168945312,1.2822162451171875,6.37717880859375,2.3329864013671875,2.2770882568359374,7.528262402343749,1.9222734375000001,2.590454945591518,1.8612031860351563,1.3242307041713168,4.65723601422991,2.766165788922991,65.79940546875,57.428703515624996,47.3234876953125,81.9599361328125,54.536087695312496,,44.920861774553565,52.42157075892857,47.29693828125,36.411976506696426,21.02726109375,35.813700703125,33.174985781249994,33.5167248046875,27.391898144531247,44.912524218749994,37.08037001953125,46.879959375,10.96925677734375,36.696526171875,47.67964921875,39.3054,49.0705412109375,49.620487499999996,36.370448437499995,51.12654157366071,33.459990234375,45.21119062499999,38.6604615234375,44.8970982421875,,49.4089828125,,,38.890494140624995,35.3851119140625,,,,,,50.439540234375,39.215021484375,38.6560734375,34.20426708984375,43.3743345703125,45.0587337890625,39.396470625,,,18.669575390625,81.05691445312499,,45.665655468749996,22.5470056640625,,,22.2576380859375,25.315734374999998,31.968657421874997,22.921871484375,49.099594921874996,34.4065528125,18.4986207421875,27.6404466796875,18.7021423828125,44.5412390625,18.866896875,47.331175781249996,19.533271289062498,23.305123828124998,22.13938388671875,42.72835195312499,35.8604671875,38.37585234375,23.2153224609375,25.801079882812502,48.829149609375,36.177652265625,18.367385742187498,25.62821015625,19.46529140625,27.95699953125,3.9914135156249997,34.9214115234375,30.710151562500002,20.9172561328125,27.767959101562496,17.74436203125,30.262999218749997,21.9146466796875,50.236500234375,22.229464921875,35.852878828125,21.245004140625,29.9032734375,32.010590390625,19.148900537109373,18.663575390625,37.754886328125004,5.71028115234375,21.5985498046875,11.36541474609375,10.32933046875,3.92023037109375,17.8311779296875,18.344937304687498,18.0807345703125,7.69215146484375,31.4394873046875,16.4373626953125,26.7007130859375,16.52894296875,27.694395703125,11.520102832031249,11.401829296875,8.8569791015625,6.569704028320312,30.953993714488636,28.1312349609375,24.463613671875,6.8683860351562505,12.313452392578125,10.6484390625,8.314477441406249,5.952910128348214,8.589540234374999,9.394211425781249,9.21117216796875,17.214193798828124,9.216910400390624,14.312686376953124,13.888954561941963,16.061298046875,10.71996099609375,22.521405202414773,12.674197558593749,7.155243713378906,14.331417993164061,8.42849736328125,9.271204021661932,9.913152696814905,8.418380022321427,11.742861108398436,11.710581884765624
379,2010-08-01,,,,,,,,,,,,,,,,,,,,,,,,,,,,,,,,,,,,,,,,,,,,,,,,,,,,,,,,,,,,,,,,,,,,,,,,,,,,,,,,,,,,,,,,,,,,,,,,,,,,,,,,,,,,,,,,,,,,,,,,,,,,,,,,,,,,,,,,,,,,,,,,,,,,,,,,,,,,,,,,,,,,,,,,,,,,,,,,,,,,,,,,,,,,,,,,,,,,,,,,,,,,,,,,,,,,,,,,,,,,,,,,,,,,,,,,,,,,,,,,,,,,,
380,2010-09-01,,,,,,,,,,,,,,,,,,,,,,,,,,,,,,,,,,,,,,,,,,,,,,,,,,,,,,,,,,,,,,,,,,,,,,,,,,,,,,,,,,,,,,,,,,,,,,,,,,,,,,,,,,,,,,,,,,,,,,,,,,,,,,,,,,,,,,,,,,,,,,,,,,,,,,,,,,,,,,,,,,,,,,,,,,,,,,,,,,,,,,,,,,,,,,,,,,,,,,,,,,,,,,,,,,,,,,,,,,,,,,,,,,,,,,,,,,,,,,,,,,,,,
381,2010-10-01,,,,,,,,,,,,,,,,,,,,,,,,,,,,,,,,,,,,,,,,,,,,,,,,,,,,,,,,,,,,,,,,,,,,,,,,,,,,,,,,,,,,,,,,,,,,,,,,,,,,,,,,,,,,,,,,,,,,,,,,,,,,,,,,,,,,,,,,,,,,,,,,,,,,,,,,,,,,,,,,,,,,,,,,,,,,,,,,,,,,,,,,,,,,,,,,,,,,,,,,,,,,,,,,,,,,,,,,,,,,,,,,,,,,,,,,,,,,,,,,,,,,,
382,2010-11-01,,,,,,,,,,,,,,,,,,,,,,,,,,,,,,,,,,,,,,,,,,,,,,,,,,,,,,,,,,,,,,,,,,,,,,,,,,,,,,,,,,,,,,,,,,,,,,,,,,,,,,,,,,,,,,,,,,,,,,,,,,,,,,,,,,,,,,,,,,,,,,,,,,,,,,,,,,,,,,,,,,,,,,,,,,,,,,,,,,,,,,,,,,,,,,,,,,,,,,,,,,,,,,,,,,,,,,,,,,,,,,,,,,,,,,,,,,,,,,,,,,,,,
383,2010-12-01,,,,,,,,,,,,,,,,,,,,,,,,,,,,,,,,,,,,,,,,,,,,,,,,,,,,,,,,,,,,,,,,,,,,,,,,,,,,,,,,,,,,,,,,,,,,,,,,,,,,,,,,,,,,,,,,,,,,,,,,,,,,,,,,,,,,,,,,,,,,,,,,,,,,,,,,,,,,,,,,,,,,,,,,,,,,,,,,,,,,,,,,,,,,,,,,,,,,,,,,,,,,,,,,,,,,,,,,,,,,,,,,,,,,,,,,,,,,,,,,,,,,,
384,2011-01-01,,,,,,,,,,,,,,,,,,,,,,,,,,,,,,,,,,,,,,,,,,,,,,,,,,,,,,,,,,,,,,,,,,,,,,,,,,,,,,,,,,,,,,,,,,,,,,,,,,,,,,,,,,,,,,,,,,,,,,,,,,,,,,,,,,,,,,,,,,,,,,,,,,,,,,,,,,,,,,,,,,,,,,,,,,,,,,,,,,,,,,,,,,,,,,,,,,,,,,,,,,,,,,,,,,,,,,,,,,,,,,,,,,,,,,,,,,,,,,,,,,,,,
385,2011-02-01,,,,,,,,,,,,,,,,,,,,,,,,,,,,,,,,,,,,,,,,,,,,,,,,,,,,,,,,,,,,,,,,,,,,,,,,,,,,,,,,,,,,,,,,,,,,,,,,,,,,,,,,,,,,,,,,,,,,,,,,,,,,,,,,,,,,,,,,,,,,,,,,,,,,,,,,,,,,,,,,,,,,,,,,,,,,,,,,,,,,,,,,,,,,,,,,,,,,,,,,,,,,,,,,,,,,,,,,,,,,,,,,,,,,,,,,,,,,,,,,,,,,,
386,2011-03-01,,,,,,,,,,,,,,,,,,,,,,,,,,,,,,,,,,,,,,,,,,,,,,,,,,,,,,,,,,,,,,,,,,,,,,,,,,,,,,,,,,,,,,,,,,,,,,,,,,,,,,,,,,,,,,,,,,,,,,,,,,,,,,,,,,,,,,,,,,,,,,,,,,,,,,,,,,,,,,,,,,,,,,,,,,,,,,,,,,,,,,,,,,,,,,,,,,,,,,,,,,,,,,,,,,,,,,,,,,,,,,,,,,,,,,,,,,,,,,,,,,,,,
387,2011-04-01,,,,,,,,,,,,,,,,,,,,,,,,,,,,,,,,,,,,,,,,,,,,,,,,,,,,,,,,,,,,,,,,,,,,,,,,,,,,,,,,,,,,,,,,,,,,,,,,,,,,,,,,,,,,,,,,,,,,,,,,,,,,,,,,,,,,,,,,,,,,,,,,,,,,,,,,,,,,,,,,,,,,,,,,,,,,,,,,,,,,,,,,,,,,,,,,,,,,,,,,,,,,,,,,,,,,,,,,,,,,,,,,,,,,,,,,,,,,,,,,,,,,,
388,2011-05-01,,,,,,,,,,,,,,,,,,,,,,,,,,,,,,,,,,,,,,,,,,,,,,,,,,,,,,,,,,,,,,,,,,,,,,,,,,,,,,,,,,,,,,,,,,,,,,,,,,,,,,,,,,,,,,,,,,,,,,,,,,,,,,,,,,,,,,,,,,,,,,,,,,,,,,,,,,,,,,,,,,,,,,,,,,,,,,,,,,,,,,,,,,,,,,,,,,,,,,,,,,,,,,,,,,,,,,,,,,,,,,,,,,,,,,,,,,,,,,,,,,,,,
389,2011-06-01,,,,,,,,,,,,,,,,,,,,,,,,,,,,,,,,,,,,,,,,,,,,,,,,,,,,,,,,,,,,,,,,,,,,,,,,,,,,,,,,,,,,,,,,,,,,,,,,,,,,,,,,,,,,,,,,,,,,,,,,,,,,,,,,,,,,,,,,,,,,,,,,,,,,,,,,,,,,,,,,,,,,,,,,,,,,,,,,,,,,,,,,,,,,,,,,,,,,,,,,,,,,,,,,,,,,,,,,,,,,,,,,,,,,,,,,,,,,,,,,,,,,,
390,2011-07-01,6.5513302734375,9.172141918945313,5.13446220703125,14.87301303013393,5.399902566964285,7.6390468191964285,7.726795689174106,8.894675390625,9.110566029575892,4.50716572265625,16.87829677734375,15.89834970703125,5.73603662109375,5.7807134765625,9.279732568359375,8.852712388392856,41.533248632812494,12.9488234765625,5.999014423828124,10.9988630859375,7.568580761718749,13.076614013671874,8.940395068359374,9.418514794921874,9.649751806640625,4.5332685058593745,9.665326004464287,17.26225166015625,6.102053686523437,11.278524902343749,8.1512185546875,8.276187179129463,34.0276998046875,5.759218150111607,8.608856961495535,26.687698828124997,14.387237276785713,5.990324326171875,13.597625039062502,5.0289807128906245,7.7099879882812505,4.751837578125,16.6960290234375,5.155436337890625,15.043961865234374,5.926884411621094,12.16029111328125,6.8639846484375,9.43803984375,12.90674443359375,2.725543487548828,2.290557275390625,2.0265490283203125,2.6363865234375,1.9746742675781248,3.5427535400390626,6.839030830078125,2.767289150390625,6.007385214843749,4.56316224609375,4.537471838378906,5.364892529296875,2.0382000732421877,2.240170751953125,1.7479929199218749,1.673252490234375,2.1547114013671873,2.2972197509765624,1.64607978515625,1.7340246826171875,1.907508544921875,3.0213264770507813,2.5897569213867184,2.0785943298339844,2.8604147460937503,2.7033875244140626,1.7179595947265625,1.8747391113281249,2.0482380615234375,1.9735573095703125,3.4362097229003905,1.615048516845703,1.7572933135986326,1.6042466491699219,12.899719555664062,3.844325170898437,1.9673382019042966,2.143252276611328,4.285237390136719,1.2713583251953124,6.3520435546875,2.328566748046875,,,,2.587570751953125,1.8481632385253906,1.299513427734375,4.640163071986607,2.780980114746094,64.9321842548077,57.48650886418269,47.560200732421876,82.148934375,54.1225107421875,44.28539296875,44.702279296875005,52.491744140625,47.3094685546875,36.0895798828125,21.1654599609375,35.62409091796874,33.14451708984375,33.569813671874996,27.23419185267857,44.9945033203125,36.9666931640625,46.80094921875,10.94808603515625,36.539087695312496,48.09693465401785,39.257073984375,48.817114955357134,49.71030970982143,36.214371679687495,50.91538409598214,33.408579375,45.05385170454545,38.552066015624995,44.647159570312496,40.000925390625,49.531905468750004,46.992357421875,60.3441,38.755053984375,35.339789062499996,,35.585623828125,18.89737822265625,,46.862996484375,50.4198380859375,39.1748021484375,38.63143906249999,33.94094853515625,43.56955898437499,44.630776171875,39.320709375,29.5232361328125,33.3868482421875,18.76289296875,81.254457421875,45.881356640625,45.942964453125,22.665783398437497,18.7177939453125,53.52432890625,22.2576380859375,25.275929296875002,31.768025390625,22.713950390624998,48.778239843749994,34.381557421874994,18.35615859375,27.6338255859375,18.7107697265625,44.600220703125,18.8245283203125,47.39102578125,19.5090978515625,23.2549904296875,22.044290625,,,,,25.7854658203125,48.53277421875,36.643901953125,18.29447138671875,25.129340771484376,19.234054335937497,27.787461767578122,3.9886224609375,34.8886265625,30.588746484374997,20.8954880859375,27.7212234375,17.709556640625,30.29354296875,21.87238828125,50.181120703125,22.202794921875,35.803648828125,21.29441923828125,29.880188085937498,31.84638046875,19.069485644531248,18.674237109375,37.853356640624995,5.697231591796875,21.5985216796875,11.33285537109375,10.32362666015625,3.925853173828125,17.79418212890625,18.40630517578125,18.083211328125,7.6825045898437505,31.3805109375,16.4200306640625,26.70064453125,16.50807158203125,27.7436830078125,11.514846972656251,11.382006005859374,8.815995703125,6.553696728515625,30.595462499999996,28.1236974609375,24.44524541015625,6.841399658203125,12.286995556640624,10.62254560546875,8.28086044921875,5.91238388671875,8.517365771484375,9.1837585546875,8.8822935546875,17.006898046875,8.9147474609375,14.100733789062499,13.760191625976562,15.7201560546875,10.67164775390625,22.20108896484375,12.569424389648438,6.9980561035156255,14.0680669921875,8.29664970703125,9.30073720703125,9.87594892578125,8.33481103515625,11.50571328125,11.661048632812498
391,2011-08-01,,,,,,,,,,,,,,,,,,,,,,,,,,,,,,,,,,,,,,,,,,,,,,,,,,,,,,,,,,,,,,,,,,,,,,,,,,,,,,,,,,,,,,,,,,,,,,,,,,,,,,,,,,,,,,,,,,,,,,,,,,,,,,,,,,,,,,,,,,,,,,,,,,,,,,,,,,,,,,,,,,,,,,,,,,,,,,,,,,,,,,,,,,,,,,,,,,,,,,,,,,,,,,,,,,,,,,,,,,,,,,,,,,,,,,,,,,,,,,,,,,,,,
392,2011-09-01,,,,,,,,,,,,,,,,,,,,,,,,,,,,,,,,,,,,,,,,,,,,,,,,,,,,,,,,,,,,,,,,,,,,,,,,,,,,,,,,,,,,,,,,,,,,,,,,,,,,,,,,,,,,,,,,,,,,,,,,,,,,,,,,,,,,,,,,,,,,,,,,,,,,,,,,,,,,,,,,,,,,,,,,,,,,,,,,,,,,,,,,,,,,,,,,,,,,,,,,,,,,,,,,,,,,,,,,,,,,,,,,,,,,,,,,,,,,,,,,,,,,,
393,2011-10-01,,,,,,,,,,,,,,,,,,,,,,,,,,,,,,,,,,,,,,,,,,,,,,,,,,,,,,,,,,,,,,,,,,,,,,,,,,,,,,,,,,,,,,,,,,,,,,,,,,,,,,,,,,,,,,,,,,,,,,,,,,,,,,,,,,,,,,,,,,,,,,,,,,,,,,,,,,,,,,,,,,,,,,,,,,,,,,,,,,,,,,,,,,,,,,,,,,,,,,,,,,,,,,,,,,,,,,,,,,,,,,,,,,,,,,,,,,,,,,,,,,,,,
394,2011-11-01,,,,,,,,,,,,,,,,,,,,,,,,,,,,,,,,,,,,,,,,,,,,,,,,,,,,,,,,,,,,,,,,,,,,,,,,,,,,,,,,,,,,,,,,,,,,,,,,,,,,,,,,,,,,,,,,,,,,,,,,,,,,,,,,,,,,,,,,,,,,,,,,,,,,,,,,,,,,,,,,,,,,,,,,,,,,,,,,,,,,,,,,,,,,,,,,,,,,,,,,,,,,,,,,,,,,,,,,,,,,,,,,,,,,,,,,,,,,,,,,,,,,,
395,2011-12-01,,,,,,,,,,,,,,,,,,,,,,,,,,,,,,,,,,,,,,,,,,,,,,,,,,,,,,,,,,,,,,,,,,,,,,,,,,,,,,,,,,,,,,,,,,,,,,,,,,,,,,,,,,,,,,,,,,,,,,,,,,,,,,,,,,,,,,,,,,,,,,,,,,,,,,,,,,,,,,,,,,,,,,,,,,,,,,,,,,,,,,,,,,,,,,,,,,,,,,,,,,,,,,,,,,,,,,,,,,,,,,,,,,,,,,,,,,,,,,,,,,,,,
396,2012-01-01,,,,,,,,,,,,,,,,,,,,,,,,,,,,,,,,,,,,,,,,,,,,,,,,,,,,,,,,,,,,,,,,,,,,,,,,,,,,,,,,,,,,,,,,,,,,,,,,,,,,,,,,,,,,,,,,,,,,,,,,,,,,,,,,,,,,,,,,,,,,,,,,,,,,,,,,,,,,,,,,,,,,,,,,,,,,,,,,,,,,,,,,,,,,,,,,,,,,,,,,,,,,,,,,,,,,,,,,,,,,,,,,,,,,,,,,,,,,,,,,,,,,,
397,2012-02-01,,,,,,,,,,,,,,,,,,,,,,,,,,,,,,,,,,,,,,,,,,,,,,,,,,,,,,,,,,,,,,,,,,,,,,,,,,,,,,,,,,,,,,,,,,,,,,,,,,,,,,,,,,,,,,,,,,,,,,,,,,,,,,,,,,,,,,,,,,,,,,,,,,,,,,,,,,,,,,,,,,,,,,,,,,,,,,,,,,,,,,,,,,,,,,,,,,,,,,,,,,,,,,,,,,,,,,,,,,,,,,,,,,,,,,,,,,,,,,,,,,,,,
398,2012-03-01,,,,,,,,,,,,,,,,,,,,,,,,,,,,,,,,,,,,,,,,,,,,,,,,,,,,,,,,,,,,,,,,,,,,,,,,,,,,,,,,,,,,,,,,,,,,,,,,,,,,,,,,,,,,,,,,,,,,,,,,,,,,,,,,,,,,,,,,,,,,,,,,,,,,,,,,,,,,,,,,,,,,,,,,,,,,,,,,,,,,,,,,,,,,,,,,,,,,,,,,,,,,,,,,,,,,,,,,,,,,,,,,,,,,,,,,,,,,,,,,,,,,,
399,2012-04-01,,,,,,,,,,,,,,,,,,,,,,,,,,,,,,,,,,,,,,,,,,,,,,,,,,,,,,,,,,,,,,,,,,,,,,,,,,,,,,,,,,,,,,,,,,,,,,,,,,,,,,,,,,,,,,,,,,,,,,,,,,,,,,,,,,,,,,,,,,,,,,,,,,,,,,,,,,,,,,,,,,,,,,,,,,,,,,,,,,,,,,,,,,,,,,,,,,,,,,,,,,,,,,,,,,,,,,,,,,,,,,,,,,,,,,,,,,,,,,,,,,,,,
400,2012-05-01,,,,,,,,,,,,,,,,,,,,,,,,,,,,,,,,,,,,,,,,,,,,,,,,,,,,,,,,,,,,,,,,,,,,,,,,,,,,,,,,,,,,,,,,,,,,,,,,,,,,,,,,,,,,,,,,,,,,,,,,,,,,,,,,,,,,,,,,,,,,,,,,,,,,,,,,,,,,,,,,,,,,,,,,,,,,,,,,,,,,,,,,,,,,,,,,,,,,,,,,,,,,,,,,,,,,,,,,,,,,,,,,,,,,,,,,,,,,,,,,,,,,,
401,2012-06-01,,,,,,,,,,,,,,,,,,,,,,,,,,,,,,,,,,,,,,,,,,,,,,,,,,,,,,,,,,,,,,,,,,,,,,,,,,,,,,,,,,,,,,,,,,,,,,,,,,,,,,,,,,,,,,,,,,,,,,,,,,,,,,,,,,,,,,,,,,,,,,,,,,,,,,,,,,,,,,,,,,,,,,,,,,,,,,,,,,,,,,,,,,,,,,,,,,,,,,,,,,,,,,,,,,,,,,,,,,,,,,,,,,,,,,,,,,,,,,,,,,,,,
402,2012-07-01,6.53470224609375,,5.122734521484375,14.865873046875,5.3865514160156245,7.64147373046875,7.6643103515624995,8.860937695312499,9.09709716796875,4.48450048828125,,,,5.78493720703125,9.31457900390625,,,12.916705078125,6.0080888671874995,,,,,,,,,,,,,,,,,,,,,,,,,,15.018384375,5.901116748046875,12.14623125,,,,,,,,,,,,,,,,,,,,,2.29578134765625,1.63771962890625,1.7314687133789064,1.9031621704101562,3.0199784912109373,2.5997148193359374,2.071812817382812,2.852079455566406,,1.7172294433593749,1.8733341796875,,,,,,,,,,,4.27488486328125,1.264627880859375,,2.3240590576171876,2.25826259765625,7.496905078125,1.8769612060546874,,,,,,64.35194765624999,57.177952734375,47.778318582589286,,53.8612154296875,,44.646191015625,52.50174345703125,47.282909765625,35.884880859374995,21.230497265625,,,,27.01386826171875,44.955706640624996,36.933278906249996,,10.936603125,36.566825390625,,,,,36.01363359375,,33.370807031249996,44.9676263671875,38.494676953125,,,49.63963125,,,,35.30851875,,35.5795453125,,,46.5101578125,,39.14252578125,,,,44.11109296875,39.28227890625,29.423628808593747,33.3064529296875,18.8247779296875,,45.964079296875,,22.7859626953125,,,,,31.537508203125,,48.545803125,34.36144453125,18.2648654296875,,,,,,,,21.976611328125,,,,23.244338671875,25.7735583984375,48.043415917968744,37.050076171875,18.268253173828125,24.539976123046873,18.933506015625,27.63716220703125,3.970692443847656,34.864074316406246,30.5145263671875,,,17.700931054687498,30.3126328125,21.842343749999998,,,,,,31.764343359374998,18.9827630859375,,37.9224263671875,5.6825794921875,21.5985216796875,11.3243888671875,10.336899902343749,3.924511083984375,17.766629296875,18.445921875,18.076870898437498,7.67644892578125,,16.408907226562498,26.681417578125,16.5064552734375,27.844569140624998,11.499205957031249,11.3640697265625,8.78410107421875,6.5541357421874995,30.3517271484375,28.119128906249998,24.4166537109375,6.826927587890625,12.259508203125,10.598464599609375,8.254768945312499,5.8905694335937495,8.48339296875,,,,,,13.7084537109375,,,,,,,,,9.794367685546876,,,
403,2012-08-01,,,,,,,,,,,,,,,,,,,,,,,,,,,,,,,,,,,,,,,,,,,,,,,,,,,,,,,,,,,,,,,,,,,,,,,,,,,,,,,,,,,,,,,,,,,,,,,,,,,,,,,,,,,,,,,,,,,,,,,,,,,,,,,,,,,,,,,,,,,,,,,,,,,,,,,,,,,,,,,,,,,,,,,,,,,,,,,,,,,,,,,,,,,,,,,,,,,,,,,,,,,,,,,,,,,,,,,,,,,,,,,,,,,,,,,,,,,,,,,,,,,,,
404,2012-09-01,,,,,,,,,,,,,,,,,,,,,,,,,,,,,,,,,,,,,,,,,,,,,,,,,,,,,,,,,,,,,,,,,,,,,,,,,,,,,,,,,,,,,,,,,,,,,,,,,,,,,,,,,,,,,,,,,,,,,,,,,,,,,,,,,,,,,,,,,,,,,,,,,,,,,,,,,,,,,,,,,,,,,,,,,,,,,,,,,,,,,,,,,,,,,,,,,,,,,,,,,,,,,,,,,,,,,,,,,,,,,,,,,,,,,,,,,,,,,,,,,,,,,
405,2012-10-01,,,,,,,,,,,,,,,,,,,,,,,,,,,,,,,,,,,,,,,,,,,,,,,,,,,,,,,,,,,,,,,,,,,,,,,,,,,,,,,,,,,,,,,,,,,,,,,,,,,,,,,,,,,,,,,,,,,,,,,,,,,,,,,,,,,,,,,,,,,,,,,,,,,,,,,,,,,,,,,,,,,,,,,,,,,,,,,,,,,,,,,,,,,,,,,,,,,,,,,,,,,,,,,,,,,,,,,,,,,,,,,,,,,,,,,,,,,,,,,,,,,,,
406,2012-11-01,,,,,,,,,,,,,,,,,,,,,,,,,,,,,,,,,,,,,,,,,,,,,,,,,,,,,,,,,,,,,,,,,,,,,,,,,,,,,,,,,,,,,,,,,,,,,,,,,,,,,,,,,,,,,,,,,,,,,,,,,,,,,,,,,,,,,,,,,,,,,,,,,,,,,,,,,,,,,,,,,,,,,,,,,,,,,,,,,,,,,,,,,,,,,,,,,,,,,,,,,,,,,,,,,,,,,,,,,,,,,,,,,,,,,,,,,,,,,,,,,,,,,
407,2012-12-01,,,,,,,,,,,,,,,,,,,,,,,,,,,,,,,,,,,,,,,,,,,,,,,,,,,,,,,,,,,,,,,,,,,,,,,,,,,,,,,,,,,,,,,,,,,,,,,,,,,,,,,,,,,,,,,,,,,,,,,,,,,,,,,,,,,,,,,,,,,,,,,,,,,,,,,,,,,,,,,,,,,,,,,,,,,,,,,,,,,,,,,,,,,,,,,,,,,,,,,,,,,,,,,,,,,,,,,,,,,,,,,,,,,,,,,,,,,,,,,,,,,,,
408,2013-01-01,,,,,,,,,,,,,,,,,,,,,,,,,,,,,,,,,,,,,,,,,,,,,,,,,,,,,,,,,,,,,,,,,,,,,,,,,,,,,,,,,,,,,,,,,,,,,,,,,,,,,,,,,,,,,,,,,,,,,,,,,,,,,,,,,,,,,,,,,,,,,,,,,,,,,,,,,,,,,,,,,,,,,,,,,,,,,,,,,,,,,,,,,,,,,,,,,,,,,,,,,,,,,,,,,,,,,,,,,,,,,,,,,,,,,,,,,,,,,,,,,,,,,
409,2013-02-01,,,,,,,,,,,,,,,,,,,,,,,,,,,,,,,,,,,,,,,,,,,,,,,,,,,,,,,,,,,,,,,,,,,,,,,,,,,,,,,,,,,,,,,,,,,,,,,,,,,,,,,,,,,,,,,,,,,,,,,,,,,,,,,,,,,,,,,,,,,,,,,,,,,,,,,,,,,,,,,,,,,,,,,,,,,,,,,,,,,,,,,,,,,,,,,,,,,,,,,,,,,,,,,,,,,,,,,,,,,,,,,,,,,,,,,,,,,,,,,,,,,,,
410,2013-03-01,,,,,,,,,,,,,,,,,,,,,,,,,,,,,,,,,,,,,,,,,,,,,,,,,,,,,,,,,,,,,,,,,,,,,,,,,,,,,,,,,,,,,,,,,,,,,,,,,,,,,,,,,,,,,,,,,,,,,,,,,,,,,,,,,,,,,,,,,,,,,,,,,,,,,,,,,,,,,,,,,,,,,,,,,,,,,,,,,,,,,,,,,,,,,,,,,,,,,,,,,,,,,,,,,,,,,,,,,,,,,,,,,,,,,,,,,,,,,,,,,,,,,
411,2013-04-01,,,,,,,,,,,,,,,,,,,,,,,,,,,,,,,,,,,,,,,,,,,,,,,,,,,,,,,,,,,,,,,,,,,,,,,,,,,,,,,,,,,,,,,,,,,,,,,,,,,,,,,,,,,,,,,,,,,,,,,,,,,,,,,,,,,,,,,,,,,,,,,,,,,,,,,,,,,,,,,,,,,,,,,,,,,,,,,,,,,,,,,,,,,,,,,,,,,,,,,,,,,,,,,,,,,,,,,,,,,,,,,,,,,,,,,,,,,,,,,,,,,,,
412,2013-05-01,,,,,,,,,,,,,,,,,,,,,,,,,,,,,,,,,,,,,,,,,,,,,,,,,,,,,,,,,,,,,,,,,,,,,,,,,,,,,,,,,,,,,,,,,,,,,,,,,,,,,,,,,,,,,,,,,,,,,,,,,,,,,,,,,,,,,,,,,,,,,,,,,,,,,,,,,,,,,,,,,,,,,,,,,,,,,,,,,,,,,,,,,,,,,,,,,,,,,,,,,,,,,,,,,,,,,,,,,,,,,,,,,,,,,,,,,,,,,,,,,,,,,
413,2013-06-01,,,,,,,,,,,,,,,,,,,,,,,,,,,,,,,,,,,,,,,,,,,,,,,,,,,,,,,,,,,,,,,,,,,,,,,,,,,,,,,,,,,,,,,,,,,,,,,,,,,,,,,,,,,,,,,,,,,,,,,,,,,,,,,,,,,,,,,,,,,,,,,,,,,,,,,,,,,,,,,,,,,,,,,,,,,,,,,,,,,,,,,,,,,,,,,,,,,,,,,,,,,,,,,,,,,,,,,,,,,,,,,,,,,,,,,,,,,,,,,,,,,,,
414,2013-07-01,6.503225146484374,9.1187525390625,5.113661645507812,14.866737597656249,5.371890087890624,7.67090654296875,7.61895439453125,8.824115771484374,9.080614013671875,4.457604858398438,16.86895400390625,15.8608962890625,5.628827490234375,5.796494970703125,9.336646205357143,8.848949765625,40.957154296875004,12.885548876953125,6.01540048828125,10.949679667968748,7.55573203125,13.09260427734375,8.88621310546875,9.39440478515625,9.598076147460937,4.504174145507813,9.651952880859374,17.1858333984375,6.063149853515625,11.1934571484375,8.139119765625,8.354958984375001,33.8329125,5.7332642578125,8.564426953125,26.483757275390623,14.387080224609376,5.96562568359375,13.72340337890625,5.079678515625,7.704900585937499,4.746768603515625,16.716638671875,5.1352482421875,14.983585664062499,5.8672156640625,12.13720013671875,6.8124392578125,,,2.7069107299804687,2.2962411254882813,2.0388550048828127,2.627671435546875,1.9668237890625,3.5278977329799104,6.801812841796875,2.7754147265625,5.969429296875,4.540625181361607,4.523015112304687,5.342604272460938,2.0362277709960934,2.238908386230469,1.734350793457031,1.6625864318847656,2.1363771240234377,2.2968255981445314,1.6223709320068358,1.7260526596069337,1.896518408203125,3.0138312116350443,2.625645556640625,2.068485974121094,2.831995333426339,2.692509411621094,1.7091146850585937,1.863290295410156,2.0298157104492187,1.9579059228515625,3.437948254394531,1.607906167602539,1.76934111328125,1.5987128906249999,12.8420089453125,3.8077248779296875,1.961051257324219,2.1312761352539065,4.2580259765625,1.2599820556640624,6.338313720703125,2.3197740234375,2.246653894042969,7.494690234375,1.858437158203125,2.580087147739955,1.8395635253906248,1.2931372192382813,4.611743188476562,2.7844951904296877,63.95509160156249,56.777314746093744,48.0499634765625,82.43050859374999,53.314422890624996,43.78409009232954,44.569028671875,52.469656875,47.09860875,35.300749921875,21.362123018973215,35.5547126953125,33.124505625,33.5763010546875,26.801714229910715,44.99411484375,36.85241337890625,46.718296875,10.910799795809659,36.709316015625,48.4146896484375,39.099620089285715,48.68890078125,49.834975781249994,35.732781562499994,50.58431859375,33.32412869318182,44.801866947115386,38.434831171875,44.105941015625,40.0701533203125,49.769198437499995,47.16686513671875,61.241417578124995,38.6455025390625,35.2394578125,23.334888867187498,35.52711328125,18.277590234374998,35.25862265625,46.0711078125,50.3703298828125,39.117297656249995,38.619487265625,33.773240625,43.773860742187495,43.792576171875,39.24654408482143,29.34640634765625,33.240731835937495,18.931041650390625,81.3864065625,46.043709609375,46.5615228515625,22.89634541015625,18.701834765625,,,25.251837890624998,31.42571484375,22.3456048828125,48.389588085937504,34.417260351562504,18.22635087890625,27.48950712890625,18.669770214843748,44.7274209375,18.67677890625,47.33059453125,19.4497962890625,23.045666936383927,21.832024570312498,42.8863517578125,35.9045859375,38.40416953125,23.20276962890625,25.732729687499997,47.18064073660714,37.9550390625,18.227502120535714,23.716055859375,18.471908984375,27.447038964843745,3.94056826171875,34.818447656249994,30.411364453125,20.87089013671875,27.679953515624998,17.67036474609375,30.3544828125,21.79670009765625,50.103400195312496,22.1978373046875,35.72837841796875,21.293058984374998,29.869133203125,31.6078003125,18.873370195312496,18.680812834821428,38.09103328125,5.654189794921875,,,,3.929303759765625,17.743696875,18.484716796875,18.0967412109375,7.6755322265625,,16.402519335937498,26.662563281249998,16.5128501953125,27.860139843749998,11.49689267578125,11.35087294921875,8.765934082031249,,29.994721484375003,28.123509374999998,24.388147265624998,6.80934990234375,12.2429478515625,10.560981884765624,8.24465302734375,5.865587548828125,8.43951955078125,9.0852732421875,8.712015569196428,16.860127499999997,8.572037820870536,,13.5695745703125,,,22.044237890625,12.48296748046875,6.919417016601563,,8.1420228515625,9.347680224609375,9.690682963423296,8.162826708984374,11.380487109374998,11.619802880859375
415,2013-08-01,,,,,,,,,,,,,,,,,,,,,,,,,,,,,,,,,,,,,,,,,,,,,,,,,,,,,,,,,,,,,,,,,,,,,,,,,,,,,,,,,,,,,,,,,,,,,,,,,,,,,,,,,,,,,,,,,,,,,,,,,,,,,,,,,,,,,,,,,,,,,,,,,,,,,,,,,,,,,,,,,,,,,,,,,,,,,,,,,,,,,,,,,,,,,,,,,,,,,,,,,,,,,,,,,,,,,,,,,,,,,,,,,,,,,,,,,,,,,,,,,,,,,
416,2013-09-01,,,,,,,,,,,,,,,,,,,,,,,,,,,,,,,,,,,,,,,,,,,,,,,,,,,,,,,,,,,,,,,,,,,,,,,,,,,,,,,,,,,,,,,,,,,,,,,,,,,,,,,,,,,,,,,,,,,,,,,,,,,,,,,,,,,,,,,,,,,,,,,,,,,,,,,,,,,,,,,,,,,,,,,,,,,,,,,,,,,,,,,,,,,,,,,,,,,,,,,,,,,,,,,,,,,,,,,,,,,,,,,,,,,,,,,,,,,,,,,,,,,,,
417,2013-10-01,,,,,,,,,,,,,,,,,,,,,,,,,,,,,,,,,,,,,,,,,,,,,,,,,,,,,,,,,,,,,,,,,,,,,,,,,,,,,,,,,,,,,,,,,,,,,,,,,,,,,,,,,,,,,,,,,,,,,,,,,,,,,,,,,,,,,,,,,,,,,,,,,,,,,,,,,,,,,,,,,,,,,,,,,,,,,,,,,,,,,,,,,,,,,,,,,,,,,,,,,,,,,,,,,,,,,,,,,,,,,,,,,,,,,,,,,,,,,,,,,,,,,
418,2013-11-01,,,,,,,,,,,,,,,,,,,,,,,,,,,,,,,,,,,,,,,,,,,,,,,,,,,,,,,,,,,,,,,,,,,,,,,,,,,,,,,,,,,,,,,,,,,,,,,,,,,,,,,,,,,,,,,,,,,,,,,,,,,,,,,,,,,,,,,,,,,,,,,,,,,,,,,,,,,,,,,,,,,,,,,,,,,,,,,,,,,,,,,,,,,,,,,,,,,,,,,,,,,,,,,,,,,,,,,,,,,,,,,,,,,,,,,,,,,,,,,,,,,,,
419,2013-12-01,,,,,,,,,,,,,,,,,,,,,,,,,,,,,,,,,,,,,,,,,,,,,,,,,,,,,,,,,,,,,,,,,,,,,,,,,,,,,,,,,,,,,,,,,,,,,,,,,,,,,,,,,,,,,,,,,,,,,,,,,,,,,,,,,,,,,,,,,,,,,,,,,,,,,,,,,,,,,,,,,,,,,,,,,,,,,,,,,,,,,,,,,,,,,,,,,,,,,,,,,,,,,,,,,,,,,,,,,,,,,,,,,,,,,,,,,,,,,,,,,,,,,
420,2014-01-01,,,,,,,,,,,,,,,,,,,,,,,,,,,,,,,,,,,,,,,,,,,,,,,,,,,,,,,,,,,,,,,,,,,,,,,,,,,,,,,,,,,,,,,,,,,,,,,,,,,,,,,,,,,,,,,,,,,,,,,,,,,,,,,,,,,,,,,,,,,,,,,,,,,,,,,,,,,,,,,,,,,,,,,,,,,,,,,,,,,,,,,,,,,,,,,,,,,,,,,,,,,,,,,,,,,,,,,,,,,,,,,,,,,,,,,,,,,,,,,,,,,,,
421,2014-02-01,,,,,,,,,,,,,,,,,,,,,,,,,,,,,,,,,,,,,,,,,,,,,,,,,,,,,,,,,,,,,,,,,,,,,,,,,,,,,,,,,,,,,,,,,,,,,,,,,,,,,,,,,,,,,,,,,,,,,,,,,,,,,,,,,,,,,,,,,,,,,,,,,,,,,,,,,,,,,,,,,,,,,,,,,,,,,,,,,,,,,,,,,,,,,,,,,,,,,,,,,,,,,,,,,,,,,,,,,,,,,,,,,,,,,,,,,,,,,,,,,,,,,
422,2014-03-01,,,,,,,,,,,,,,,,,,,,,,,,,,,,,,,,,,,,,,,,,,,,,,,,,,,,,,,,,,,,,,,,,,,,,,,,,,,,,,,,,,,,,,,,,,,,,,,,,,,,,,,,,,,,,,,,,,,,,,,,,,,,,,,,,,,,,,,,,,,,,,,,,,,,,,,,,,,,,,,,,,,,,,,,,,,,,,,,,,,,,,,,,,,,,,,,,,,,,,,,,,,,,,,,,,,,,,,,,,,,,,,,,,,,,,,,,,,,,,,,,,,,,
423,2014-04-01,,,,,,,,,,,,,,,,,,,,,,,,,,,,,,,,,,,,,,,,,,,,,,,,,,,,,,,,,,,,,,,,,,,,,,,,,,,,,,,,,,,,,,,,,,,,,,,,,,,,,,,,,,,,,,,,,,,,,,,,,,,,,,,,,,,,,,,,,,,,,,,,,,,,,,,,,,,,,,,,,,,,,,,,,,,,,,,,,,,,,,,,,,,,,,,,,,,,,,,,,,,,,,,,,,,,,,,,,,,,,,,,,,,,,,,,,,,,,,,,,,,,,
424,2014-05-01,,,,,,,,,,,,,,,,,,,,,,,,,,,,,,,,,,,,,,,,,,,,,,,,,,,,,,,,,,,,,,,,,,,,,,,,,,,,,,,,,,,,,,,,,,,,,,,,,,,,,,,,,,,,,,,,,,,,,,,,,,,,,,,,,,,,,,,,,,,,,,,,,,,,,,,,,,,,,,,,,,,,,,,,,,,,,,,,,,,,,,,,,,,,,,,,,,,,,,,,,,,,,,,,,,,,,,,,,,,,,,,,,,,,,,,,,,,,,,,,,,,,,
425,2014-06-01,,,,,,,,,,,,,,,,,,,,,,,,,,,,,,,,,,,,,,,,,,,,,,,,,,,,,,,,,,,,,,,,,,,,,,,,,,,,,,,,,,,,,,,,,,,,,,,,,,,,,,,,,,,,,,,,,,,,,,,,,,,,,,,,,,,,,,,,,,,,,,,,,,,,,,,,,,,,,,,,,,,,,,,,,,,,,,,,,,,,,,,,,,,,,,,,,,,,,,,,,,,,,,,,,,,,,,,,,,,,,,,,,,,,,,,,,,,,,,,,,,,,,
426,2014-07-01,6.455699780273437,9.06387212611607,5.102252160644531,14.86503896484375,5.350127014160156,7.700044921875,7.557143994140625,8.766646655273437,9.051162670898437,4.4285329101562505,16.842392578125,15.8404177734375,5.582274902343751,5.815573828125,9.40230931640625,8.82357837890625,40.68019828125,12.814494213867187,6.028975634765625,10.86354650390625,7.5379496484374995,13.069377597656251,8.837200019531249,9.374793925781251,9.57167138671875,4.482789609375,9.597008671874999,17.09344599609375,6.0402382910156245,11.092859824218749,8.1191044921875,8.47440234375,33.632488828125005,5.706524267578125,8.532723486328125,26.272268437499996,14.38755380859375,5.93526603515625,13.78122861328125,5.140975693359374,7.689710917968751,4.742521435546875,16.7261691796875,5.111204765625,14.934108867187499,5.830233046875,12.12302619140625,6.7839767578125,,,2.6956784179687503,2.2996105224609376,2.0560116577148437,2.621418310546875,1.9587577697753906,3.5076630432128906,6.776250402832031,2.757580856323242,5.910420574951171,4.534241967773437,4.500489488002232,5.326511572265625,2.036269226074219,2.241458679199219,1.7104932861328124,1.6507634216308593,2.12529462890625,2.2986736083984374,1.606137419782366,1.7169324829101562,1.8880836181640623,3.0031464111328128,2.6362618066406247,2.076901831054687,2.7851031298828124,2.6762776611328123,1.6950346160888672,1.8467448486328124,2.0025451318359373,1.947505078125,3.436083508300781,1.5984101733398437,1.7878118225097657,1.5939374853515624,12.754982666015627,3.77347763671875,1.9580371215820311,2.117519348144531,4.227224501953125,1.2516621185302734,6.311751416015625,2.309804736328125,2.2187477966308595,7.4735926757812505,1.826448193359375,2.572060159737723,1.8367380615234374,1.2896944702148436,4.583647924804687,2.7783671630859375,63.802737723214285,56.290635791015625,47.95004754971591,82.53922299107141,52.310097070312494,43.25390220170454,44.506613671875,52.477145703125,46.722586328125004,34.63363124999999,21.47223013392857,35.473843124999995,33.1195453125,33.515868164062496,26.624098828125,45.0460599609375,36.826308984375004,46.627941796875,10.886975683593748,36.96289151785714,48.54407080078125,38.89550109375,48.53922626953125,49.8334904296875,35.45698227539062,50.34626448317307,33.299327197265626,44.771845078125,38.176564453124996,43.691446484375,40.139409375,49.876576171875,47.520421875,61.987450781250004,38.530648125,35.1918380859375,23.36967421875,35.52185126953125,17.505408867187498,35.100755859375,45.366515625,50.295872460937495,39.0784330078125,38.602271777343745,33.66398671875,44.059223144531245,43.255628613281246,39.190814648437495,29.275737890625,33.15781875,18.995115234375,,,47.110440234375,22.98377021484375,18.694636523437502,,,25.203551367187497,,21.96627890625,48.268831640624995,34.5290203125,18.172714453125,27.381628710937502,18.621588867187498,44.8364478515625,18.5494412109375,47.302059375,19.4056681640625,22.8538072265625,21.715396875,43.079875781249996,35.922501562499995,38.4899958984375,23.166551953125,25.645398046875,46.375734375,39.58752756696428,18.21632548828125,23.154683203125,17.9428232421875,27.16800380859375,3.8983175354003907,34.8884384765625,30.340620703124998,20.85141298828125,27.577843359375,17.608920870535716,30.427633426339288,21.735892968749997,50.04987890625,22.2455302734375,35.612954296874996,21.3403224609375,29.774248593749995,31.27797421875,18.731718080357144,18.704036953125,38.266629910714286,5.6359894042968754,,,,3.940150341796875,17.7132322265625,18.543687890624998,18.127065234375,7.665609375,,16.3897646484375,26.666398828125,,,11.488939453124999,,8.72810419921875,,29.69897578125,28.123941796875,24.375909375,6.7854181640624995,12.2322955078125,10.52385802734375,8.203540253906251,5.827540825195312,8.370303710937499,9.00001552734375,8.579428497869317,16.742272265625,8.3078455078125,,13.23672080078125,,,21.85000999644886,12.365293798828125,6.874739248934659,,7.902120080566406,9.440630595703125,9.605337218520221,8.014384863281249,11.24991984375,11.62296698330966
427,2014-08-01,,,,,,,,,,,,,,,,,,,,,,,,,,,,,,,,,,,,,,,,,,,,,,,,,,,,,,,,,,,,,,,,,,,,,,,,,,,,,,,,,,,,,,,,,,,,,,,,,,,,,,,,,,,,,,,,,,,,,,,,,,,,,,,,,,,,,,,,,,,,,,,,,,,,,,,,,,,,,,,,,,,,,,,,,,,,,,,,,,,,,,,,,,,,,,,,,,,,,,,,,,,,,,,,,,,,,,,,,,,,,,,,,,,,,,,,,,,,,,,,,,,,,
428,2014-09-01,,,,,,,,,,,,,,,,,,,,,,,,,,,,,,,,,,,,,,,,,,,,,,,,,,,,,,,,,,,,,,,,,,,,,,,,,,,,,,,,,,,,,,,,,,,,,,,,,,,,,,,,,,,,,,,,,,,,,,,,,,,,,,,,,,,,,,,,,,,,,,,,,,,,,,,,,,,,,,,,,,,,,,,,,,,,,,,,,,,,,,,,,,,,,,,,,,,,,,,,,,,,,,,,,,,,,,,,,,,,,,,,,,,,,,,,,,,,,,,,,,,,,
429,2014-10-01,,,,,,,,,,,,,,,,,,,,,,,,,,,,,,,,,,,,,,,,,,,,,,,,,,,,,,,,,,,,,,,,,,,,,,,,,,,,,,,,,,,,,,,,,,,,,,,,,,,,,,,,,,,,,,,,,,,,,,,,,,,,,,,,,,,,,,,,,,,,,,,,,,,,,,,,,,,,,,,,,,,,,,,,,,,,,,,,,,,,,,,,,,,,,,,,,,,,,,,,,,,,,,,,,,,,,,,,,,,,,,,,,,,,,,,,,,,,,,,,,,,,,
430,2014-11-01,,,,,,,,,,,,,,,,,,,,,,,,,,,,,,,,,,,,,,,,,,,,,,,,,,,,,,,,,,,,,,,,,,,,,,,,,,,,,,,,,,,,,,,,,,,,,,,,,,,,,,,,,,,,,,,,,,,,,,,,,,,,,,,,,,,,,,,,,,,,,,,,,,,,,,,,,,,,,,,,,,,,,,,,,,,,,,,,,,,,,,,,,,,,,,,,,,,,,,,,,,,,,,,,,,,,,,,,,,,,,,,,,,,,,,,,,,,,,,,,,,,,,
431,2014-12-01,,,,,,,,,,,,,,,,,,,,,,,,,,,,,,,,,,,,,,,,,,,,,,,,,,,,,,,,,,,,,,,,,,,,,,,,,,,,,,,,,,,,,,,,,,,,,,,,,,,,,,,,,,,,,,,,,,,,,,,,,,,,,,,,,,,,,,,,,,,,,,,,,,,,,,,,,,,,,,,,,,,,,,,,,,,,,,,,,,,,,,,,,,,,,,,,,,,,,,,,,,,,,,,,,,,,,,,,,,,,,,,,,,,,,,,,,,,,,,,,,,,,,
432,2015-01-01,,,,,,,,,,,,,,,,,,,,,,,,,,,,,,,,,,,,,,,,,,,,,,,,,,,,,,,,,,,,,,,,,,,,,,,,,,,,,,,,,,,,,,,,,,,,,,,,,,,,,,,,,,,,,,,,,,,,,,,,,,,,,,,,,,,,,,,,,,,,,,,,,,,,,,,,,,,,,,,,,,,,,,,,,,,,,,,,,,,,,,,,,,,,,,,,,,,,,,,,,,,,,,,,,,,,,,,,,,,,,,,,,,,,,,,,,,,,,,,,,,,,,
433,2015-02-01,,,,,,,,,,,,,,,,,,,,,,,,,,,,,,,,,,,,,,,,,,,,,,,,,,,,,,,,,,,,,,,,,,,,,,,,,,,,,,,,,,,,,,,,,,,,,,,,,,,,,,,,,,,,,,,,,,,,,,,,,,,,,,,,,,,,,,,,,,,,,,,,,,,,,,,,,,,,,,,,,,,,,,,,,,,,,,,,,,,,,,,,,,,,,,,,,,,,,,,,,,,,,,,,,,,,,,,,,,,,,,,,,,,,,,,,,,,,,,,,,,,,,
434,2015-03-01,,,,,,,,,,,,,,,,,,,,,,,,,,,,,,,,,,,,,,,,,,,,,,,,,,,,,,,,,,,,,,,,,,,,,,,,,,,,,,,,,,,,,,,,,,,,,,,,,,,,,,,,,,,,,,,,,,,,,,,,,,,,,,,,,,,,,,,,,,,,,,,,,,,,,,,,,,,,,,,,,,,,,,,,,,,,,,,,,,,,,,,,,,,,,,,,,,,,,,,,,,,,,,,,,,,,,,,,,,,,,,,,,,,,,,,,,,,,,,,,,,,,,
435,2015-04-01,,,,,,,,,,,,,,,,,,,,,,,,,,,,,,,,,,,,,,,,,,,,,,,,,,,,,,,,,,,,,,,,,,,,,,,,,,,,,,,,,,,,,,,,,,,,,,,,,,,,,,,,,,,,,,,,,,,,,,,,,,,,,,,,,,,,,,,,,,,,,,,,,,,,,,,,,,,,,,,,,,,,,,,,,,,,,,,,,,,,,,,,,,,,,,,,,,,,,,,,,,,,,,,,,,,,,,,,,,,,,,,,,,,,,,,,,,,,,,,,,,,,,
436,2015-05-01,,,,,,,,,,,,,,,,,,,,,,,,,,,,,,,,,,,,,,,,,,,,,,,,,,,,,,,,,,,,,,,,,,,,,,,,,,,,,,,,,,,,,,,,,,,,,,,,,,,,,,,,,,,,,,,,,,,,,,,,,,,,,,,,,,,,,,,,,,,,,,,,,,,,,,,,,,,,,,,,,,,,,,,,,,,,,,,,,,,,,,,,,,,,,,,,,,,,,,,,,,,,,,,,,,,,,,,,,,,,,,,,,,,,,,,,,,,,,,,,,,,,,
437,2015-06-01,,,,,,,,,,,,,,,,,,,,,,,,,,,,,,,,,,,,,,,,,,,,,,,,,,,,,,,,,,,,,,,,,,,,,,,,,,,,,,,,,,,,,,,,,,,,,,,,,,,,,,,,,,,,,,,,,,,,,,,,,,,,,,,,,,,,,,,,,,,,,,,,,,,,,,,,,,,,,,,,,,,,,,,,,,,,,,,,,,,,,,,,,,,,,,,,,,,,,,,,,,,,,,,,,,,,,,,,,,,,,,,,,,,,,,,,,,,,,,,,,,,,,
438,2015-07-01,6.415138790457589,8.98781748046875,5.090064038085937,14.8626685546875,5.330759838867188,7.722746337890624,7.4947212890625,8.717707177734376,9.017956201171875,4.409180419921874,16.829712890625,15.8132923828125,5.6280287109375,5.828728271484375,9.462409277343749,8.799001171875,40.42635328125,12.751795019531249,6.031834423828125,10.747000195312499,7.520641479492188,13.04483361328125,8.787881030273438,9.35607919921875,9.50982486328125,4.46076650390625,9.53329453125,16.9317908203125,6.030942736816407,10.989912744140625,8.10475048828125,8.552089306640624,33.44757978515625,5.663331225585938,8.50078634765625,25.971843515625,14.37432861328125,5.898924243164063,13.778551025390625,5.189530517578125,7.6714639453125,4.73575869140625,16.795100390625002,5.082453369140625,14.856523828124999,5.775641015625,12.103658935546875,6.73662919921875,,,2.6862281982421874,2.2984468505859375,2.0631768310546876,2.621378759765625,1.9513244750976562,3.4994637817382808,6.77264853515625,2.7375690673828124,5.883432055664063,4.530050244140625,4.479657934570312,5.3254107421875,2.035664208984375,2.2377312377929686,1.6977402465820313,1.645090301513672,2.1208779052734377,2.3056117257254463,1.5934553649902343,1.7065915649414063,1.8784838378906248,2.9866667724609375,2.636325732421875,2.096029541015625,2.7522345703124995,2.668517248535156,1.6872440185546875,1.8400228637695313,1.9894552734375,1.9428049072265625,3.4297217138671874,1.5883279724121093,1.7920409106445312,1.5821638863699776,12.6297140625,3.746176435546875,1.9575309814453126,2.1035437081473214,4.202055439453124,1.2385556982421875,6.279134545898438,2.29614052734375,2.1920665283203125,7.442171191406249,1.794865264892578,2.564790380859375,1.8335496643066405,1.2887641845703124,4.557094079589843,2.758273571777344,63.99880696022726,56.02648656850962,47.858420390625,82.35801,50.95456021205357,42.91640060369318,44.48485942382813,52.489907226562494,46.293914794921875,34.270671093749996,21.5076779296875,35.464747265625,33.09781904296875,33.380384765625,26.463194949776785,45.059269921875,36.789605859375,46.4495428125,10.873584667968752,37.022628515625,48.55581984375,38.725227421875005,48.288565546875,49.9334185546875,35.2687341796875,50.311859224759615,33.26711264648437,44.754443359374996,37.819976953125,43.5258263671875,40.177543359375,49.73213018973214,48.03048984375,62.15430234375,38.47659609375,35.163988769531244,,35.52892875,16.639288549804686,35.016113671875,44.33637744140625,50.2426564453125,39.0530900390625,,33.7978381640625,44.39693056640625,42.468905390625004,39.1122984375,29.148028857421874,33.02106416015625,19.0717224609375,81.8697,46.2015662109375,47.729492578125004,23.0980637109375,18.652696875,,,25.13191201171875,31.31686669921875,21.803259375,48.1687359375,34.6479380859375,18.07759599609375,27.35000244140625,18.567310693359374,44.9518265625,18.42272373046875,47.2635228515625,19.325649375,22.735700156249997,21.52084833984375,43.227291796875,35.928678515625,38.5093740234375,23.138113623046873,25.581163183593752,46.079335546875,40.440384843749996,18.181377246093753,22.84980732421875,17.6480115234375,26.99372900390625,3.8733640136718748,34.9819048828125,30.2732015625,20.77431328125,27.43412783203125,17.55446513671875,30.532384687500002,21.66899150390625,49.982732578125,22.2575315625,35.453848359375,21.375614062500002,29.68484296875,30.99108427734375,18.61396640625,18.6976951171875,38.3285015625,5.62100361328125,21.5985216796875,,,3.980122668457031,17.6515948828125,18.689542382812498,18.1840130859375,7.663147998046875,31.3169326171875,16.383487939453126,26.635739765624997,16.492785205078125,27.96625283203125,11.468759765625,11.322157543945313,8.676875390625,,29.767456249999995,28.106680580357143,24.350344189453125,6.721917187499999,12.160967117745534,10.4549341796875,8.18061427001953,5.799521887207031,8.293374755859375,8.909775159801136,8.497872784423828,16.65310974609375,8.019912430245535,,12.983869575639204,,,21.6675985546875,12.23863721590909,6.872959800502231,,7.685373828124999,9.572416322544642,9.60103631663603,7.865856005859374,11.10504849609375,11.638168146306818
439,2015-08-01,,,,,,,,,,,,,,,,,,,,,,,,,,,,,,,,,,,,,,,,,,,,,,,,,,,,,,,,,,,,,,,,,,,,,,,,,,,,,,,,,,,,,,,,,,,,,,,,,,,,,,,,,,,,,,,,,,,,,,,,,,,,,,,,,,,,,,,,,,,,,,,,,,,,,,,,,,,,,,,,,,,,,,,,,,,,,,,,,,,,,,,,,,,,,,,,,,,,,,,,,,,,,,,,,,,,,,,,,,,,,,,,,,,,,,,,,,,,,,,,,,,,,
440,2015-09-01,,,,,,,,,,,,,,,,,,,,,,,,,,,,,,,,,,,,,,,,,,,,,,,,,,,,,,,,,,,,,,,,,,,,,,,,,,,,,,,,,,,,,,,,,,,,,,,,,,,,,,,,,,,,,,,,,,,,,,,,,,,,,,,,,,,,,,,,,,,,,,,,,,,,,,,,,,,,,,,,,,,,,,,,,,,,,,,,,,,,,,,,,,,,,,,,,,,,,,,,,,,,,,,,,,,,,,,,,,,,,,,,,,,,,,,,,,,,,,,,,,,,,
441,2015-10-01,,,,,,,,,,,,,,,,,,,,,,,,,,,,,,,,,,,,,,,,,,,,,,,,,,,,,,,,,,,,,,,,,,,,,,,,,,,,,,,,,,,,,,,,,,,,,,,,,,,,,,,,,,,,,,,,,,,,,,,,,,,,,,,,,,,,,,,,,,,,,,,,,,,,,,,,,,,,,,,,,,,,,,,,,,,,,,,,,,,,,,,,,,,,,,,,,,,,,,,,,,,,,,,,,,,,,,,,,,,,,,,,,,,,,,,,,,,,,,,,,,,,,
442,2015-11-01,,,,,,,,,,,,,,,,,,,,,,,,,,,,,,,,,,,,,,,,,,,,,,,,,,,,,,,,,,,,,,,,,,,,,,,,,,,,,,,,,,,,,,,,,,,,,,,,,,,,,,,,,,,,,,,,,,,,,,,,,,,,,,,,,,,,,,,,,,,,,,,,,,,,,,,,,,,,,,,,,,,,,,,,,,,,,,,,,,,,,,,,,,,,,,,,,,,,,,,,,,,,,,,,,,,,,,,,,,,,,,,,,,,,,,,,,,,,,,,,,,,,,
443,2015-12-01,,,,,,,,,,,,,,,,,,,,,,,,,,,,,,,,,,,,,,,,,,,,,,,,,,,,,,,,,,,,,,,,,,,,,,,,,,,,,,,,,,,,,,,,,,,,,,,,,,,,,,,,,,,,,,,,,,,,,,,,,,,,,,,,,,,,,,,,,,,,,,,,,,,,,,,,,,,,,,,,,,,,,,,,,,,,,,,,,,,,,,,,,,,,,,,,,,,,,,,,,,,,,,,,,,,,,,,,,,,,,,,,,,,,,,,,,,,,,,,,,,,,,
444,2016-01-01,,,,,,,,,,,,,,,,,,,,,,,,,,,,,,,,,,,,,,,,,,,,,,,,,,,,,,,,,,,,,,,,,,,,,,,,,,,,,,,,,,,,,,,,,,,,,,,,,,,,,,,,,,,,,,,,,,,,,,,,,,,,,,,,,,,,,,,,,,,,,,,,,,,,,,,,,,,,,,,,,,,,,,,,,,,,,,,,,,,,,,,,,,,,,,,,,,,,,,,,,,,,,,,,,,,,,,,,,,,,,,,,,,,,,,,,,,,,,,,,,,,,,
445,2016-02-01,,,,,,,,,,,,,,,,,,,,,,,,,,,,,,,,,,,,,,,,,,,,,,,,,,,,,,,,,,,,,,,,,,,,,,,,,,,,,,,,,,,,,,,,,,,,,,,,,,,,,,,,,,,,,,,,,,,,,,,,,,,,,,,,,,,,,,,,,,,,,,,,,,,,,,,,,,,,,,,,,,,,,,,,,,,,,,,,,,,,,,,,,,,,,,,,,,,,,,,,,,,,,,,,,,,,,,,,,,,,,,,,,,,,,,,,,,,,,,,,,,,,,
446,2016-03-01,,,,,,,,,,,,,,,,,,,,,,,,,,,,,,,,,,,,,,,,,,,,,,,,,,,,,,,,,,,,,,,,,,,,,,,,,,,,,,,,,,,,,,,,,,,,,,,,,,,,,,,,,,,,,,,,,,,,,,,,,,,,,,,,,,,,,,,,,,,,,,,,,,,,,,,,,,,,,,,,,,,,,,,,,,,,,,,,,,,,,,,,,,,,,,,,,,,,,,,,,,,,,,,,,,,,,,,,,,,,,,,,,,,,,,,,,,,,,,,,,,,,,
447,2016-04-01,,,,,,,,,,,,,,,,,,,,,,,,,,,,,,,,,,,,,,,,,,,,,,,,,,,,,,,,,,,,,,,,,,,,,,,,,,,,,,,,,,,,,,,,,,,,,,,,,,,,,,,,,,,,,,,,,,,,,,,,,,,,,,,,,,,,,,,,,,,,,,,,,,,,,,,,,,,,,,,,,,,,,,,,,,,,,,,,,,,,,,,,,,,,,,,,,,,,,,,,,,,,,,,,,,,,,,,,,,,,,,,,,,,,,,,,,,,,,,,,,,,,,
448,2016-05-01,,,,,,,,,,,,,,,,,,,,,,,,,,,,,,,,,,,,,,,,,,,,,,,,,,,,,,,,,,,,,,,,,,,,,,,,,,,,,,,,,,,,,,,,,,,,,,,,,,,,,,,,,,,,,,,,,,,,,,,,,,,,,,,,,,,,,,,,,,,,,,,,,,,,,,,,,,,,,,,,,,,,,,,,,,,,,,,,,,,,,,,,,,,,,,,,,,,,,,,,,,,,,,,,,,,,,,,,,,,,,,,,,,,,,,,,,,,,,,,,,,,,,
449,2016-06-01,,,,,,,,,,,,,,,,,,,,,,,,,,,,,,,,,,,,,,,,,,,,,,,,,,,,,,,,,,,,,,,,,,,,,,,,,,,,,,,,,,,,,,,,,,,,,,,,,,,,,,,,,,,,,,,,,,,,,,,,,,,,,,,,,,,,,,,,,,,,,,,,,,,,,,,,,,,,,,,,,,,,,,,,,,,,,,,,,,,,,,,,,,,,,,,,,,,,,,,,,,,,,,,,,,,,,,,,,,,,,,,,,,,,,,,,,,,,,,,,,,,,,
450,2016-07-01,6.376472412109375,8.877465150669641,5.066283208007812,14.852140234374998,5.295557416992187,7.720838261718749,7.4130040722656245,8.6321654296875,8.995789285714284,4.367699194335938,16.791861796875,15.8287306640625,5.785721630859375,5.831415417480469,9.507761572265624,8.735269921875,40.29328256835937,12.653640401785713,6.0405252685546875,10.535241467285156,7.493377587890625,12.982805200195312,8.747477709960938,9.324646215820312,9.412410811941964,4.441053515625,9.455082421874998,16.668222237723214,6.007871228027343,10.865531689453125,8.06785703125,8.6036078125,33.268674776785716,5.623137817382812,8.454900878906251,25.656788452148437,14.33168009033203,5.847031988525391,13.733682212611606,5.254163305664062,7.642063099888392,4.718479833984375,17.005843777901784,5.04416337890625,14.80301982421875,5.718993237304687,12.062969970703124,6.682321644810267,,12.907084570312499,2.68123359375,2.2943928222656247,2.0675994559151785,2.6369318219866074,1.9408998779296875,3.49470830078125,6.745379754638671,2.716594024658203,5.853352776227679,4.524896400669642,4.455306689453125,5.3097457324218755,2.0350870751953125,2.2248747509765625,1.6892652172851563,1.6364455883789062,2.1240834521484375,2.3239530866350444,1.5828392028808593,1.6959491612025668,1.8631696602957588,2.9643023646763393,2.6277847119140625,2.1150818701171876,2.731350366210937,2.6538872607421875,1.6759504687499998,1.8307126757812497,1.976067421875,1.9357430053710938,3.396623385184152,1.5821334228515624,1.8045173364257814,1.574286877441406,12.49277900390625,3.7123321289062496,1.9582298217773435,2.092719111328125,4.191900732421875,1.232938623046875,6.257537841796875,2.2698176220703123,2.175843310546875,7.4043052734375,1.7574198120117188,2.5572544189453126,,1.2874689697265624,4.53572876953125,2.7193841015624995,64.409612109375,55.80796640625,47.692934765625,81.647334375,49.942744754464286,42.79141004464286,44.639149658203124,52.50489301757813,45.771638378906246,34.099971328125,21.431999267578124,35.4675287109375,33.076640625,33.15483231026786,26.400013183593746,45.068135449218744,36.795682617187495,46.294899609374994,10.855617626953125,36.8486185546875,48.5766298828125,38.571659765625,48.23249677734375,49.9221544921875,35.165119921875,50.302887388392854,33.26049642857143,44.69994785156249,37.66775361328125,43.3269987890625,40.20972890625,49.585897265625,48.3287326171875,62.3581171875,38.448856640625,35.127805078125,23.376652734375,35.5054306640625,15.876608906249999,34.965657421875,43.4194875,50.26080703125,39.047501249999996,38.54903466796875,34.041392578125,44.628431250000006,41.994530859375,39.09578454241072,29.059358203125,32.94950625,19.1283421875,82.4227875,46.638444140625005,48.221213671875,23.3332801171875,18.6177240234375,,,25.0770181640625,31.1890415625,21.518490234375,47.807349609375,34.852023984375,18.00703037109375,27.259549365234374,18.458176640625,44.9039513671875,18.23659892578125,47.26583906249999,19.22326171875,22.519086328125,21.37280390625,43.3214841796875,36.018812109375,38.525171484375,23.1091414453125,25.4843513671875,45.90633164062499,40.76159625,18.1749017578125,22.7241952734375,17.437056445312496,26.82963369140625,3.8567265380859377,34.91141923828125,30.19403583984375,20.70826787109375,27.322776123046875,17.51125640625,30.549483984375,21.621483105468748,49.91701728515625,22.265542529296873,35.31509384765625,21.384357421875,29.590423242187498,30.730632421875,18.55080791015625,18.664906640625,38.3526931640625,5.607924389648437,21.5985216796875,11.31009873046875,10.335836425781249,4.0331021484375,17.57136533203125,18.882282128906247,18.2887892578125,7.6104747070312495,,16.366081640624998,26.61688828125,16.47276064453125,28.0569955078125,11.4557677734375,11.28319541015625,8.59372998046875,6.557363085937499,29.834911150568185,28.0602380859375,24.296141601562496,6.6259853027343745,12.038381103515626,10.389981005859376,8.200330883789062,5.805119135742187,8.27850673828125,8.886296679687499,8.459391169084821,16.6224119140625,7.725353320312499,,12.823413427734375,,,21.698015373883926,12.189256567382813,6.884334521484376,,7.620338452148437,9.64132001953125,9.653985351562499,7.796039501953125,11.029528454589844,11.626822375488281
451,2016-08-01,,,,,,,,,,,,,,,,,,,,,,,,,,,,,,,,,,,,,,,,,,,,,,,,,,,,,,,,,,,,,,,,,,,,,,,,,,,,,,,,,,,,,,,,,,,,,,,,,,,,,,,,,,,,,,,,,,,,,,,,,,,,,,,,,,,,,,,,,,,,,,,,,,,,,,,,,,,,,,,,,,,,,,,,,,,,,,,,,,,,,,,,,,,,,,,,,,,,,,,,,,,,,,,,,,,,,,,,,,,,,,,,,,,,,,,,,,,,,,,,,,,,,
452,2016-09-01,,,,,,,,,,,,,,,,,,,,,,,,,,,,,,,,,,,,,,,,,,,,,,,,,,,,,,,,,,,,,,,,,,,,,,,,,,,,,,,,,,,,,,,,,,,,,,,,,,,,,,,,,,,,,,,,,,,,,,,,,,,,,,,,,,,,,,,,,,,,,,,,,,,,,,,,,,,,,,,,,,,,,,,,,,,,,,,,,,,,,,,,,,,,,,,,,,,,,,,,,,,,,,,,,,,,,,,,,,,,,,,,,,,,,,,,,,,,,,,,,,,,,
453,2016-10-01,,,,,,,,,,,,,,,,,,,,,,,,,,,,,,,,,,,,,,,,,,,,,,,,,,,,,,,,,,,,,,,,,,,,,,,,,,,,,,,,,,,,,,,,,,,,,,,,,,,,,,,,,,,,,,,,,,,,,,,,,,,,,,,,,,,,,,,,,,,,,,,,,,,,,,,,,,,,,,,,,,,,,,,,,,,,,,,,,,,,,,,,,,,,,,,,,,,,,,,,,,,,,,,,,,,,,,,,,,,,,,,,,,,,,,,,,,,,,,,,,,,,,
454,2016-11-01,,,,,,,,,,,,,,,,,,,,,,,,,,,,,,,,,,,,,,,,,,,,,,,,,,,,,,,,,,,,,,,,,,,,,,,,,,,,,,,,,,,,,,,,,,,,,,,,,,,,,,,,,,,,,,,,,,,,,,,,,,,,,,,,,,,,,,,,,,,,,,,,,,,,,,,,,,,,,,,,,,,,,,,,,,,,,,,,,,,,,,,,,,,,,,,,,,,,,,,,,,,,,,,,,,,,,,,,,,,,,,,,,,,,,,,,,,,,,,,,,,,,,
455,2016-12-01,,,,,,,,,,,,,,,,,,,,,,,,,,,,,,,,,,,,,,,,,,,,,,,,,,,,,,,,,,,,,,,,,,,,,,,,,,,,,,,,,,,,,,,,,,,,,,,,,,,,,,,,,,,,,,,,,,,,,,,,,,,,,,,,,,,,,,,,,,,,,,,,,,,,,,,,,,,,,,,,,,,,,,,,,,,,,,,,,,,,,,,,,,,,,,,,,,,,,,,,,,,,,,,,,,,,,,,,,,,,,,,,,,,,,,,,,,,,,,,,,,,,,
456,2017-01-01,,,,,,,,,,,,,,,,,,,,,,,,,,,,,,,,,,,,,,,,,,,,,,,,,,,,,,,,,,,,,,,,,,,,,,,,,,,,,,,,,,,,,,,,,,,,,,,,,,,,,,,,,,,,,,,,,,,,,,,,,,,,,,,,,,,,,,,,,,,,,,,,,,,,,,,,,,,,,,,,,,,,,,,,,,,,,,,,,,,,,,,,,,,,,,,,,,,,,,,,,,,,,,,,,,,,,,,,,,,,,,,,,,,,,,,,,,,,,,,,,,,,,
457,2017-02-01,,,,,,,,,,,,,,,,,,,,,,,,,,,,,,,,,,,,,,,,,,,,,,,,,,,,,,,,,,,,,,,,,,,,,,,,,,,,,,,,,,,,,,,,,,,,,,,,,,,,,,,,,,,,,,,,,,,,,,,,,,,,,,,,,,,,,,,,,,,,,,,,,,,,,,,,,,,,,,,,,,,,,,,,,,,,,,,,,,,,,,,,,,,,,,,,,,,,,,,,,,,,,,,,,,,,,,,,,,,,,,,,,,,,,,,,,,,,,,,,,,,,,
458,2017-03-01,,,,,,,,,,,,,,,,,,,,,,,,,,,,,,,,,,,,,,,,,,,,,,,,,,,,,,,,,,,,,,,,,,,,,,,,,,,,,,,,,,,,,,,,,,,,,,,,,,,,,,,,,,,,,,,,,,,,,,,,,,,,,,,,,,,,,,,,,,,,,,,,,,,,,,,,,,,,,,,,,,,,,,,,,,,,,,,,,,,,,,,,,,,,,,,,,,,,,,,,,,,,,,,,,,,,,,,,,,,,,,,,,,,,,,,,,,,,,,,,,,,,,
459,2017-04-01,,,,,,,,,,,,,,,,,,,,,,,,,,,,,,,,,,,,,,,,,,,,,,,,,,,,,,,,,,,,,,,,,,,,,,,,,,,,,,,,,,,,,,,,,,,,,,,,,,,,,,,,,,,,,,,,,,,,,,,,,,,,,,,,,,,,,,,,,,,,,,,,,,,,,,,,,,,,,,,,,,,,,,,,,,,,,,,,,,,,,,,,,,,,,,,,,,,,,,,,,,,,,,,,,,,,,,,,,,,,,,,,,,,,,,,,,,,,,,,,,,,,,
460,2017-05-01,,,,,,,,,,,,,,,,,,,,,,,,,,,,,,,,,,,,,,,,,,,,,,,,,,,,,,,,,,,,,,,,,,,,,,,,,,,,,,,,,,,,,,,,,,,,,,,,,,,,,,,,,,,,,,,,,,,,,,,,,,,,,,,,,,,,,,,,,,,,,,,,,,,,,,,,,,,,,,,,,,,,,,,,,,,,,,,,,,,,,,,,,,,,,,,,,,,,,,,,,,,,,,,,,,,,,,,,,,,,,,,,,,,,,,,,,,,,,,,,,,,,,
461,2017-06-01,,,,,,,,,,,,,,,,,,,,,,,,,,,,,,,,,,,,,,,,,,,,,,,,,,,,,,,,,,,,,,,,,,,,,,,,,,,,,,,,,,,,,,,,,,,,,,,,,,,,,,,,,,,,,,,,,,,,,,,,,,,,,,,,,,,,,,,,,,,,,,,,,,,,,,,,,,,,,,,,,,,,,,,,,,,,,,,,,,,,,,,,,,,,,,,,,,,,,,,,,,,,,,,,,,,,,,,,,,,,,,,,,,,,,,,,,,,,,,,,,,,,,
462,2017-07-01,6.3538273828125,8.783499902343749,5.043557592773437,14.819216748046875,5.2617469482421875,7.672800805664062,7.350195520019531,8.55079541015625,8.9821541015625,4.338602197265625,16.7428494140625,15.80316416015625,5.894728857421875,5.838397338867187,9.53646802734375,8.63348203125,40.1406767578125,12.5621572265625,6.03890947265625,10.173725024414063,7.4665819335937496,12.897111401367187,8.705616064453125,9.28877080078125,9.289842626953124,4.417593530273438,9.365362646484375,16.37400673828125,5.984986376953125,10.812774682617187,8.02581767578125,8.55852767578125,33.019243945312496,5.582797646484375,8.403664218749999,25.407854296874998,14.288410986328126,5.816542236328125,13.701144287109376,5.327681961495536,7.605708728027344,4.670696463448661,17.149461547851562,4.980047670200892,14.683788867187499,5.626877783203125,11.99677078125,6.614828927176339,,12.906728613281249,2.6606208801269533,2.287074814453125,2.0706710888671873,2.6891277499112216,1.9299823901367188,3.469748708496094,6.7126990189985785,2.6627758234197443,5.816910805664063,4.529208651455966,4.402274018554687,5.289434221540178,2.037028271484375,2.185682833426339,1.6659158477783202,1.6245968811035156,2.146198566545759,2.3285786376953124,1.5691033905029297,1.6796746252441406,1.8348165405273436,2.953388720703125,2.6145327667236327,2.124269137573242,2.6982011810302735,2.6283773332868305,1.6560334455217631,1.8145475306919643,1.9493810211181641,1.9235936645507812,3.3079334206321023,1.5725936462402343,1.8147733953302556,1.5643264526367187,12.350271653053976,3.666280877130682,1.9597294056285512,2.0925433740234376,4.219759907226562,1.2291283905029298,6.2366361328124995,2.2082756835937496,2.1563001708984375,7.357948857421874,1.719671857910156,2.5483370581054685,1.8277168579101564,1.2867695755004882,4.5152369140625,2.6466090270996094,64.724619375,55.41379171875,47.367350859375,80.631127734375,49.6602615234375,42.850771875,45.10935966796875,52.4670662109375,45.47217505580357,33.8116011328125,21.118755078125,35.4634435546875,33.0557126953125,32.824868203125,26.2409451171875,45.03425185546875,36.809591484375,46.134084375,10.846817578125,36.686900390625,48.513005156249996,38.409468749999995,48.29711625,,35.091954492187504,50.369446205357136,33.2078806640625,44.542473046874996,37.605434765625,43.15142611607143,40.244040234375,49.370606015625,48.70517958984375,62.4046693359375,38.4001365234375,35.07537907366071,23.38015869140625,35.547013125,15.459452678571427,,42.867104296875,50.230860937500005,39.027115546875,38.532842578125,34.281630859375,44.68354171874999,41.8525505859375,39.10513811383929,29.028143408203125,32.9007427734375,19.1570220703125,82.725697265625,47.159655468749996,48.346250624999996,23.52089443359375,,,,25.0457291015625,,21.27796171875,,,18.02448369140625,27.241321875,18.359259960937496,44.786377734375,18.15898359375,47.171105859375004,19.130858203124998,22.361316943359377,21.3400125,43.335305859375,,38.535022265624995,23.12218828125,25.433469140625,45.747896484375,40.940933203125,18.1297248046875,22.63648828125,17.3121462890625,26.600499023437504,3.8415864257812498,34.849509375,30.032795390625,20.67077671875,27.1780351171875,17.40822137276786,30.56951099330357,21.53160125558036,49.80406640625,22.224430546875,35.147591015625,21.344838134765624,29.341008544921873,30.385794140625,18.481921289062498,18.613996347656247,38.396333203125,5.590663037109375,21.5985216796875,11.297770312499999,10.335462890625,4.062572314453125,,,,7.555678710937499,31.319279296875,,,,,,,,6.542706005859375,28.726774263822115,,,,,10.3525259765625,8.209144995117187,5.77652012162642,8.486338263494318,8.83758287109375,8.396810540771485,16.574390625,7.605545031738281,,12.7876809375,,,21.74035497295673,12.16495521763393,6.899607888793945,,7.621638825334821,9.67351672014509,9.697621237362132,7.860701660156249,10.944577111816406,11.602579234730113
463,2017-08-01,,,,,,,,,,,,,,,,,,,,,,,,,,,,,,,,,,,,,,,,,,,,,,,,,,,,,,,,,,,,,,,,,,,,,,,,,,,,,,,,,,,,,,,,,,,,,,,,,,,,,,,,,,,,,,,,,,,,,,,,,,,,,,,,,,,,,,,,,,,,,,,,,,,,,,,,,,,,,,,,,,,,,,,,,,,,,,,,,,,,,,,,,,,,,,,,,,,,,,,,,,,,,,,,,,,,,,,,,,,,,,,,,,,,,,,,,,,,,,,,,,,,,
464,2017-09-01,,,,,,,,,,,,,,,,,,,,,,,,,,,,,,,,,,,,,,,,,,,,,,,,,,,,,,,,,,,,,,,,,,,,,,,,,,,,,,,,,,,,,,,,,,,,,,,,,,,,,,,,,,,,,,,,,,,,,,,,,,,,,,,,,,,,,,,,,,,,,,,,,,,,,,,,,,,,,,,,,,,,,,,,,,,,,,,,,,,,,,,,,,,,,,,,,,,,,,,,,,,,,,,,,,,,,,,,,,,,,,,,,,,,,,,,,,,,,,,,,,,,,
465,2017-10-01,,,,,,,,,,,,,,,,,,,,,,,,,,,,,,,,,,,,,,,,,,,,,,,,,,,,,,,,,,,,,,,,,,,,,,,,,,,,,,,,,,,,,,,,,,,,,,,,,,,,,,,,,,,,,,,,,,,,,,,,,,,,,,,,,,,,,,,,,,,,,,,,,,,,,,,,,,,,,,,,,,,,,,,,,,,,,,,,,,,,,,,,,,,,,,,,,,,,,,,,,,,,,,,,,,,,,,,,,,,,,,,,,,,,,,,,,,,,,,,,,,,,,
466,2017-11-01,,,,,,,,,,,,,,,,,,,,,,,,,,,,,,,,,,,,,,,,,,,,,,,,,,,,,,,,,,,,,,,,,,,,,,,,,,,,,,,,,,,,,,,,,,,,,,,,,,,,,,,,,,,,,,,,,,,,,,,,,,,,,,,,,,,,,,,,,,,,,,,,,,,,,,,,,,,,,,,,,,,,,,,,,,,,,,,,,,,,,,,,,,,,,,,,,,,,,,,,,,,,,,,,,,,,,,,,,,,,,,,,,,,,,,,,,,,,,,,,,,,,,
467,2017-12-01,,,,,,,,,,,,,,,,,,,,,,,,,,,,,,,,,,,,,,,,,,,,,,,,,,,,,,,,,,,,,,,,,,,,,,,,,,,,,,,,,,,,,,,,,,,,,,,,,,,,,,,,,,,,,,,,,,,,,,,,,,,,,,,,,,,,,,,,,,,,,,,,,,,,,,,,,,,,,,,,,,,,,,,,,,,,,,,,,,,,,,,,,,,,,,,,,,,,,,,,,,,,,,,,,,,,,,,,,,,,,,,,,,,,,,,,,,,,,,,,,,,,,
468,2018-01-01,,,,,,,,,,,,,,,,,,,,,,,,,,,,,,,,,,,,,,,,,,,,,,,,,,,,,,,,,,,,,,,,,,,,,,,,,,,,,,,,,,,,,,,,,,,,,,,,,,,,,,,,,,,,,,,,,,,,,,,,,,,,,,,,,,,,,,,,,,,,,,,,,,,,,,,,,,,,,,,,,,,,,,,,,,,,,,,,,,,,,,,,,,,,,,,,,,,,,,,,,,,,,,,,,,,,,,,,,,,,,,,,,,,,,,,,,,,,,,,,,,,,,
469,2018-02-01,,,,,,,,,,,,,,,,,,,,,,,,,,,,,,,,,,,,,,,,,,,,,,,,,,,,,,,,,,,,,,,,,,,,,,,,,,,,,,,,,,,,,,,,,,,,,,,,,,,,,,,,,,,,,,,,,,,,,,,,,,,,,,,,,,,,,,,,,,,,,,,,,,,,,,,,,,,,,,,,,,,,,,,,,,,,,,,,,,,,,,,,,,,,,,,,,,,,,,,,,,,,,,,,,,,,,,,,,,,,,,,,,,,,,,,,,,,,,,,,,,,,,
470,2018-03-01,,,,,,,,,,,,,,,,,,,,,,,,,,,,,,,,,,,,,,,,,,,,,,,,,,,,,,,,,,,,,,,,,,,,,,,,,,,,,,,,,,,,,,,,,,,,,,,,,,,,,,,,,,,,,,,,,,,,,,,,,,,,,,,,,,,,,,,,,,,,,,,,,,,,,,,,,,,,,,,,,,,,,,,,,,,,,,,,,,,,,,,,,,,,,,,,,,,,,,,,,,,,,,,,,,,,,,,,,,,,,,,,,,,,,,,,,,,,,,,,,,,,,
471,2018-04-01,,,,,,,,,,,,,,,,,,,,,,,,,,,,,,,,,,,,,,,,,,,,,,,,,,,,,,,,,,,,,,,,,,,,,,,,,,,,,,,,,,,,,,,,,,,,,,,,,,,,,,,,,,,,,,,,,,,,,,,,,,,,,,,,,,,,,,,,,,,,,,,,,,,,,,,,,,,,,,,,,,,,,,,,,,,,,,,,,,,,,,,,,,,,,,,,,,,,,,,,,,,,,,,,,,,,,,,,,,,,,,,,,,,,,,,,,,,,,,,,,,,,,
472,2018-05-01,,,,,,,,,,,,,,,,,,,,,,,,,,,,,,,,,,,,,,,,,,,,,,,,,,,,,,,,,,,,,,,,,,,,,,,,,,,,,,,,,,,,,,,,,,,,,,,,,,,,,,,,,,,,,,,,,,,,,,,,,,,,,,,,,,,,,,,,,,,,,,,,,,,,,,,,,,,,,,,,,,,,,,,,,,,,,,,,,,,,,,,,,,,,,,,,,,,,,,,,,,,,,,,,,,,,,,,,,,,,,,,,,,,,,,,,,,,,,,,,,,,,,
473,2018-06-01,,,,,,,,,,,,,,,,,,,,,,,,,,,,,,,,,,,,,,,,,,,,,,,,,,,,,,,,,,,,,,,,,,,,,,,,,,,,,,,,,,,,,,,,,,,,,,,,,,,,,,,,,,,,,,,,,,,,,,,,,,,,,,,,,,,,,,,,,,,,,,,,,,,,,,,,,,,,,,,,,,,,,,,,,,,,,,,,,,,,,,,,,,,,,,,,,,,,,,,,,,,,,,,,,,,,,,,,,,,,,,,,,,,,,,,,,,,,,,,,,,,,,
474,2018-07-01,6.346067124023437,8.7060146484375,5.028421453857422,14.7946201171875,5.241803655133928,7.618382979910714,7.313153082275391,8.483170275878907,8.990443275669643,4.322207592773437,16.719017431640623,15.803389599609375,5.9741761596679686,5.83428515625,9.5508840234375,8.478692075892857,39.98698694196428,12.505176123046875,6.035337451171874,9.951733049665178,7.435331668526786,12.832989147949219,8.672084598214285,9.2495548828125,9.08635078125,4.394747296142578,9.282800390625,16.148703515625,5.969581567382812,10.756926171875,7.988183593749999,8.516213085937501,32.8437140625,5.546474604492188,8.32931396484375,25.06614132254464,14.178972744140626,5.800006494140625,13.6729125,5.377263793945312,7.569582011718749,4.62854091796875,17.1951472265625,4.932315791015625,14.557367460937499,5.5467535034179685,11.92758732421875,6.5812833984375,9.4379203125,12.90579345703125,2.6356694091796875,2.2768224060058593,2.0668352383700284,2.7210475474964486,1.9152968394886365,3.4404959139737215,6.672761878551136,2.608621175870028,5.773863907137784,4.533152104048296,4.33738634765625,5.26789189453125,2.0293089111328126,2.1309902709960937,1.640355139160156,1.6170403747558595,2.1735366943359375,2.3330994049072267,1.56215185546875,1.6657064346313477,1.7941773559570313,2.9460103166852676,2.6069347412109374,2.11940859375,2.6720772949218747,2.6076583374023437,1.6328407470703123,1.7989972961425782,1.92603251953125,1.9100435668945313,3.274388488769531,1.5645048706054687,1.8145705297851564,1.5560900299072264,12.243788415527344,3.6311496459960932,1.9616069091796873,2.124067529296875,4.248102758789062,1.2274978051757812,6.216102811104911,2.1468560449218748,2.144380242919922,7.332633325195312,,2.540291214425223,,1.2834728942871094,4.49485962890625,2.5374489990234372,64.675146796875,55.09828099888393,47.033320078124994,80.103033984375,50.21190703125,42.943630078125,46.030522600446425,52.33190675223214,45.23171886160714,33.359840625,20.69315296875,35.447241796875,33.0345615234375,32.744062265625,26.061447304687498,44.9942220703125,36.8775,46.043221640625,10.837952402343749,36.55959140625,48.472175390625,38.294955,48.354162890625,49.93901015625,34.96987309570312,50.50148510742187,33.146694531250006,44.24388749999999,37.52395875,42.9327703125,40.2802857421875,49.182895019531244,49.09571015624999,62.300084765625,38.3613732421875,35.024164453125,,35.602601953124996,15.214276171875,34.882027734375,42.419527734374995,50.16252041015625,38.950308984375,38.56386708984375,34.525988671875,44.6334732421875,41.898051562499994,39.0212915625,28.9446662109375,32.864466796875,19.192067285156252,82.97076796875,47.80559742187499,48.16257890625,23.6254798828125,18.6016376953125,,,25.001328515624998,30.914598779296874,21.0771966796875,47.190489843749994,35.293548828125004,18.070550886418268,27.3078984375,18.186159570312498,44.62723916015625,18.03272724609375,47.087616796875,19.027910302734373,22.163718603515623,21.305806875000002,43.372283203125,,38.541069140625,23.1296736328125,25.424221875,45.646482421875,41.055680859375,18.0629291015625,22.581150878906247,17.233027734375,26.416351757812503,3.8350394531250003,34.786692187499995,29.875725439453124,20.67226734375,27.0301306640625,17.266180468749997,30.595794873046874,21.3636375,49.621833984374994,22.112287332589286,34.9206896484375,21.25655537109375,28.953110156250002,30.13602890625,18.4356488671875,18.53505263671875,38.415859453125,5.572897558593749,21.5985216796875,11.30395517578125,10.336926269531249,4.095854736328125,17.552816015624998,19.041382617187498,18.3399310546875,7.5140397949218745,31.274332031249997,16.3452796875,26.593621875,16.471233984375,28.0932099609375,11.445379980468749,11.26260439453125,8.54587001953125,6.523845996093749,26.456574169921875,28.046689453124998,24.269572265624998,6.570487939453124,11.955408105468749,10.320143994140624,8.21369302734375,5.668179176682693,8.72725673076923,8.67635068359375,8.209167517089844,16.45486787109375,7.645271015625,,12.7828409765625,,,21.64051640625,12.10626025390625,6.789046113281249,,7.670876440429687,9.663085044642857,9.614055487060547,7.985066038161057,10.843755234375001,11.620116123046873
475,2018-08-01,,,,,,,,,,,,,,,,,,,,,,,,,,,,,,,,,,,,,,,,,,,,,,,,,,,,,,,,,,,,,,,,,,,,,,,,,,,,,,,,,,,,,,,,,,,,,,,,,,,,,,,,,,,,,,,,,,,,,,,,,,,,,,,,,,,,,,,,,,,,,,,,,,,,,,,,,,,,,,,,,,,,,,,,,,,,,,,,,,,,,,,,,,,,,,,,,,,,,,,,,,,,,,,,,,,,,,,,,,,,,,,,,,,,,,,,,,,,,,,,,,,,,
476,2018-09-01,,,,,,,,,,,,,,,,,,,,,,,,,,,,,,,,,,,,,,,,,,,,,,,,,,,,,,,,,,,,,,,,,,,,,,,,,,,,,,,,,,,,,,,,,,,,,,,,,,,,,,,,,,,,,,,,,,,,,,,,,,,,,,,,,,,,,,,,,,,,,,,,,,,,,,,,,,,,,,,,,,,,,,,,,,,,,,,,,,,,,,,,,,,,,,,,,,,,,,,,,,,,,,,,,,,,,,,,,,,,,,,,,,,,,,,,,,,,,,,,,,,,,
477,2018-10-01,,,,,,,,,,,,,,,,,,,,,,,,,,,,,,,,,,,,,,,,,,,,,,,,,,,,,,,,,,,,,,,,,,,,,,,,,,,,,,,,,,,,,,,,,,,,,,,,,,,,,,,,,,,,,,,,,,,,,,,,,,,,,,,,,,,,,,,,,,,,,,,,,,,,,,,,,,,,,,,,,,,,,,,,,,,,,,,,,,,,,,,,,,,,,,,,,,,,,,,,,,,,,,,,,,,,,,,,,,,,,,,,,,,,,,,,,,,,,,,,,,,,,
478,2018-11-01,,,,,,,,,,,,,,,,,,,,,,,,,,,,,,,,,,,,,,,,,,,,,,,,,,,,,,,,,,,,,,,,,,,,,,,,,,,,,,,,,,,,,,,,,,,,,,,,,,,,,,,,,,,,,,,,,,,,,,,,,,,,,,,,,,,,,,,,,,,,,,,,,,,,,,,,,,,,,,,,,,,,,,,,,,,,,,,,,,,,,,,,,,,,,,,,,,,,,,,,,,,,,,,,,,,,,,,,,,,,,,,,,,,,,,,,,,,,,,,,,,,,,
479,2018-12-01,,,,,,,,,,,,,,,,,,,,,,,,,,,,,,,,,,,,,,,,,,,,,,,,,,,,,,,,,,,,,,,,,,,,,,,,,,,,,,,,,,,,,,,,,,,,,,,,,,,,,,,,,,,,,,,,,,,,,,,,,,,,,,,,,,,,,,,,,,,,,,,,,,,,,,,,,,,,,,,,,,,,,,,,,,,,,,,,,,,,,,,,,,,,,,,,,,,,,,,,,,,,,,,,,,,,,,,,,,,,,,,,,,,,,,,,,,,,,,,,,,,,,
480,2019-01-01,,,,,,,,,,,,,,,,,,,,,,,,,,,,,,,,,,,,,,,,,,,,,,,,,,,,,,,,,,,,,,,,,,,,,,,,,,,,,,,,,,,,,,,,,,,,,,,,,,,,,,,,,,,,,,,,,,,,,,,,,,,,,,,,,,,,,,,,,,,,,,,,,,,,,,,,,,,,,,,,,,,,,,,,,,,,,,,,,,,,,,,,,,,,,,,,,,,,,,,,,,,,,,,,,,,,,,,,,,,,,,,,,,,,,,,,,,,,,,,,,,,,,
481,2019-02-01,,,,,,,,,,,,,,,,,,,,,,,,,,,,,,,,,,,,,,,,,,,,,,,,,,,,,,,,,,,,,,,,,,,,,,,,,,,,,,,,,,,,,,,,,,,,,,,,,,,,,,,,,,,,,,,,,,,,,,,,,,,,,,,,,,,,,,,,,,,,,,,,,,,,,,,,,,,,,,,,,,,,,,,,,,,,,,,,,,,,,,,,,,,,,,,,,,,,,,,,,,,,,,,,,,,,,,,,,,,,,,,,,,,,,,,,,,,,,,,,,,,,,
482,2019-03-01,,,,,,,,,,,,,,,,,,,,,,,,,,,,,,,,,,,,,,,,,,,,,,,,,,,,,,,,,,,,,,,,,,,,,,,,,,,,,,,,,,,,,,,,,,,,,,,,,,,,,,,,,,,,,,,,,,,,,,,,,,,,,,,,,,,,,,,,,,,,,,,,,,,,,,,,,,,,,,,,,,,,,,,,,,,,,,,,,,,,,,,,,,,,,,,,,,,,,,,,,,,,,,,,,,,,,,,,,,,,,,,,,,,,,,,,,,,,,,,,,,,,,
483,2019-04-01,,,,,,,,,,,,,,,,,,,,,,,,,,,,,,,,,,,,,,,,,,,,,,,,,,,,,,,,,,,,,,,,,,,,,,,,,,,,,,,,,,,,,,,,,,,,,,,,,,,,,,,,,,,,,,,,,,,,,,,,,,,,,,,,,,,,,,,,,,,,,,,,,,,,,,,,,,,,,,,,,,,,,,,,,,,,,,,,,,,,,,,,,,,,,,,,,,,,,,,,,,,,,,,,,,,,,,,,,,,,,,,,,,,,,,,,,,,,,,,,,,,,,
484,2019-05-01,,,,,,,,,,,,,,,,,,,,,,,,,,,,,,,,,,,,,,,,,,,,,,,,,,,,,,,,,,,,,,,,,,,,,,,,,,,,,,,,,,,,,,,,,,,,,,,,,,,,,,,,,,,,,,,,,,,,,,,,,,,,,,,,,,,,,,,,,,,,,,,,,,,,,,,,,,,,,,,,,,,,,,,,,,,,,,,,,,,,,,,,,,,,,,,,,,,,,,,,,,,,,,,,,,,,,,,,,,,,,,,,,,,,,,,,,,,,,,,,,,,,,
485,2019-06-01,,,,,,,,,,,,,,,,,,,,,,,,,,,,,,,,,,,,,,,,,,,,,,,,,,,,,,,,,,,,,,,,,,,,,,,,,,,,,,,,,,,,,,,,,,,,,,,,,,,,,,,,,,,,,,,,,,,,,,,,,,,,,,,,,,,,,,,,,,,,,,,,,,,,,,,,,,,,,,,,,,,,,,,,,,,,,,,,,,,,,,,,,,,,,,,,,,,,,,,,,,,,,,,,,,,,,,,,,,,,,,,,,,,,,,,,,,,,,,,,,,,,,
486,2019-07-01,6.343726574707031,8.619217759486606,5.0057593505859375,14.785298437499998,5.220334204101563,7.53716044921875,7.2801087890625,8.4385378125,9.01513623046875,4.306261083984375,16.6851609375,15.768652148437498,6.038152294921875,5.845996435546875,9.55544765625,8.284635,39.6098803125,12.436628613281249,6.033386279296875,9.80019228515625,7.40008177734375,12.801631464843748,8.6520139453125,9.202021347656249,8.604871699218752,4.374129111328125,9.192905507812501,15.945675820312498,5.944619091796875,10.727566523437499,7.935306328125,8.49158771484375,32.615261015624995,5.516363583984375,8.272556191406249,24.8072930859375,13.986267363281248,5.78181638671875,13.591728808593748,5.392067376708984,7.520540075683593,4.589372753906249,17.164478540039063,4.871027526855468,14.383098632812498,5.46173359375,11.87364775390625,6.5387944335937505,,,2.6233595947265624,2.2699487548828126,2.0641055273437496,2.720975066266741,1.8953494001116071,3.4169086983816963,6.642905346679687,2.5918129185267853,5.738597942243303,4.513366720145089,4.302296316964286,5.248416577148438,2.0154526611328123,2.0991462158203125,1.6203038818359374,1.612413363647461,2.197858572823661,2.3429586181640625,1.5531338012695313,1.6599766662597655,1.784614141845703,2.9416809814453124,2.5988025146484373,2.11286630859375,2.659862658691406,2.5987471435546876,1.6197664306640625,1.7919443847656251,1.915055419921875,1.903506591796875,3.262810089111328,1.5585208374023436,1.8108355590820313,1.5504891064453126,12.18341162109375,3.6141132568359375,1.9629254003906247,2.174147000558036,4.258521606445313,1.2261023986816406,6.20576455078125,2.1000590698242187,2.149529736328125,7.3150126831054685,1.6936242553710936,2.5321515624999997,1.821074853515625,1.2774349417550221,4.482655883789062,2.4522071044921874,64.63652255859375,54.880039453125,46.8044876953125,79.4160328125,50.9136662109375,43.03940474330357,46.87272622767857,52.24318694196428,44.95442109375,32.909304296875,20.361793108258926,35.435429296875,33.0321234375,32.865373125,25.834356152343748,44.985258984375,37.03550859375,46.0335328125,10.829639606584822,36.5446669921875,48.41274566761364,38.1197373046875,48.4315734375,,34.71903896484375,50.539494140625,33.174684375,43.8328646484375,37.46197734375,42.745804900568174,40.28023828125,49.0375828125,49.4532755859375,62.29471640625,38.357105624999996,34.9677005859375,,35.6664533203125,15.1470594140625,34.823241210937496,41.95871630859375,50.126248828125,38.94023789062499,38.559309609375,34.789150634765626,44.589084609375,41.923616484374996,38.934971484375005,28.890698203124998,32.818798125,19.219121630859377,83.02772109375,48.3554583984375,47.5930013671875,23.7113546484375,18.59749453125,,,24.9445536328125,30.906937109375,20.7181810546875,46.602503173828126,35.9142957421875,18.2233212890625,27.3190927734375,18.028112500000002,44.4241552734375,17.8526840625,46.8859190625,18.925379648437502,21.9843973828125,21.249,43.3559970703125,36.041614453125,38.500668749999996,23.149821972656248,25.35036046875,45.51047015625,41.094525937499995,17.93643046875,22.50152431640625,17.17645078125,26.237486953125,3.822170874023437,34.754771953125,29.8000921875,20.6500869140625,26.94859453125,17.124448974609376,30.57750791015625,21.2393534765625,49.419490078125,21.95003953125,34.74896484375,21.245151708984373,28.6864969921875,29.945971142578124,18.36998939732143,18.490338632812502,38.396403515625,5.5579425292968745,21.594394335937498,11.281110351562498,10.337518359375,4.171329140625,17.481050809151785,19.215962109375,18.4134392578125,7.45213166015625,31.1961814453125,16.328652036830356,26.52844017857143,16.45661978236607,28.298094810267855,11.422908733258927,11.221339118303572,8.447404143415179,6.510229833984375,24.040009335937498,28.02609190848214,24.169776729910716,6.468417333984375,11.73322669921875,10.304914306640626,8.21901357421875,5.51870607421875,8.89644228515625,8.443996259765624,8.047897009277344,16.22800740234375,8.041139263916016,,12.560877166193182,,,21.353932397460937,12.0918521484375,6.5047616015625005,,7.739107470703125,9.59265357055664,9.441079848632812,7.8725051618303565,10.741198370361328,11.642970490056818
487,2019-08-01,,,,,,,,,,,,,,,,,,,,,,,,,,,,,,,,,,,,,,,,,,,,,,,,,,,,,,,,,,,,,,,,,,,,,,,,,,,,,,,,,,,,,,,,,,,,,,,,,,,,,,,,,,,,,,,,,,,,,,,,,,,,,,,,,,,,,,,,,,,,,,,,,,,,,,,,,,,,,,,,,,,,,,,,,,,,,,,,,,,,,,,,,,,,,,,,,,,,,,,,,,,,,,,,,,,,,,,,,,,,,,,,,,,,,,,,,,,,,,,,,,,,,
488,2019-09-01,,,,,,,,,,,,,,,,,,,,,,,,,,,,,,,,,,,,,,,,,,,,,,,,,,,,,,,,,,,,,,,,,,,,,,,,,,,,,,,,,,,,,,,,,,,,,,,,,,,,,,,,,,,,,,,,,,,,,,,,,,,,,,,,,,,,,,,,,,,,,,,,,,,,,,,,,,,,,,,,,,,,,,,,,,,,,,,,,,,,,,,,,,,,,,,,,,,,,,,,,,,,,,,,,,,,,,,,,,,,,,,,,,,,,,,,,,,,,,,,,,,,,
489,2019-10-01,,,,,,,,,,,,,,,,,,,,,,,,,,,,,,,,,,,,,,,,,,,,,,,,,,,,,,,,,,,,,,,,,,,,,,,,,,,,,,,,,,,,,,,,,,,,,,,,,,,,,,,,,,,,,,,,,,,,,,,,,,,,,,,,,,,,,,,,,,,,,,,,,,,,,,,,,,,,,,,,,,,,,,,,,,,,,,,,,,,,,,,,,,,,,,,,,,,,,,,,,,,,,,,,,,,,,,,,,,,,,,,,,,,,,,,,,,,,,,,,,,,,,
490,2019-11-01,,,,,,,,,,,,,,,,,,,,,,,,,,,,,,,,,,,,,,,,,,,,,,,,,,,,,,,,,,,,,,,,,,,,,,,,,,,,,,,,,,,,,,,,,,,,,,,,,,,,,,,,,,,,,,,,,,,,,,,,,,,,,,,,,,,,,,,,,,,,,,,,,,,,,,,,,,,,,,,,,,,,,,,,,,,,,,,,,,,,,,,,,,,,,,,,,,,,,,,,,,,,,,,,,,,,,,,,,,,,,,,,,,,,,,,,,,,,,,,,,,,,,
491,2019-12-01,,,,,,,,,,,,,,,,,,,,,,,,,,,,,,,,,,,,,,,,,,,,,,,,,,,,,,,,,,,,,,,,,,,,,,,,,,,,,,,,,,,,,,,,,,,,,,,,,,,,,,,,,,,,,,,,,,,,,,,,,,,,,,,,,,,,,,,,,,,,,,,,,,,,,,,,,,,,,,,,,,,,,,,,,,,,,,,,,,,,,,,,,,,,,,,,,,,,,,,,,,,,,,,,,,,,,,,,,,,,,,,,,,,,,,,,,,,,,,,,,,,,,
492,2020-01-01,,,,,,,,,,,,,,,,,,,,,,,,,,,,,,,,,,,,,,,,,,,,,,,,,,,,,,,,,,,,,,,,,,,,,,,,,,,,,,,,,,,,,,,,,,,,,,,,,,,,,,,,,,,,,,,,,,,,,,,,,,,,,,,,,,,,,,,,,,,,,,,,,,,,,,,,,,,,,,,,,,,,,,,,,,,,,,,,,,,,,,,,,,,,,,,,,,,,,,,,,,,,,,,,,,,,,,,,,,,,,,,,,,,,,,,,,,,,,,,,,,,,,
493,2020-02-01,,,,,,,,,,,,,,,,,,,,,,,,,,,,,,,,,,,,,,,,,,,,,,,,,,,,,,,,,,,,,,,,,,,,,,,,,,,,,,,,,,,,,,,,,,,,,,,,,,,,,,,,,,,,,,,,,,,,,,,,,,,,,,,,,,,,,,,,,,,,,,,,,,,,,,,,,,,,,,,,,,,,,,,,,,,,,,,,,,,,,,,,,,,,,,,,,,,,,,,,,,,,,,,,,,,,,,,,,,,,,,,,,,,,,,,,,,,,,,,,,,,,,
494,2020-03-01,,,,,,,,,,,,,,,,,,,,,,,,,,,,,,,,,,,,,,,,,,,,,,,,,,,,,,,,,,,,,,,,,,,,,,,,,,,,,,,,,,,,,,,,,,,,,,,,,,,,,,,,,,,,,,,,,,,,,,,,,,,,,,,,,,,,,,,,,,,,,,,,,,,,,,,,,,,,,,,,,,,,,,,,,,,,,,,,,,,,,,,,,,,,,,,,,,,,,,,,,,,,,,,,,,,,,,,,,,,,,,,,,,,,,,,,,,,,,,,,,,,,,
495,2020-04-01,,,,,,,,,,,,,,,,,,,,,,,,,,,,,,,,,,,,,,,,,,,,,,,,,,,,,,,,,,,,,,,,,,,,,,,,,,,,,,,,,,,,,,,,,,,,,,,,,,,,,,,,,,,,,,,,,,,,,,,,,,,,,,,,,,,,,,,,,,,,,,,,,,,,,,,,,,,,,,,,,,,,,,,,,,,,,,,,,,,,,,,,,,,,,,,,,,,,,,,,,,,,,,,,,,,,,,,,,,,,,,,,,,,,,,,,,,,,,,,,,,,,,
496,2020-05-01,,,,,,,,,,,,,,,,,,,,,,,,,,,,,,,,,,,,,,,,,,,,,,,,,,,,,,,,,,,,,,,,,,,,,,,,,,,,,,,,,,,,,,,,,,,,,,,,,,,,,,,,,,,,,,,,,,,,,,,,,,,,,,,,,,,,,,,,,,,,,,,,,,,,,,,,,,,,,,,,,,,,,,,,,,,,,,,,,,,,,,,,,,,,,,,,,,,,,,,,,,,,,,,,,,,,,,,,,,,,,,,,,,,,,,,,,,,,,,,,,,,,,
497,2020-06-01,,,,,,,,,,,,,,,,,,,,,,,,,,,,,,,,,,,,,,,,,,,,,,,,,,,,,,,,,,,,,,,,,,,,,,,,,,,,,,,,,,,,,,,,,,,,,,,,,,,,,,,,,,,,,,,,,,,,,,,,,,,,,,,,,,,,,,,,,,,,,,,,,,,,,,,,,,,,,,,,,,,,,,,,,,,,,,,,,,,,,,,,,,,,,,,,,,,,,,,,,,,,,,,,,,,,,,,,,,,,,,,,,,,,,,,,,,,,,,,,,,,,,
498,2020-07-01,6.334270877511161,8.540004638671874,4.9954745214843745,14.78840947265625,5.199938525390625,7.46525091796875,7.256420654296875,8.418681738281249,9.046972045898437,4.29156298828125,16.65896572265625,15.757874560546874,6.053263439941406,5.856353723144531,9.544973203125,8.075362609863282,38.839655126953126,12.380842749023437,6.034525927734375,9.715204577636719,7.360581719970703,12.823386877441406,8.643730737304686,9.170368835449219,7.667339172363281,4.358992926897321,9.09988692626953,15.8351958984375,5.9062731811523435,10.737998925781248,7.88186259765625,8.49957080078125,32.35518544921875,5.486370117187501,8.217216015625,24.655319140624997,13.8418775390625,5.752616308593749,13.48108003627232,5.331972985839843,7.475746398925781,4.52837817993164,17.016434252929685,4.791758862304688,14.1513013671875,5.3893244907924105,11.80650166015625,6.484862021484375,9.437797265624999,12.903802294921874,2.6058747216796876,2.2697045654296875,2.0626541259765627,2.71381482421875,1.8771587622070314,3.3953500634765623,6.6248893212890625,2.600083660333807,5.722396611328125,4.490421284179687,4.290173779296875,5.231108349609375,2.000370849609375,2.073170251464844,1.604713883972168,1.6085527954101562,2.214317263183594,2.3577827783203125,1.539562423095703,1.6576229919433594,1.778043896484375,2.9368264892578124,2.590378681640625,2.1072282275390624,2.6503851196289063,2.5930730712890626,1.6108985302734375,1.786199150390625,1.9050138720703125,1.8981744873046875,3.234430892944336,1.5529182632446288,1.8002585494995116,1.5437336007254463,12.13998626953125,3.561951533203125,1.9643125341796874,2.2222646301269533,4.25847744140625,1.2243774658203124,6.1978099609375,2.0486843701171873,2.1495544189453124,7.294541198730468,1.6832504608154297,2.52250556640625,1.8172599609375,1.2733225341796874,4.472922467912946,2.3564664027622766,64.69233558238636,54.80647518028846,46.74152131347656,78.50821640625,51.633625279017856,43.13674016335227,47.55130078125,52.261541796874994,44.810230664062495,32.4339345703125,20.166236015625,35.360068359375,33.02475,33.056253515624995,25.5304241015625,45.005160058593745,37.203979921874996,46.074969140625,10.82859755859375,36.54575859375,48.08092947443181,37.98600908203125,48.45210234375,49.9281029296875,34.416714453124996,50.455063125,33.210994282670455,43.39930510817308,37.45558376116071,42.56305400390625,40.28607421875,48.901756640624995,49.578155859374995,61.920930468749994,38.359634765624996,34.88633599759615,,35.7731537109375,15.164637890625,34.789826953125,41.512339453125,50.01946040039063,38.91530850360577,38.569037109374996,35.219655,44.422855312500005,42.20481884765625,38.735085156249994,28.816048828125,32.76299970703125,19.2274962890625,83.074728515625,48.624075,46.91115644531251,23.74868203125,18.581642138671874,,,24.895420898437497,31.218108398437497,20.56538203125,46.2509419921875,36.41260027901786,18.478718920898437,27.288737695312502,17.951459414062498,44.26474687499999,17.7392982421875,46.604813671875,18.8596669921875,21.906240066964283,21.202599525669644,43.4021315625,36.0434296875,38.46837375,23.173093359375,25.203611049107142,45.365719335937506,40.968654296875,17.672504464285712,22.57464234375,17.091014453125,26.152539257812496,3.8126122558593747,34.6945833984375,29.759261132812497,20.649724804687498,26.865398144531248,17.04068203125,30.530470078125,21.126613359375,49.211934609375,21.7582836328125,34.55592328125,21.245109609375,28.517190468749998,29.878411941964284,18.322557187500003,18.419200927734373,38.361912890625,,21.5903548828125,11.2698826171875,10.34365078125,4.212815039062501,17.385617578125,,,7.384011987304687,31.149622265625,16.308418359375,26.4593109375,16.412650195312498,28.47114404296875,11.39422880859375,11.177660156249999,8.35664970703125,6.48944912109375,22.8364330078125,27.980211181640623,24.056869921875002,6.361499330357142,11.345848571777344,10.299546888950895,8.24279619140625,5.424183576311384,8.715424687499999,8.267568670099433,7.890506025965074,15.937586239346588,8.558691552734375,,12.107315997869318,,,20.837432349917766,12.094748701171875,6.086359301757812,,7.716762421874999,9.48725170127467,9.313212216796874,7.5819726562500005,10.545051454564144,11.607264843749999
499,2020-08-01,,,,,,,,,,,,,,,,,,,,,,,,,,,,,,,,,,,,,,,,,,,,,,,,,,,,,,,,,,,,,,,,,,,,,,,,,,,,,,,,,,,,,,,,,,,,,,,,,,,,,,,,,,,,,,,,,,,,,,,,,,,,,,,,,,,,,,,,,,,,,,,,,,,,,,,,,,,,,,,,,,,,,,,,,,,,,,,,,,,,,,,,,,,,,,,,,,,,,,,,,,,,,,,,,,,,,,,,,,,,,,,,,,,,,,,,,,,,,,,,,,,,,
500,2020-09-01,,,,,,,,,,,,,,,,,,,,,,,,,,,,,,,,,,,,,,,,,,,,,,,,,,,,,,,,,,,,,,,,,,,,,,,,,,,,,,,,,,,,,,,,,,,,,,,,,,,,,,,,,,,,,,,,,,,,,,,,,,,,,,,,,,,,,,,,,,,,,,,,,,,,,,,,,,,,,,,,,,,,,,,,,,,,,,,,,,,,,,,,,,,,,,,,,,,,,,,,,,,,,,,,,,,,,,,,,,,,,,,,,,,,,,,,,,,,,,,,,,,,,
501,2020-10-01,,,,,,,,,,,,,,,,,,,,,,,,,,,,,,,,,,,,,,,,,,,,,,,,,,,,,,,,,,,,,,,,,,,,,,,,,,,,,,,,,,,,,,,,,,,,,,,,,,,,,,,,,,,,,,,,,,,,,,,,,,,,,,,,,,,,,,,,,,,,,,,,,,,,,,,,,,,,,,,,,,,,,,,,,,,,,,,,,,,,,,,,,,,,,,,,,,,,,,,,,,,,,,,,,,,,,,,,,,,,,,,,,,,,,,,,,,,,,,,,,,,,,
502,2020-11-01,,,,,,,,,,,,,,,,,,,,,,,,,,,,,,,,,,,,,,,,,,,,,,,,,,,,,,,,,,,,,,,,,,,,,,,,,,,,,,,,,,,,,,,,,,,,,,,,,,,,,,,,,,,,,,,,,,,,,,,,,,,,,,,,,,,,,,,,,,,,,,,,,,,,,,,,,,,,,,,,,,,,,,,,,,,,,,,,,,,,,,,,,,,,,,,,,,,,,,,,,,,,,,,,,,,,,,,,,,,,,,,,,,,,,,,,,,,,,,,,,,,,,
503,2020-12-01,,,,,,,,,,,,,,,,,,,,,,,,,,,,,,,,,,,,,,,,,,,,,,,,,,,,,,,,,,,,,,,,,,,,,,,,,,,,,,,,,,,,,,,,,,,,,,,,,,,,,,,,,,,,,,,,,,,,,,,,,,,,,,,,,,,,,,,,,,,,,,,,,,,,,,,,,,,,,,,,,,,,,,,,,,,,,,,,,,,,,,,,,,,,,,,,,,,,,,,,,,,,,,,,,,,,,,,,,,,,,,,,,,,,,,,,,,,,,,,,,,,,,
504,2021-01-01,,,,,,,,,,,,,,,,,,,,,,,,,,,,,,,,,,,,,,,,,,,,,,,,,,,,,,,,,,,,,,,,,,,,,,,,,,,,,,,,,,,,,,,,,,,,,,,,,,,,,,,,,,,,,,,,,,,,,,,,,,,,,,,,,,,,,,,,,,,,,,,,,,,,,,,,,,,,,,,,,,,,,,,,,,,,,,,,,,,,,,,,,,,,,,,,,,,,,,,,,,,,,,,,,,,,,,,,,,,,,,,,,,,,,,,,,,,,,,,,,,,,,
505,2021-02-01,,,,,,,,,,,,,,,,,,,,,,,,,,,,,,,,,,,,,,,,,,,,,,,,,,,,,,,,,,,,,,,,,,,,,,,,,,,,,,,,,,,,,,,,,,,,,,,,,,,,,,,,,,,,,,,,,,,,,,,,,,,,,,,,,,,,,,,,,,,,,,,,,,,,,,,,,,,,,,,,,,,,,,,,,,,,,,,,,,,,,,,,,,,,,,,,,,,,,,,,,,,,,,,,,,,,,,,,,,,,,,,,,,,,,,,,,,,,,,,,,,,,,
506,2021-03-01,,,,,,,,,,,,,,,,,,,,,,,,,,,,,,,,,,,,,,,,,,,,,,,,,,,,,,,,,,,,,,,,,,,,,,,,,,,,,,,,,,,,,,,,,,,,,,,,,,,,,,,,,,,,,,,,,,,,,,,,,,,,,,,,,,,,,,,,,,,,,,,,,,,,,,,,,,,,,,,,,,,,,,,,,,,,,,,,,,,,,,,,,,,,,,,,,,,,,,,,,,,,,,,,,,,,,,,,,,,,,,,,,,,,,,,,,,,,,,,,,,,,,
507,2021-04-01,,,,,,,,,,,,,,,,,,,,,,,,,,,,,,,,,,,,,,,,,,,,,,,,,,,,,,,,,,,,,,,,,,,,,,,,,,,,,,,,,,,,,,,,,,,,,,,,,,,,,,,,,,,,,,,,,,,,,,,,,,,,,,,,,,,,,,,,,,,,,,,,,,,,,,,,,,,,,,,,,,,,,,,,,,,,,,,,,,,,,,,,,,,,,,,,,,,,,,,,,,,,,,,,,,,,,,,,,,,,,,,,,,,,,,,,,,,,,,,,,,,,,
508,2021-05-01,,,,,,,,,,,,,,,,,,,,,,,,,,,,,,,,,,,,,,,,,,,,,,,,,,,,,,,,,,,,,,,,,,,,,,,,,,,,,,,,,,,,,,,,,,,,,,,,,,,,,,,,,,,,,,,,,,,,,,,,,,,,,,,,,,,,,,,,,,,,,,,,,,,,,,,,,,,,,,,,,,,,,,,,,,,,,,,,,,,,,,,,,,,,,,,,,,,,,,,,,,,,,,,,,,,,,,,,,,,,,,,,,,,,,,,,,,,,,,,,,,,,,
509,2021-06-01,,,,,,,,,,,,,,,,,,,,,,,,,,,,,,,,,,,,,,,,,,,,,,,,,,,,,,,,,,,,,,,,,,,,,,,,,,,,,,,,,,,,,,,,,,,,,,,,,,,,,,,,,,,,,,,,,,,,,,,,,,,,,,,,,,,,,,,,,,,,,,,,,,,,,,,,,,,,,,,,,,,,,,,,,,,,,,,,,,,,,,,,,,,,,,,,,,,,,,,,,,,,,,,,,,,,,,,,,,,,,,,,,,,,,,,,,,,,,,,,,,,,,
510,2021-07-01,6.318775244140625,8.4779947265625,4.99215234375,14.79562822265625,5.188955185546876,7.40648900390625,7.238906542968749,8.41237236328125,9.077815722656249,4.27711552734375,16.6094255859375,15.754792968750001,6.048014501953124,5.865194970703125,9.531790262276786,7.894268512834821,37.605619587053575,12.34695908203125,6.038256005859375,9.650880678013392,7.318011056082589,12.920378529575894,8.629731863839286,9.141302762276785,7.090707317243303,4.351803724888393,9.049479534040177,15.827299051339285,5.884081724330358,10.735139257812499,7.829974731445312,8.518985595703125,32.0270138671875,5.46386064453125,8.164645861816407,24.536291967773437,13.638068811035156,5.726143377685546,13.345645731026783,5.160383349609375,7.443395256696428,4.465168129185267,16.795790457589284,4.726535763113839,13.975608339843749,5.363689160156251,11.769127483258927,6.451479345703125,9.43671005859375,12.9030837890625,2.5926400634765625,2.270091796875,2.060941076660156,2.7133714233398436,1.8615744506835936,3.384646875,6.6174048339843745,2.605378271484375,5.706771240234375,4.487253599330357,4.274392602539062,5.218233984375,1.9826876403808593,2.0504472363281248,1.590935009765625,1.6057426904296874,2.21597419921875,2.367028828125,1.5303162084960937,1.6565147094726562,1.7765128234863279,2.9344449462890623,2.5818313476562498,2.1022853027343746,2.6467076293945313,2.58697265625,1.60616953125,1.7792860473632812,1.8973020263671874,1.8925282287597656,3.2131563574218744,1.5490568298339844,1.7812579833984374,1.5400264306640623,12.122366936383928,3.46831787109375,1.9703013427734375,2.2420558410644533,4.2581394140625,1.2205814208984374,6.195012597656249,2.022634130859375,2.14837119140625,7.269332080078124,1.6842501892089845,2.518340789794922,,1.270729075404576,4.466990869140625,2.2794930725097657,64.73923323317307,55.21025666852678,47.21341505408654,77.7441515625,52.302300292968745,43.18203515625,47.793403828124994,52.25342695312499,44.795560078125,32.16174653320312,20.023361216517856,35.2549177734375,33.0613013671875,33.2706357421875,25.168070654296876,45.007192968750005,37.305318515625,46.13712890625,10.826633715820313,36.521506640625,47.80598774414062,37.92600223721591,48.493205859374996,49.9299328125,34.0554265625,50.21216296875,33.1729421484375,43.042027734375004,37.35505697544642,42.42528532366071,40.297004296875,48.6716607421875,49.673248593749996,61.49582015625,38.35892661830356,34.7716627734375,23.37328037109375,35.92646015625,15.0632478515625,34.7146453125,41.20767685546875,49.94449541015625,38.95474306640625,38.58733828125,35.461346484375,44.2193923828125,,38.5028326171875,28.7621859375,32.737658203125,19.226522460937503,83.2279021875,49.027366406249996,46.623969140625,23.7538248046875,,,,24.850250976562496,31.3711359375,20.424009375,46.134735937500004,36.699739453125,18.459488085937497,27.148112182617187,17.947665625,44.12237080078125,17.683989609374997,46.3173673828125,18.833646093749998,21.842303404017855,21.12195498046875,43.35041953125,36.06043359375,38.323715625,23.3736198046875,25.0899990234375,45.260025000000006,40.753456875,17.423336718749997,22.610586181640628,17.052146015625,26.1074736328125,3.8229943359375,34.672576171875,29.767141406249998,20.661064453125,26.738141484375,16.9166560546875,30.517703320312496,21.0392490234375,48.95033102678571,21.508902622767856,34.337222879464285,21.235990781250003,28.414421015625,29.8427248828125,18.311983813476562,18.33640158691406,38.344098515625,5.54576115234375,21.5903548828125,11.266484106445311,10.345541967773437,4.251488598632813,17.35447895507812,19.46877978515625,18.579718212890626,7.33522130859375,31.1259287109375,16.30027880859375,26.417935107421876,16.38976201171875,28.5320478515625,11.3814819140625,11.1597732421875,8.29525359375,6.482290979003906,24.014921324573866,27.958198828124996,24.00781376953125,6.290429663085938,11.212023632812498,10.316144091796874,8.2614346875,5.4138556640625,8.556101318359374,8.2121916015625,7.702196421595981,15.731963281249998,8.765496763392857,,11.474043209134615,,,20.450266992187498,12.1013935546875,5.751579732840402,,7.58318740234375,9.401063127790179,9.222215888671874,7.218746471058239,10.350604373604911,11.550728560014205
511,2021-08-01,,,,,,,,,,,,,,,,,,,,,,,,,,,,,,,,,,,,,,,,,,,,,,,,,,,,,,,,,,,,,,,,,,,,,,,,,,,,,,,,,,,,,,,,,,,,,,,,,,,,,,,,,,,,,,,,,,,,,,,,,,,,,,,,,,,,,,,,,,,,,,,,,,,,,,,,,,,,,,,,,,,,,,,,,,,,,,,,,,,,,,,,,,,,,,,,,,,,,,,,,,,,,,,,,,,,,,,,,,,,,,,,,,,,,,,,,,,,,,,,,,,,,
512,2021-09-01,,,,,,,,,,,,,,,,,,,,,,,,,,,,,,,,,,,,,,,,,,,,,,,,,,,,,,,,,,,,,,,,,,,,,,,,,,,,,,,,,,,,,,,,,,,,,,,,,,,,,,,,,,,,,,,,,,,,,,,,,,,,,,,,,,,,,,,,,,,,,,,,,,,,,,,,,,,,,,,,,,,,,,,,,,,,,,,,,,,,,,,,,,,,,,,,,,,,,,,,,,,,,,,,,,,,,,,,,,,,,,,,,,,,,,,,,,,,,,,,,,,,,
513,2021-10-01,,,,,,,,,,,,,,,,,,,,,,,,,,,,,,,,,,,,,,,,,,,,,,,,,,,,,,,,,,,,,,,,,,,,,,,,,,,,,,,,,,,,,,,,,,,,,,,,,,,,,,,,,,,,,,,,,,,,,,,,,,,,,,,,,,,,,,,,,,,,,,,,,,,,,,,,,,,,,,,,,,,,,,,,,,,,,,,,,,,,,,,,,,,,,,,,,,,,,,,,,,,,,,,,,,,,,,,,,,,,,,,,,,,,,,,,,,,,,,,,,,,,,
514,2021-11-01,,,,,,,,,,,,,,,,,,,,,,,,,,,,,,,,,,,,,,,,,,,,,,,,,,,,,,,,,,,,,,,,,,,,,,,,,,,,,,,,,,,,,,,,,,,,,,,,,,,,,,,,,,,,,,,,,,,,,,,,,,,,,,,,,,,,,,,,,,,,,,,,,,,,,,,,,,,,,,,,,,,,,,,,,,,,,,,,,,,,,,,,,,,,,,,,,,,,,,,,,,,,,,,,,,,,,,,,,,,,,,,,,,,,,,,,,,,,,,,,,,,,,
515,2021-12-01,,,,,,,,,,,,,,,,,,,,,,,,,,,,,,,,,,,,,,,,,,,,,,,,,,,,,,,,,,,,,,,,,,,,,,,,,,,,,,,,,,,,,,,,,,,,,,,,,,,,,,,,,,,,,,,,,,,,,,,,,,,,,,,,,,,,,,,,,,,,,,,,,,,,,,,,,,,,,,,,,,,,,,,,,,,,,,,,,,,,,,,,,,,,,,,,,,,,,,,,,,,,,,,,,,,,,,,,,,,,,,,,,,,,,,,,,,,,,,,,,,,,,
516,2022-01-01,,,,,,,,,,,,,,,,,,,,,,,,,,,,,,,,,,,,,,,,,,,,,,,,,,,,,,,,,,,,,,,,,,,,,,,,,,,,,,,,,,,,,,,,,,,,,,,,,,,,,,,,,,,,,,,,,,,,,,,,,,,,,,,,,,,,,,,,,,,,,,,,,,,,,,,,,,,,,,,,,,,,,,,,,,,,,,,,,,,,,,,,,,,,,,,,,,,,,,,,,,,,,,,,,,,,,,,,,,,,,,,,,,,,,,,,,,,,,,,,,,,,,
517,2022-02-01,,,,,,,,,,,,,,,,,,,,,,,,,,,,,,,,,,,,,,,,,,,,,,,,,,,,,,,,,,,,,,,,,,,,,,,,,,,,,,,,,,,,,,,,,,,,,,,,,,,,,,,,,,,,,,,,,,,,,,,,,,,,,,,,,,,,,,,,,,,,,,,,,,,,,,,,,,,,,,,,,,,,,,,,,,,,,,,,,,,,,,,,,,,,,,,,,,,,,,,,,,,,,,,,,,,,,,,,,,,,,,,,,,,,,,,,,,,,,,,,,,,,,
518,2022-03-01,,,,,,,,,,,,,,,,,,,,,,,,,,,,,,,,,,,,,,,,,,,,,,,,,,,,,,,,,,,,,,,,,,,,,,,,,,,,,,,,,,,,,,,,,,,,,,,,,,,,,,,,,,,,,,,,,,,,,,,,,,,,,,,,,,,,,,,,,,,,,,,,,,,,,,,,,,,,,,,,,,,,,,,,,,,,,,,,,,,,,,,,,,,,,,,,,,,,,,,,,,,,,,,,,,,,,,,,,,,,,,,,,,,,,,,,,,,,,,,,,,,,,
519,2022-04-01,,,,,,,,,,,,,,,,,,,,,,,,,,,,,,,,,,,,,,,,,,,,,,,,,,,,,,,,,,,,,,,,,,,,,,,,,,,,,,,,,,,,,,,,,,,,,,,,,,,,,,,,,,,,,,,,,,,,,,,,,,,,,,,,,,,,,,,,,,,,,,,,,,,,,,,,,,,,,,,,,,,,,,,,,,,,,,,,,,,,,,,,,,,,,,,,,,,,,,,,,,,,,,,,,,,,,,,,,,,,,,,,,,,,,,,,,,,,,,,,,,,,,
520,2022-05-01,,,,,,,,,,,,,,,,,,,,,,,,,,,,,,,,,,,,,,,,,,,,,,,,,,,,,,,,,,,,,,,,,,,,,,,,,,,,,,,,,,,,,,,,,,,,,,,,,,,,,,,,,,,,,,,,,,,,,,,,,,,,,,,,,,,,,,,,,,,,,,,,,,,,,,,,,,,,,,,,,,,,,,,,,,,,,,,,,,,,,,,,,,,,,,,,,,,,,,,,,,,,,,,,,,,,,,,,,,,,,,,,,,,,,,,,,,,,,,,,,,,,,
521,2022-06-01,,,,,,,,,,,,,,,,,,,,,,,,,,,,,,,,,,,,,,,,,,,,,,,,,,,,,,,,,,,,,,,,,,,,,,,,,,,,,,,,,,,,,,,,,,,,,,,,,,,,,,,,,,,,,,,,,,,,,,,,,,,,,,,,,,,,,,,,,,,,,,,,,,,,,,,,,,,,,,,,,,,,,,,,,,,,,,,,,,,,,,,,,,,,,,,,,,,,,,,,,,,,,,,,,,,,,,,,,,,,,,,,,,,,,,,,,,,,,,,,,,,,,
522,2022-07-01,6.3013978515625,8.41490666015625,4.9904159179687495,14.795742773437501,5.1847154296874995,7.37681806640625,7.2313398925781245,8.408115966796874,9.1006921875,4.270533984375,16.605305859375,15.749846484374999,6.039432568359374,5.866679589843749,9.523011914062499,7.777496651785714,36.53615239955357,12.332910937499998,6.042115136718749,9.64094263392857,7.294481542968749,13.002588155691964,8.621552887834822,9.118203724888392,6.802612792968749,4.348924302455357,8.997143680245536,15.84570205078125,5.873838793945313,10.734253527832031,7.786661462402344,8.536494177246094,31.797511962890624,5.451539941406249,8.1353728125,24.49199609375,13.46205126201923,5.688582681039663,13.228219160156248,4.7838842578125,7.429120552201704,4.411351358309659,16.43911571377841,4.6798610928622155,13.878599267578124,5.34648544921875,11.7365279296875,6.424566577148437,,,2.5862117431640623,2.268052734375,2.059247296142578,2.710976220703125,1.852416474609375,3.378701623535156,6.605171484375,2.61160693359375,5.698807617187501,4.48066904296875,4.27176298828125,5.213255859375,1.978171142578125,2.0411540771484376,1.5870478271484376,1.6054935424804686,2.214276251220703,2.366191259765625,1.5269434277343747,1.6562091064453124,1.7732984436035155,2.932576208496094,2.5778509826660154,2.09916896484375,2.6428127014160157,2.58595634765625,1.6043027343749998,1.7781556640625,1.8918563232421874,1.8884828759765626,3.185370083895597,1.5462672912597657,1.7600385498046875,1.5425397399902343,12.122522680664062,3.3870782692649146,1.9758292702414773,2.2585236877441406,4.263573295898437,1.218588006591797,6.190967999267578,2.0105474487304686,2.1490015869140624,7.246127142333984,1.6855656058175223,2.5164845348011364,1.814089013671875,1.2662569006347657,4.46143892211914,2.2307146820068358,64.540603125,55.87802194602273,47.719510156249996,77.40790312499999,52.676411132812504,43.30821821986607,47.86691015624999,52.230779296875,44.79699374999999,32.0562515625,19.9577865234375,35.235270703124996,33.091769531249994,33.51515273437499,25.052309033203123,45.009439453125,37.369715625,46.122473671875,10.817102197265624,36.56945390625,47.50742658691406,37.90062908653846,48.5550703125,49.9387359375,33.78151657366072,49.92238125,33.082633300781254,42.806787890624996,37.318095703124996,42.41555771484375,40.30078359375,48.5196416015625,49.709851171875,61.099375781250004,38.344453124999994,34.7200734375,23.355984375,35.9729390625,14.939296582031249,34.669761328125,41.020537499999996,49.8749736328125,38.996208398437496,38.590435546875,35.570267578125,44.021981249999996,42.410506640625,38.3019162890625,,,19.219103236607143,83.24448046875,49.30742109375,46.5304447265625,23.76072509765625,18.571306054687497,,,24.825216210937498,31.448087109375,20.316465087890624,46.082612109375,36.79532578125,18.441773085937502,27.000980859374998,17.990076093749998,43.990283203124996,17.6174619140625,46.10876748046875,18.834608935546875,21.789912304687498,21.1081833984375,43.334944921875,36.054358593749996,38.1405343359375,23.6275763671875,24.97487185546875,45.1091555859375,40.4595675,17.274313125,22.724147460937502,17.05956134765625,26.167068217329543,3.9097981933593746,34.60172183948863,29.756129765624998,20.66105302734375,26.571591796874998,16.841369970703123,30.489961376953126,21.00445927734375,48.772037109375,21.315687011718747,34.186760742187495,21.23551494140625,28.325772509765624,29.856521337890623,18.305441015624996,18.244798681640624,38.334202734375,5.5394578125,21.594510351562498,11.26290673828125,10.34740458984375,4.260864111328125,17.33849296875,19.5669123046875,18.65321015625,7.31776552734375,31.091915625,16.3010654296875,26.4053970703125,16.3752978515625,28.569607031249998,11.369559375,11.14935029296875,8.277096972656249,6.479787744140625,25.482302678571426,27.95229755859375,23.9588419921875,6.255440947265624,11.18415181640625,10.333687939453124,8.271665551757813,5.414875676618303,8.6014695703125,8.254991015625,7.5850527573529405,15.672065944602274,8.637037316894531,14.061678662109374,10.898026925223215,15.624804199218751,,20.24921626674107,12.127222105823863,5.604189568014705,,7.385341073330966,9.410215594482422,9.288162534877232,6.792651427283654,10.182477667236327,11.517096013849432
523,2022-08-01,,,,,,,,,,,,,,,,,,,,,,,,,,,,,,,,,,,,,,,,,,,,,,,,,,,,,,,,,,,,,,,,,,,,,,,,,,,,,,,,,,,,,,,,,,,,,,,,,,,,,,,,,,,,,,,,,,,,,,,,,,,,,,,,,,,,,,,,,,,,,,,,,,,,,,,,,,,,,,,,,,,,,,,,,,,,,,,,,,,,,,,,,,,,,,,,,,,,,,,,,,,,,,,,,,,,,,,,,,,,,,,,,,,,,,,,,,,,,,,,,,,,,
524,2022-09-01,,,,,,,,,,,,,,,,,,,,,,,,,,,,,,,,,,,,,,,,,,,,,,,,,,,,,,,,,,,,,,,,,,,,,,,,,,,,,,,,,,,,,,,,,,,,,,,,,,,,,,,,,,,,,,,,,,,,,,,,,,,,,,,,,,,,,,,,,,,,,,,,,,,,,,,,,,,,,,,,,,,,,,,,,,,,,,,,,,,,,,,,,,,,,,,,,,,,,,,,,,,,,,,,,,,,,,,,,,,,,,,,,,,,,,,,,,,,,,,,,,,,,
525,2022-10-01,,,,,,,,,,,,,,,,,,,,,,,,,,,,,,,,,,,,,,,,,,,,,,,,,,,,,,,,,,,,,,,,,,,,,,,,,,,,,,,,,,,,,,,,,,,,,,,,,,,,,,,,,,,,,,,,,,,,,,,,,,,,,,,,,,,,,,,,,,,,,,,,,,,,,,,,,,,,,,,,,,,,,,,,,,,,,,,,,,,,,,,,,,,,,,,,,,,,,,,,,,,,,,,,,,,,,,,,,,,,,,,,,,,,,,,,,,,,,,,,,,,,,
526,2022-11-01,,,,,,,,,,,,,,,,,,,,,,,,,,,,,,,,,,,,,,,,,,,,,,,,,,,,,,,,,,,,,,,,,,,,,,,,,,,,,,,,,,,,,,,,,,,,,,,,,,,,,,,,,,,,,,,,,,,,,,,,,,,,,,,,,,,,,,,,,,,,,,,,,,,,,,,,,,,,,,,,,,,,,,,,,,,,,,,,,,,,,,,,,,,,,,,,,,,,,,,,,,,,,,,,,,,,,,,,,,,,,,,,,,,,,,,,,,,,,,,,,,,,,
527,2022-12-01,,,,,,,,,,,,,,,,,,,,,,,,,,,,,,,,,,,,,,,,,,,,,,,,,,,,,,,,,,,,,,,,,,,,,,,,,,,,,,,,,,,,,,,,,,,,,,,,,,,,,,,,,,,,,,,,,,,,,,,,,,,,,,,,,,,,,,,,,,,,,,,,,,,,,,,,,,,,,,,,,,,,,,,,,,,,,,,,,,,,,,,,,,,,,,,,,,,,,,,,,,,,,,,,,,,,,,,,,,,,,,,,,,,,,,,,,,,,,,,,,,,,,
528,2023-01-01,,,,,,,,,,,,,,,,,,,,,,,,,,,,,,,,,,,,,,,,,,,,,,,,,,,,,,,,,,,,,,,,,,,,,,,,,,,,,,,,,,,,,,,,,,,,,,,,,,,,,,,,,,,,,,,,,,,,,,,,,,,,,,,,,,,,,,,,,,,,,,,,,,,,,,,,,,,,,,,,,,,,,,,,,,,,,,,,,,,,,,,,,,,,,,,,,,,,,,,,,,,,,,,,,,,,,,,,,,,,,,,,,,,,,,,,,,,,,,,,,,,,,
529,2023-02-01,,,,,,,,,,,,,,,,,,,,,,,,,,,,,,,,,,,,,,,,,,,,,,,,,,,,,,,,,,,,,,,,,,,,,,,,,,,,,,,,,,,,,,,,,,,,,,,,,,,,,,,,,,,,,,,,,,,,,,,,,,,,,,,,,,,,,,,,,,,,,,,,,,,,,,,,,,,,,,,,,,,,,,,,,,,,,,,,,,,,,,,,,,,,,,,,,,,,,,,,,,,,,,,,,,,,,,,,,,,,,,,,,,,,,,,,,,,,,,,,,,,,,
530,2023-03-01,,,,,,,,,,,,,,,,,,,,,,,,,,,,,,,,,,,,,,,,,,,,,,,,,,,,,,,,,,,,,,,,,,,,,,,,,,,,,,,,,,,,,,,,,,,,,,,,,,,,,,,,,,,,,,,,,,,,,,,,,,,,,,,,,,,,,,,,,,,,,,,,,,,,,,,,,,,,,,,,,,,,,,,,,,,,,,,,,,,,,,,,,,,,,,,,,,,,,,,,,,,,,,,,,,,,,,,,,,,,,,,,,,,,,,,,,,,,,,,,,,,,,
531,2023-04-01,,,,,,,,,,,,,,,,,,,,,,,,,,,,,,,,,,,,,,,,,,,,,,,,,,,,,,,,,,,,,,,,,,,,,,,,,,,,,,,,,,,,,,,,,,,,,,,,,,,,,,,,,,,,,,,,,,,,,,,,,,,,,,,,,,,,,,,,,,,,,,,,,,,,,,,,,,,,,,,,,,,,,,,,,,,,,,,,,,,,,,,,,,,,,,,,,,,,,,,,,,,,,,,,,,,,,,,,,,,,,,,,,,,,,,,,,,,,,,,,,,,,,
532,2023-05-01,,,,,,,,,,,,,,,,,,,,,,,,,,,,,,,,,,,,,,,,,,,,,,,,,,,,,,,,,,,,,,,,,,,,,,,,,,,,,,,,,,,,,,,,,,,,,,,,,,,,,,,,,,,,,,,,,,,,,,,,,,,,,,,,,,,,,,,,,,,,,,,,,,,,,,,,,,,,,,,,,,,,,,,,,,,,,,,,,,,,,,,,,,,,,,,,,,,,,,,,,,,,,,,,,,,,,,,,,,,,,,,,,,,,,,,,,,,,,,,,,,,,,
533,2023-06-01,,,,,,,,,,,,,,,,,,,,,,,,,,,,,,,,,,,,,,,,,,,,,,,,,,,,,,,,,,,,,,,,,,,,,,,,,,,,,,,,,,,,,,,,,,,,,,,,,,,,,,,,,,,,,,,,,,,,,,,,,,,,,,,,,,,,,,,,,,,,,,,,,,,,,,,,,,,,,,,,,,,,,,,,,,,,,,,,,,,,,,,,,,,,,,,,,,,,,,,,,,,,,,,,,,,,,,,,,,,,,,,,,,,,,,,,,,,,,,,,,,,,,
534,2023-07-01,6.285976464843749,8.380285400390624,4.98996650390625,14.7948802734375,5.180806933593749,7.372799707031249,7.22666484375,8.408477416992188,9.109685302734375,4.2682921875,16.591030664062497,15.73750810546875,6.028671533203125,5.869116979980468,9.522969873046875,7.7302613671875,35.899787109375,12.319822265625,6.038286474609375,9.661095849609374,7.2885723046875,13.0335673828125,8.6173072265625,9.095075390625,6.708530126953125,4.3479144140625,8.9823375,15.8675164453125,5.868274570312499,10.74127060546875,7.766907965959821,8.548177807617186,31.668662695312502,5.445550305175781,8.121881689453124,24.485807812500003,13.370519091796874,5.6584782226562504,13.16861396484375,4.500962329101562,7.416849169921875,4.382763636997768,16.226339815848213,4.655877978515625,13.841864428710936,5.33856884765625,11.709299707031251,6.41085703125,9.43424296875,12.905898046875,2.5806039697265626,2.2666848046875,2.0579704650878905,2.723398022460937,1.8454545318603515,3.3738803579477166,6.5956398925781246,2.6258090726412258,5.699142846679687,4.482885673828124,4.26761525390625,5.208626953125,1.976495947265625,2.0379046874999998,1.5866631591796876,1.605408837890625,2.21479189453125,2.366478955078125,1.5255620178222655,1.6555216552734375,1.7718901611328122,2.931877221679687,2.5757285888671873,2.0966953124999996,2.6424635742187497,2.58553330078125,1.602896337890625,1.777314990234375,1.8887830810546875,1.8855848876953125,3.1666843505859372,1.5462452636718749,1.7348187634277346,1.5440977111816405,12.115957851562499,3.3366643725585936,1.9794769287109375,2.2752511083984372,4.269773803710938,1.2171322595214842,6.191533677455358,2.005463635253906,2.1429418579101562,7.23681309814453,1.6896984741210936,2.5127273144531252,,1.263767449951172,4.458461748046875,2.211131414794922,64.4653388671875,56.3136484375,47.9199125390625,77.249126953125,52.754450390625,43.36447421875,47.84260078125,52.270934765625,44.794381640625,31.9995685546875,19.9434638671875,35.17049129464285,33.09358515624999,33.709132177734375,25.098875859375,45.005234765625005,37.4140494140625,46.091998828125,10.8167115234375,36.57117606026786,47.375728515625,37.894917578124996,48.55500263671875,49.9466390625,33.72150234375,49.66515095880682,33.04384734375,42.71000775669643,37.3103409375,42.41146193181818,40.293758671875004,48.45067265625,49.72467515625,60.993351562499996,38.334079687499994,34.6984425,23.3629119140625,36.010838671875,14.862472998046876,34.64779921875,40.87987646484375,49.800505078125,39.017480859375,38.590391601562494,35.61037350852273,43.86059296875,42.49457666015625,38.177305078124995,28.754694140625002,32.729342578125,19.216965234375,,49.44279638671875,46.482697265625,23.76610751953125,18.5543806640625,,,24.8194986328125,31.459445507812497,20.2949279296875,46.0665333984375,36.8453408203125,18.3852622265625,26.89704426269531,18.019363842773437,43.89321143973215,17.5747517578125,46.001392734374996,18.841402265625,21.7759693359375,21.1083287109375,43.324132031249995,36.067398046875,38.027623359375,23.79136787109375,24.8898455859375,45.00436640625,40.224859570312496,17.195842617187502,22.82912841796875,17.082002343750002,26.196129052734374,3.9625042236328123,34.57806943359375,29.7448447265625,20.673933147321428,26.4129509765625,16.780883862304687,30.453789676339284,20.968466183035712,48.707604687499995,21.2356529296875,34.1044609375,21.227337890624998,28.29601904296875,29.863327399553572,18.3088705078125,18.2046926953125,38.33450859375,,21.5903548828125,,,4.260858618164063,17.328463769531247,19.5841212890625,18.674163281250003,7.313474926757812,31.077509765625,16.3010654296875,26.403480175781247,16.3752978515625,28.5878689453125,11.367523828125,11.146538232421875,8.270424755859375,,26.0288068359375,27.94790390625,23.95270810546875,6.246473950195313,11.173583935546874,10.34260400390625,8.2764298828125,5.4140578125,8.62088876953125,8.347236801382211,7.573050723805146,15.62609116908482,8.33483583984375,14.05453798828125,10.559256711647727,15.6110712890625,,20.162699560546873,12.1384369140625,5.538942902688419,,7.290753607177734,9.521362928185095,9.313906567382812,6.376309094238281,9.98427066127232,11.49473609095982
535,2023-08-01,,,,,,,,,,,,,,,,,,,,,,,,,,,,,,,,,,,,,,,,,,,,,,,,,,,,,,,,,,,,,,,,,,,,,,,,,,,,,,,,,,,,,,,,,,,,,,,,,,,,,,,,,,,,,,,,,,,,,,,,,,,,,,,,,,,,,,,,,,,,,,,,,,,,,,,,,,,,,,,,,,,,,,,,,,,,,,,,,,,,,,,,,,,,,,,,,,,,,,,,,,,,,,,,,,,,,,,,,,,,,,,,,,,,,,,,,,,,,,,,,,,,,
536,2023-09-01,,,,,,,,,,,,,,,,,,,,,,,,,,,,,,,,,,,,,,,,,,,,,,,,,,,,,,,,,,,,,,,,,,,,,,,,,,,,,,,,,,,,,,,,,,,,,,,,,,,,,,,,,,,,,,,,,,,,,,,,,,,,,,,,,,,,,,,,,,,,,,,,,,,,,,,,,,,,,,,,,,,,,,,,,,,,,,,,,,,,,,,,,,,,,,,,,,,,,,,,,,,,,,,,,,,,,,,,,,,,,,,,,,,,,,,,,,,,,,,,,,,,,
537,2023-10-01,,,,,,,,,,,,,,,,,,,,,,,,,,,,,,,,,,,,,,,,,,,,,,,,,,,,,,,,,,,,,,,,,,,,,,,,,,,,,,,,,,,,,,,,,,,,,,,,,,,,,,,,,,,,,,,,,,,,,,,,,,,,,,,,,,,,,,,,,,,,,,,,,,,,,,,,,,,,,,,,,,,,,,,,,,,,,,,,,,,,,,,,,,,,,,,,,,,,,,,,,,,,,,,,,,,,,,,,,,,,,,,,,,,,,,,,,,,,,,,,,,,,,
538,2023-11-01,,,,,,,,,,,,,,,,,,,,,,,,,,,,,,,,,,,,,,,,,,,,,,,,,,,,,,,,,,,,,,,,,,,,,,,,,,,,,,,,,,,,,,,,,,,,,,,,,,,,,,,,,,,,,,,,,,,,,,,,,,,,,,,,,,,,,,,,,,,,,,,,,,,,,,,,,,,,,,,,,,,,,,,,,,,,,,,,,,,,,,,,,,,,,,,,,,,,,,,,,,,,,,,,,,,,,,,,,,,,,,,,,,,,,,,,,,,,,,,,,,,,,
539,2023-12-01,,,,,,,,,,,,,,,,,,,,,,,,,,,,,,,,,,,,,,,,,,,,,,,,,,,,,,,,,,,,,,,,,,,,,,,,,,,,,,,,,,,,,,,,,,,,,,,,,,,,,,,,,,,,,,,,,,,,,,,,,,,,,,,,,,,,,,,,,,,,,,,,,,,,,,,,,,,,,,,,,,,,,,,,,,,,,,,,,,,,,,,,,,,,,,,,,,,,,,,,,,,,,,,,,,,,,,,,,,,,,,,,,,,,,,,,,,,,,,,,,,,,,
540,2024-01-01,,,,,,,,,,,,,,,,,,,,,,,,,,,,,,,,,,,,,,,,,,,,,,,,,,,,,,,,,,,,,,,,,,,,,,,,,,,,,,,,,,,,,,,,,,,,,,,,,,,,,,,,,,,,,,,,,,,,,,,,,,,,,,,,,,,,,,,,,,,,,,,,,,,,,,,,,,,,,,,,,,,,,,,,,,,,,,,,,,,,,,,,,,,,,,,,,,,,,,,,,,,,,,,,,,,,,,,,,,,,,,,,,,,,,,,,,,,,,,,,,,,,,
